Column1,age,gender,employment_status,annual_income,account_age_months,avg_monthly_balance,num_deposits_per_month,avg_deposit_amount,debit_card_usage_frequency,debit_card_spending,mobile_banking_logins,online_transfer_frequency,atm_withdrawal_frequency,credit_score,num_open_loans,total_outstanding_debt,late_payment_count,loan_default_history,fraud_flag,loan_application_amount,credit_risk,risk_category
CUST_00000,58,Male,Unemployed,58137.75119,115,524.6794072,1,171.3423693,49,768.8775106,9,16,1,539,5,14435.42344,2,0,0,15510.57688,1,High Risk
CUST_00001,48,Male,Self-Employed,26174.92283,32,2635.203357,1,985.6071638,1,580.2877855,9,1,2,494,5,11263.09934,2,0,0,14819.4365,1,High Risk
CUST_00002,34,Other,Unemployed,75566.83726,14,2334.341061,9,994.3101191,42,564.0135083,36,5,6,437,3,15017.14413,5,0,0,10909.80651,1,High Risk
CUST_00003,62,Male,Self-Employed,35197.96152,179,2425.384332,10,366.1153462,4,838.4892001,31,7,7,809,1,12626.13848,2,0,0,500.0,0,Low Risk
CUST_00004,27,Female,Self-Employed,12136.99835,225,10.0,8,786.7522582,16,462.4955217,35,16,3,522,1,13576.70432,4,0,0,9514.591618,1,High Risk
CUST_00005,40,Male,Employed,76906.8122,84,1260.654535,2,227.1102552,36,0.0,63,5,7,727,4,1267.32832,2,0,0,5424.024525,0,Low Risk
CUST_00006,58,Female,Employed,14485.73,48,1437.594031,3,20.0,34,633.5891118,14,11,0,754,1,13356.38807,2,1,0,9004.582223,1,High Risk
CUST_00007,38,Female,Employed,67355.21792,173,1959.997183,0,426.2433206,7,788.1864962,72,15,2,307,5,18254.85357,5,0,0,12632.80558,1,High Risk
CUST_00008,42,Female,Employed,62980.15138,132,2220.699649,0,584.1812702,42,618.8137475,15,5,3,515,3,8376.686391,7,0,0,9538.756785,1,High Risk
CUST_00009,30,Female,Self-Employed,55751.97382,99,2527.700512,3,1025.489663,2,180.2633049,45,1,4,583,1,17976.62692,6,0,0,2896.670257,1,High Risk
CUST_00010,30,Female,Unemployed,40590.05093,205,10.0,1,823.5928298,2,339.6421316,43,2,8,792,3,9880.319694,7,0,0,1746.599577,1,High Risk
CUST_00011,43,Male,Employed,59050.3513,228,858.9596148,7,832.7409108,0,465.1530036,75,8,1,738,4,8443.458283,4,0,0,4463.366992,1,High Risk
CUST_00012,55,Female,Employed,68872.72773,82,1546.239071,3,444.9524319,23,169.3592196,34,18,6,622,3,8582.816403,7,0,0,7550.937632,1,High Risk
CUST_00013,59,Male,Employed,32255.41106,56,2163.599239,2,614.4960436,44,355.8830135,50,9,2,712,4,5874.614219,2,1,0,14161.10884,1,High Risk
CUST_00014,43,Female,Unemployed,67574.72611,37,2141.449373,2,474.5256865,29,848.7020914,57,12,9,516,4,12430.79265,7,1,0,9194.054818,1,High Risk
CUST_00015,22,Other,Employed,66755.74121,54,1879.921994,5,371.2590975,41,251.391876,4,19,1,444,4,8255.800432,0,0,0,7444.202191,1,High Risk
CUST_00016,41,Female,Unemployed,55274.91964,163,990.3513266,11,592.2052006,25,425.7545002,37,12,8,473,0,8715.404236,6,0,0,7078.837921,1,High Risk
CUST_00017,21,Other,Self-Employed,40316.45219,215,1092.159448,5,826.0793348,37,679.1594129,5,19,2,569,5,7894.2206,0,1,0,7138.065141,1,High Risk
CUST_00018,43,Female,Self-Employed,66838.23257,86,996.4409571,5,599.5765182,42,97.58929834,50,14,7,328,2,13962.75257,6,0,0,11803.2873,1,High Risk
CUST_00019,63,Female,Self-Employed,59149.63321,74,715.1571758,5,686.7740657,39,838.9937704,13,12,0,519,5,4405.487786,1,0,0,3263.428888,1,High Risk
CUST_00020,49,Female,Unemployed,31712.72606,181,703.9534872,7,1043.220184,42,345.574854,47,12,4,800,3,15552.93244,0,0,0,13131.61238,0,Low Risk
CUST_00021,57,Other,Employed,43387.59544,28,627.4454042,7,624.7359535,37,236.7337324,11,5,4,348,5,15012.57865,6,0,0,11347.38489,1,High Risk
CUST_00022,21,Other,Employed,64742.98889,227,1768.76011,8,333.1116792,43,846.9348249,51,17,5,301,1,15050.56721,4,0,0,6797.594952,1,High Risk
CUST_00023,40,Female,Employed,52062.45111,192,1599.464387,0,997.2087326,49,717.9409141,67,6,6,369,2,6116.489173,2,0,0,20297.20384,1,High Risk
CUST_00024,52,Male,Employed,69547.6921,63,758.5706134,9,893.047377,2,243.78334,58,2,2,345,5,13431.51149,1,1,0,12621.27452,1,High Risk
CUST_00025,31,Female,Employed,43850.35948,156,130.8138758,7,915.0308244,12,404.5868849,17,0,4,362,2,19820.93916,7,0,0,7159.780673,1,High Risk
CUST_00026,41,Other,Unemployed,32001.88474,39,1204.533393,4,1019.04353,35,570.8969838,52,11,7,791,5,4753.954813,3,0,0,11450.36071,0,Low Risk
CUST_00027,63,Female,Self-Employed,89484.84708,160,2684.044418,2,959.8245346,40,418.2561335,30,4,5,796,0,13086.624,5,0,1,6620.857941,1,High Risk
CUST_00028,44,Other,Employed,19743.88851,97,1504.834609,10,810.0550424,47,821.0924706,34,10,1,326,3,5315.628446,5,1,0,4638.901975,1,High Risk
CUST_00029,68,Other,Self-Employed,41002.88725,227,2140.061411,9,1637.008432,11,715.8259853,3,11,6,490,3,10359.46382,3,1,0,5798.436894,1,High Risk
CUST_00030,46,Other,Unemployed,55035.46401,13,1644.036759,2,350.2609388,19,0.0,8,15,2,527,1,11804.50836,0,1,0,7969.752727,1,High Risk
CUST_00031,61,Female,Unemployed,67749.51005,183,1453.492244,5,594.7539525,38,293.4279482,14,0,9,523,0,8200.094266,1,1,0,500.0,1,High Risk
CUST_00032,47,Other,Employed,61636.08863,43,321.5584894,7,1138.567028,43,364.9628838,41,17,8,594,5,7496.444662,3,0,0,1676.739746,0,Low Risk
CUST_00033,35,Other,Unemployed,91602.66209,135,1174.652,9,849.9052022,7,382.3933595,58,0,3,357,5,13536.57575,3,1,0,9789.85785,1,High Risk
CUST_00034,34,Female,Self-Employed,47883.22785,68,1072.16952,1,1065.273062,46,611.509654,72,4,3,828,5,5939.110747,3,0,0,6248.233599,0,Low Risk
CUST_00035,66,Other,Employed,34286.3013,143,2684.974888,11,859.4147503,1,783.6964863,31,3,3,795,5,15098.83402,0,0,0,16900.13441,0,Low Risk
CUST_00036,63,Female,Employed,46045.47156,193,1646.576524,8,1280.919793,10,339.8630196,79,0,9,337,2,22449.66327,0,0,0,11015.15145,1,High Risk
CUST_00037,22,Other,Self-Employed,44240.42247,212,2522.02863,4,447.3712005,20,218.2816405,44,14,9,397,5,4332.950156,1,0,0,9977.349568,1,High Risk
CUST_00038,56,Male,Employed,48770.68735,220,2401.957142,4,1269.860961,36,419.0101828,4,4,7,357,3,3973.24898,0,0,0,10154.64749,1,High Risk
CUST_00039,26,Male,Employed,32315.21379,155,823.2687677,0,1209.848773,5,0.0,30,6,0,646,0,2906.521651,0,0,0,7187.407597,0,Low Risk
CUST_00040,40,Other,Self-Employed,64113.00869,174,1500.927651,5,376.39881,18,674.2171422,24,16,2,828,4,9142.172214,4,0,0,11272.49023,1,High Risk
CUST_00041,28,Male,Employed,56674.94377,144,2847.902878,10,1020.732893,29,468.6988462,55,19,7,834,3,17148.46534,0,1,0,7763.330488,1,High Risk
CUST_00042,58,Female,Employed,27250.14508,71,1950.543381,10,784.9360237,45,396.326887,0,5,6,781,5,17686.79885,1,0,0,9511.152336,0,Low Risk
CUST_00043,37,Male,Self-Employed,67424.45137,61,1902.175171,4,587.6962933,38,554.6877971,60,12,5,512,2,14527.71639,0,0,0,6974.85591,1,High Risk
CUST_00044,23,Other,Unemployed,35393.33233,186,2230.864865,6,138.9832836,43,270.5777126,66,14,6,447,4,13202.32047,5,0,0,13344.37293,1,High Risk
CUST_00045,44,Other,Self-Employed,28709.32096,236,1884.304894,6,446.2152151,48,412.4638692,66,6,0,395,4,19654.80509,5,0,0,4454.642169,1,High Risk
CUST_00046,33,Female,Employed,51571.91667,182,1937.084103,3,1047.839249,35,330.4091351,41,6,7,759,5,9064.146932,0,0,0,500.0,0,Low Risk
CUST_00047,69,Other,Self-Employed,18358.81791,68,1741.688377,4,1084.844444,19,26.51902295,58,12,3,559,4,15352.62136,4,0,0,5803.902,1,High Risk
CUST_00048,28,Female,Employed,60611.0549,70,1228.194318,9,726.2513318,9,498.323707,49,3,0,372,5,23912.00502,5,1,0,14867.53584,1,High Risk
CUST_00049,45,Male,Employed,10000.0,14,653.5272606,7,1085.9448,23,1129.427631,76,17,3,630,2,19403.47488,1,0,0,11758.50719,0,Low Risk
CUST_00050,21,Male,Self-Employed,31471.47158,205,14.43897818,1,1130.841027,32,506.9851403,33,7,1,348,0,5274.656546,5,0,0,13322.55961,1,High Risk
CUST_00051,39,Female,Employed,78352.47178,70,1236.499923,0,854.1239855,28,306.7082328,67,18,4,521,3,8525.446208,3,0,0,8614.72119,1,High Risk
CUST_00052,47,Female,Unemployed,37640.13423,173,1849.283503,5,547.1832317,29,514.2127152,53,15,0,664,0,24203.04352,4,0,0,8623.367848,1,High Risk
CUST_00053,66,Other,Employed,40791.46631,75,1690.856874,10,954.3689395,35,226.2977652,13,19,0,804,5,8546.309329,7,0,1,5236.362981,1,High Risk
CUST_00054,26,Male,Self-Employed,72925.97097,204,2008.729134,3,970.4446477,44,350.8062433,31,17,4,331,2,21590.56661,7,0,0,5450.289861,1,High Risk
CUST_00055,63,Female,Unemployed,35728.45511,221,1399.165066,9,1035.880537,5,393.5240077,69,15,1,839,1,9409.946026,0,0,0,8139.724229,0,Low Risk
CUST_00056,27,Male,Unemployed,63741.88727,8,3677.600075,2,1102.891145,46,361.297237,7,15,8,336,5,10806.22247,2,0,0,8097.260598,1,High Risk
CUST_00057,66,Female,Employed,71135.38697,17,3121.805768,6,323.2423998,13,426.5302287,34,1,9,478,3,6492.910605,7,0,0,7553.433297,1,High Risk
CUST_00058,54,Male,Self-Employed,58613.54565,44,285.9238341,7,621.5247641,2,672.6991303,23,13,6,356,3,7516.90487,4,0,0,9353.688898,1,High Risk
CUST_00059,33,Other,Employed,23991.84819,33,2025.207041,10,135.482529,23,398.3306131,2,18,3,635,5,10827.52888,7,0,0,6074.301162,1,High Risk
CUST_00060,36,Male,Employed,39128.25453,216,2275.02034,11,1061.448613,18,425.9758332,35,15,6,795,1,13107.26034,4,1,0,9807.91324,1,High Risk
CUST_00061,55,Male,Self-Employed,98845.156,183,10.0,3,725.6909932,37,20.6513253,50,3,7,883,4,9584.531029,1,0,0,13904.65484,0,Low Risk
CUST_00062,69,Male,Self-Employed,41170.57425,8,1633.507353,11,950.7849247,33,169.3152285,56,12,7,494,3,16201.40823,3,0,0,17101.29517,1,High Risk
CUST_00063,59,Male,Employed,103753.9288,35,1913.532124,11,283.5124381,8,520.3610017,58,7,7,302,3,9598.065252,3,1,0,4847.49965,1,High Risk
CUST_00064,23,Male,Unemployed,80761.35294,159,1495.502645,9,1290.343297,29,785.4426975,21,2,4,501,5,0.0,3,0,0,13490.13262,1,High Risk
CUST_00065,21,Other,Employed,59343.25171,23,1808.77902,11,381.9812924,31,452.9232584,36,2,6,490,3,10754.95382,4,0,0,11568.33372,1,High Risk
CUST_00066,25,Female,Unemployed,55350.2169,126,1563.250774,10,1071.097157,12,481.542787,74,4,6,506,2,9159.705592,2,0,0,13474.53795,1,High Risk
CUST_00067,61,Male,Employed,41633.17961,184,2062.063568,10,841.2825598,17,145.2940338,11,10,1,410,1,20924.26189,1,0,0,17049.3486,1,High Risk
CUST_00068,23,Other,Self-Employed,48399.57336,186,2738.673863,5,733.6950279,43,294.8440554,20,12,2,646,3,17375.27238,2,0,0,14846.55719,0,Low Risk
CUST_00069,48,Male,Unemployed,37602.96518,96,2116.465363,10,705.4439627,21,559.5675059,14,1,1,805,5,17960.05668,3,0,0,2470.350137,0,Low Risk
CUST_00070,37,Male,Self-Employed,48854.72473,151,2440.249944,10,576.6779467,3,800.6855638,11,5,2,862,1,16215.8163,4,0,0,8373.327047,1,High Risk
CUST_00071,45,Female,Self-Employed,25480.49196,102,654.0647003,1,1253.318662,22,550.2660377,55,6,8,433,4,14635.00641,3,0,0,4431.337423,1,High Risk
CUST_00072,63,Male,Self-Employed,24516.12176,57,3121.938708,7,804.414492,6,467.195266,15,3,6,580,3,14616.46926,7,0,0,9154.620045,1,High Risk
CUST_00073,53,Other,Self-Employed,73418.28193,188,1751.941375,5,355.7724644,43,564.6047759,32,8,3,525,0,17537.85313,2,1,0,17322.46682,1,High Risk
CUST_00074,29,Other,Self-Employed,20978.42475,66,1187.547153,10,665.6139293,10,247.2837153,42,17,7,837,5,15480.48424,3,0,0,11215.45263,0,Low Risk
CUST_00075,55,Female,Employed,65950.48676,88,1832.304429,8,844.9186595,38,267.1341331,48,13,6,515,0,8837.981218,0,0,0,8528.598262,1,High Risk
CUST_00076,33,Male,Unemployed,15901.12047,176,1064.310439,10,1114.231849,41,442.2575761,77,5,9,891,5,3508.375579,1,1,0,4664.144854,1,High Risk
CUST_00077,50,Other,Employed,61333.47685,214,1610.458133,5,588.3830978,40,211.1889607,17,19,5,591,0,680.2852775,2,0,0,6608.985828,0,Low Risk
CUST_00078,67,Male,Employed,46263.48179,24,1740.898808,5,611.7782055,33,675.0231924,15,1,3,320,0,6903.887269,0,0,0,13097.05912,1,High Risk
CUST_00079,34,Male,Employed,73783.69165,62,951.0127989,11,808.2012445,4,734.7539491,39,3,4,521,5,7584.193643,3,0,1,4387.658598,1,High Risk
CUST_00080,27,Male,Self-Employed,44024.09974,106,1624.627026,1,1105.698687,41,431.9216173,66,14,9,860,2,11430.60978,1,0,0,14907.90041,0,Low Risk
CUST_00081,33,Female,Employed,13828.27901,141,939.2406725,4,320.9359125,24,688.9184396,61,2,7,639,5,11260.61492,1,0,0,11729.99816,0,Low Risk
CUST_00082,42,Male,Unemployed,46615.34685,49,934.0893143,8,976.8741208,27,871.8441824,78,3,2,673,4,22429.07086,1,0,0,2821.207916,0,Low Risk
CUST_00083,59,Other,Employed,52873.89018,161,691.2425104,0,637.5781145,13,600.7532174,26,3,2,871,3,15369.17939,4,1,0,14637.92207,1,High Risk
CUST_00084,40,Male,Self-Employed,47624.40244,234,1201.035391,3,686.4485964,26,724.2325345,13,14,4,745,4,7525.263951,1,0,0,2057.510677,0,Low Risk
CUST_00085,35,Other,Unemployed,60351.94078,79,1059.445865,9,1500.551511,15,480.995629,65,10,8,678,5,20228.89602,0,0,0,758.0963545,0,Low Risk
CUST_00086,64,Male,Unemployed,39841.01422,20,1879.102325,9,731.2357714,26,725.0712409,26,16,4,830,0,10620.30326,2,0,0,10919.57475,0,Low Risk
CUST_00087,37,Other,Unemployed,27258.74307,24,2377.04393,2,1064.142813,1,468.7427194,53,14,0,694,5,15399.09514,0,0,0,12340.62435,0,Low Risk
CUST_00088,66,Other,Unemployed,32006.32008,186,2029.66956,0,1051.619843,18,325.7764044,59,2,4,889,4,14809.99031,3,0,0,6653.354104,0,Low Risk
CUST_00089,43,Male,Employed,40716.1878,147,2277.998419,0,386.9916301,22,673.3590431,39,9,8,655,4,12242.48651,4,0,0,4591.356741,1,High Risk
CUST_00090,45,Male,Self-Employed,40561.72491,40,2210.534505,0,154.1119862,40,554.944055,44,3,6,740,2,20484.44118,4,1,0,7128.481038,1,High Risk
CUST_00091,44,Other,Unemployed,93310.20244,27,758.6433133,0,1087.343732,13,694.9477046,67,12,8,513,5,8494.936221,3,0,0,9427.288615,1,High Risk
CUST_00092,64,Female,Unemployed,72591.8975,34,1232.747262,1,420.7588326,46,314.7365292,67,1,9,427,0,12771.83024,2,0,0,8535.150526,1,High Risk
CUST_00093,60,Male,Self-Employed,62360.76568,145,2923.526799,10,217.5359659,25,579.373781,62,5,9,811,1,6588.880533,4,0,0,4830.099437,1,High Risk
CUST_00094,48,Female,Employed,58028.22519,15,1064.289005,4,1159.156775,7,735.5621993,76,18,4,752,4,14102.76603,3,0,0,2441.316929,0,Low Risk
CUST_00095,34,Male,Unemployed,55395.90024,188,2983.105293,1,443.2006432,26,388.4527147,39,7,2,617,5,14445.02939,3,1,0,6354.048208,1,High Risk
CUST_00096,64,Male,Employed,55490.00981,220,1166.234137,3,529.6188835,46,700.2570473,40,5,1,344,4,12515.05593,6,1,0,3530.341218,1,High Risk
CUST_00097,20,Male,Employed,52939.14896,180,10.0,8,1491.030604,39,893.20421,60,19,8,356,0,12408.21701,6,0,0,9995.622299,1,High Risk
CUST_00098,44,Male,Employed,50722.14348,13,1302.175601,2,219.0926235,27,352.7611306,64,13,4,685,2,10950.74958,3,1,0,13182.31892,1,High Risk
CUST_00099,26,Female,Employed,12346.4463,15,2177.255424,1,360.2998855,3,566.4131804,0,7,0,482,5,14259.82766,6,0,0,5387.117726,1,High Risk
CUST_00100,28,Male,Unemployed,43355.70908,99,2830.761379,3,639.1056501,37,938.6500434,8,5,1,616,3,15709.49515,7,0,0,12175.89356,1,High Risk
CUST_00101,43,Other,Unemployed,45674.58551,180,317.6730841,8,715.9101061,10,141.1176284,74,11,1,707,0,4730.335866,6,1,0,15184.42184,1,High Risk
CUST_00102,20,Other,Employed,36518.48425,103,2162.613583,3,487.1891513,43,601.169381,79,8,3,816,5,10335.16336,3,0,0,4816.802738,0,Low Risk
CUST_00103,63,Female,Employed,39990.25515,40,2214.51826,11,394.4707159,23,673.2105627,14,6,5,775,3,9829.041413,1,0,0,9588.492955,0,Low Risk
CUST_00104,27,Male,Self-Employed,55413.48231,3,2541.121912,4,1328.498014,27,505.1484165,58,12,7,318,1,15966.91037,2,0,0,8089.722242,1,High Risk
CUST_00105,43,Other,Self-Employed,63816.62139,41,10.0,3,892.0451434,40,1059.320846,65,15,2,330,3,19250.75536,5,0,0,2922.944488,1,High Risk
CUST_00106,30,Female,Self-Employed,55386.25631,29,2825.463697,7,1004.80906,17,622.7123848,9,7,9,790,4,14565.68812,3,0,0,8004.197149,0,Low Risk
CUST_00107,36,Male,Unemployed,63363.9963,38,1852.721602,3,751.9711882,48,836.207685,48,13,9,767,2,12858.86819,6,1,0,5999.256155,1,High Risk
CUST_00108,27,Other,Self-Employed,63681.94455,162,1866.917705,1,901.3092321,20,708.4080733,10,15,5,695,5,7388.904913,6,0,0,5545.080579,1,High Risk
CUST_00109,54,Other,Unemployed,44605.29932,171,2331.198911,11,1126.515581,25,873.6198931,29,19,3,718,5,23170.6962,1,0,0,6892.580617,0,Low Risk
CUST_00110,54,Female,Unemployed,59455.53433,145,10.0,3,451.2953449,2,544.0488748,22,5,7,672,1,6465.334096,1,0,0,5665.254367,0,Low Risk
CUST_00111,52,Male,Unemployed,18565.29537,33,2311.999022,1,892.6925988,12,173.7059736,21,3,8,627,2,4469.327225,0,0,0,13956.79775,0,Low Risk
CUST_00112,24,Male,Unemployed,43082.14592,129,3399.933853,8,1043.61481,37,636.5890064,50,3,8,836,5,16317.02982,5,0,0,500.0,1,High Risk
CUST_00113,61,Other,Self-Employed,40966.67139,8,405.0798514,10,1340.679071,27,78.50827626,41,2,5,452,2,8930.876801,7,0,0,3834.164956,1,High Risk
CUST_00114,58,Other,Employed,77563.88244,91,1448.484974,7,1481.761843,13,416.5545311,28,9,1,597,5,16587.21588,3,0,0,7635.714177,0,Low Risk
CUST_00115,60,Other,Employed,56067.57127,182,1529.968381,8,824.4509289,0,383.4102978,44,5,1,442,3,20592.83245,1,0,0,4215.888076,1,High Risk
CUST_00116,47,Male,Employed,25979.82654,212,1785.162331,3,1198.523632,27,403.0215576,32,17,9,834,5,10395.64493,5,0,0,11082.0965,1,High Risk
CUST_00117,26,Female,Self-Employed,60702.50849,152,1840.831626,0,20.0,35,816.0520221,38,12,8,411,2,14735.68769,7,0,0,9264.070423,1,High Risk
CUST_00118,28,Female,Employed,66376.10021,33,962.8064957,2,1343.299018,49,493.6372267,72,10,4,568,1,9322.574305,0,0,0,7368.170627,1,High Risk
CUST_00119,27,Male,Self-Employed,48386.04941,102,1531.960386,6,545.9407184,10,1013.943402,64,3,6,395,2,12443.79357,0,1,0,8396.182394,1,High Risk
CUST_00120,31,Female,Self-Employed,62424.60672,75,2895.225205,0,715.6158929,42,483.8150753,49,7,5,630,1,11232.02504,6,0,1,7760.381746,1,High Risk
CUST_00121,53,Other,Self-Employed,10000.0,48,1824.92217,10,954.3865695,39,0.0,47,2,8,471,4,17760.30657,3,0,0,3316.40245,1,High Risk
CUST_00122,52,Female,Employed,10000.0,197,1794.599206,7,746.2951714,3,351.9490545,36,11,4,761,5,8728.723807,6,0,0,10837.03358,1,High Risk
CUST_00123,67,Female,Employed,28783.95375,99,928.3618596,8,868.7586828,33,712.6545075,77,12,7,590,4,7957.657472,4,0,0,2625.346297,1,High Risk
CUST_00124,42,Female,Employed,52682.71461,221,2571.312683,7,1355.692539,0,163.0740055,32,10,3,534,3,10816.22995,1,0,0,8441.895059,1,High Risk
CUST_00125,43,Other,Unemployed,77578.94785,173,1326.462547,4,665.5229841,9,411.0080645,5,8,6,718,0,15977.81603,4,0,0,9037.201986,1,High Risk
CUST_00126,56,Male,Self-Employed,29724.3016,3,10.0,11,419.5766642,16,704.0946918,69,3,8,605,5,7205.170672,0,0,0,5982.25019,0,Low Risk
CUST_00127,54,Other,Unemployed,34633.80665,174,1836.16092,10,1434.71235,6,421.1353507,54,10,1,787,4,4901.781847,4,0,0,5517.315557,1,High Risk
CUST_00128,63,Male,Self-Employed,51594.91503,59,2065.54666,11,984.367476,38,361.3003625,43,7,8,386,5,19050.03194,4,0,0,5545.899998,1,High Risk
CUST_00129,59,Male,Employed,41138.26169,11,1260.956396,8,1472.783641,12,813.5633237,49,17,7,632,0,0.0,7,0,0,556.0233792,1,High Risk
CUST_00130,41,Male,Self-Employed,40114.56615,7,10.0,3,1102.270469,21,443.2737517,53,2,9,597,1,4188.011143,3,0,0,16122.24664,0,Low Risk
CUST_00131,46,Female,Self-Employed,42413.45293,81,607.0372407,8,336.7419628,0,239.4366823,62,3,0,442,5,24995.97082,7,0,0,11152.48664,1,High Risk
CUST_00132,54,Female,Unemployed,73666.19285,116,1407.90186,0,1025.884635,27,708.4043728,15,16,9,359,0,1489.106537,0,0,0,8821.76901,1,High Risk
CUST_00133,20,Male,Self-Employed,70090.4172,11,1187.660512,11,455.6181769,32,784.198157,46,15,6,301,2,9374.184036,2,0,0,4845.46576,1,High Risk
CUST_00134,54,Male,Employed,50422.4478,175,1853.337101,10,802.6011309,12,545.1448118,56,6,4,716,1,8107.099319,1,0,0,7502.339466,0,Low Risk
CUST_00135,56,Female,Self-Employed,79780.64493,222,1973.341199,2,773.4999587,0,355.1032172,1,1,4,452,2,0.0,6,0,0,5919.89758,1,High Risk
CUST_00136,66,Other,Self-Employed,59162.51037,207,1151.342218,3,233.8176684,37,278.1701587,36,4,6,553,0,5979.933354,7,1,0,15390.48526,1,High Risk
CUST_00137,33,Male,Self-Employed,70770.09442,26,380.8143024,10,515.5163287,24,361.598668,22,0,9,870,2,13590.81022,3,0,0,500.0,0,Low Risk
CUST_00138,22,Other,Unemployed,34510.16169,239,2662.568058,9,1571.815555,41,184.8610812,12,12,3,667,1,16528.87256,3,0,0,1551.981227,0,Low Risk
CUST_00139,20,Female,Self-Employed,38233.81303,204,1948.462993,0,883.4320917,20,376.8612686,64,11,0,324,5,18620.67634,2,0,0,744.9460285,1,High Risk
CUST_00140,24,Male,Self-Employed,38041.11875,172,2037.11962,11,738.5413529,32,637.3218964,47,18,5,432,2,9757.914866,3,0,0,11469.158,1,High Risk
CUST_00141,45,Other,Unemployed,48438.99952,152,1807.316268,5,1434.511577,36,684.1675022,6,7,0,542,0,902.5243082,7,0,0,4825.016267,1,High Risk
CUST_00142,33,Other,Unemployed,51078.43827,105,2377.935005,3,661.3176415,33,506.7766748,30,7,0,361,2,12310.55909,0,1,0,10264.5185,1,High Risk
CUST_00143,58,Other,Unemployed,55835.19155,62,1195.123273,3,768.0028733,2,595.6103038,62,11,7,726,2,20246.9512,3,0,0,7858.61496,0,Low Risk
CUST_00144,46,Female,Unemployed,85515.88763,88,2162.66138,0,1146.781,29,441.2164761,44,3,3,751,3,21155.26697,3,0,0,12459.97479,0,Low Risk
CUST_00145,28,Female,Employed,62983.00633,167,2034.800922,4,659.7424705,2,317.3812472,55,6,4,377,1,17894.67832,2,0,0,12070.64578,1,High Risk
CUST_00146,34,Other,Employed,40733.74941,118,2008.334854,8,538.7177412,17,414.394516,63,15,9,404,3,3821.429121,1,0,0,8786.478906,1,High Risk
CUST_00147,34,Other,Self-Employed,49941.06118,169,544.2989688,5,20.0,22,781.0751498,21,17,9,679,0,10832.70093,7,0,0,12073.91979,1,High Risk
CUST_00148,45,Female,Employed,77088.9594,86,1611.298724,7,472.2255903,7,0.0,62,5,0,693,4,13379.80254,5,0,0,2962.026452,1,High Risk
CUST_00149,61,Other,Self-Employed,64073.83717,204,1809.643732,10,468.8902889,8,213.4440292,79,17,9,414,0,14352.93861,1,0,0,500.0,1,High Risk
CUST_00150,32,Other,Employed,76852.07894,204,2923.189468,3,855.4983434,1,381.6794478,27,3,6,897,0,1328.550475,7,0,0,9869.023342,1,High Risk
CUST_00151,51,Female,Unemployed,41311.70125,92,1579.879635,8,586.339607,1,222.2024559,43,8,1,839,0,24337.2897,4,0,0,7729.694099,1,High Risk
CUST_00152,58,Other,Unemployed,37190.09231,91,2365.574193,6,1555.306654,26,609.533635,13,12,5,347,0,19917.15305,7,0,0,4430.833458,1,High Risk
CUST_00153,68,Other,Employed,37453.19538,183,310.825152,6,429.8298744,47,116.6486757,18,18,8,487,3,11983.64459,6,0,0,6940.449815,1,High Risk
CUST_00154,51,Other,Employed,42764.24316,122,926.7849668,7,1290.22634,38,800.8398022,59,11,1,895,0,12766.66708,7,0,0,500.0,1,High Risk
CUST_00155,23,Female,Self-Employed,30860.90582,158,1851.27856,1,876.9135343,35,989.0720164,76,15,5,874,2,9002.14695,0,1,0,4846.859363,1,High Risk
CUST_00156,49,Other,Self-Employed,55313.47511,207,1844.31149,11,1082.370912,4,562.1990335,1,4,4,813,0,19416.24132,7,0,1,14243.72256,1,High Risk
CUST_00157,56,Female,Self-Employed,55622.97038,145,926.6227163,5,1061.106858,0,345.2739705,50,1,1,350,4,5056.389651,2,0,0,11706.02218,1,High Risk
CUST_00158,42,Female,Unemployed,74098.00347,190,2264.601865,6,23.61756439,21,731.7072356,77,2,8,525,1,12681.66284,6,0,0,11938.33691,1,High Risk
CUST_00159,58,Male,Unemployed,18315.27499,190,1365.983989,2,795.9565624,9,429.2789956,33,12,1,667,3,6975.863304,1,1,0,6446.506552,1,High Risk
CUST_00160,64,Male,Unemployed,33005.70398,8,1347.355515,7,708.220152,44,286.3588335,50,6,0,379,3,11894.12624,2,1,0,10766.68128,1,High Risk
CUST_00161,34,Other,Unemployed,64500.44854,54,1437.263066,0,403.4576669,23,513.1708228,18,12,8,505,3,19013.98722,5,0,0,14662.0811,1,High Risk
CUST_00162,62,Female,Self-Employed,53302.51614,142,2570.900616,0,960.869113,14,105.7934047,35,15,8,698,3,8141.457658,4,0,0,12493.9983,1,High Risk
CUST_00163,48,Male,Unemployed,50806.44421,21,2371.162646,9,1400.789111,32,315.0067897,25,13,8,826,0,13086.39664,6,0,0,11399.30709,1,High Risk
CUST_00164,55,Other,Unemployed,72749.36912,226,3006.510371,2,20.0,49,308.5616202,34,17,7,516,4,11233.61826,6,0,0,500.0,1,High Risk
CUST_00165,32,Male,Unemployed,31820.82435,77,1940.38155,5,612.9356135,22,476.3522199,62,12,3,342,5,7593.425369,1,0,0,10870.51429,1,High Risk
CUST_00166,51,Male,Unemployed,36882.87093,232,3044.72719,6,363.9818426,13,102.5974519,3,13,8,755,0,8294.442691,2,0,0,6874.008759,0,Low Risk
CUST_00167,26,Female,Employed,34762.7868,227,1690.48666,1,825.1222392,17,268.3451451,2,8,1,593,1,8360.991779,7,0,0,3566.339223,1,High Risk
CUST_00168,41,Female,Self-Employed,13767.65521,132,1398.856503,5,686.0325509,24,371.6311495,4,7,0,874,1,1168.428265,5,0,0,10883.05565,1,High Risk
CUST_00169,47,Male,Self-Employed,52390.7156,57,1149.492068,11,588.0129755,21,618.5157919,28,4,9,798,0,11059.94929,0,0,0,8322.484562,0,Low Risk
CUST_00170,21,Male,Unemployed,40588.65343,17,1359.035446,4,1041.32739,43,500.6418654,18,6,6,537,0,12466.96322,6,0,0,10083.18708,1,High Risk
CUST_00171,61,Female,Employed,36807.78545,194,1398.259987,5,1372.663455,43,908.7146419,16,15,5,606,0,2905.523658,0,0,0,5202.203561,0,Low Risk
CUST_00172,64,Other,Self-Employed,33558.34773,102,951.4654667,0,1731.461528,36,273.8196159,33,9,2,889,4,9281.800505,4,0,0,1712.228468,1,High Risk
CUST_00173,25,Female,Self-Employed,49680.55954,71,1027.488212,9,541.129833,6,720.8101818,19,2,1,894,3,10645.90904,7,0,1,16868.72531,1,High Risk
CUST_00174,47,Male,Unemployed,35626.28874,145,1986.037379,6,162.6935569,25,720.6245237,27,16,7,453,1,16849.14507,1,0,0,2935.892861,1,High Risk
CUST_00175,47,Other,Unemployed,53988.2155,45,1109.513431,7,995.7187519,23,545.0992198,72,9,3,396,1,22350.99583,1,0,0,5397.157388,1,High Risk
CUST_00176,63,Male,Self-Employed,58265.24301,204,139.6940043,6,1363.669657,12,535.4121791,66,10,5,473,3,14360.63549,6,0,0,11965.8997,1,High Risk
CUST_00177,63,Other,Self-Employed,44697.60247,19,99.00270095,8,1084.791488,40,565.9973302,9,19,3,392,5,3737.188449,0,0,0,14256.43693,1,High Risk
CUST_00178,39,Male,Employed,43475.58248,100,10.0,0,1362.221464,5,265.1850912,20,9,8,328,3,6452.249253,5,0,0,9016.898372,1,High Risk
CUST_00179,49,Other,Self-Employed,53338.83801,118,366.0046042,9,721.0796653,20,740.1214787,3,17,4,360,1,12440.84983,6,0,0,12075.97082,1,High Risk
CUST_00180,30,Other,Self-Employed,49480.70504,154,540.0521182,8,586.6489461,6,518.7166219,21,0,5,340,1,9285.093507,7,0,0,10311.90318,1,High Risk
CUST_00181,47,Male,Unemployed,73942.8684,76,720.7821315,10,840.4025676,17,199.3746187,70,3,8,793,4,11760.0034,4,0,0,3824.720404,1,High Risk
CUST_00182,44,Other,Self-Employed,55728.77968,118,1728.825939,10,684.3063844,14,797.7926219,61,2,5,594,1,16969.65072,3,0,0,2857.630014,0,Low Risk
CUST_00183,58,Female,Unemployed,69720.548,32,482.4020927,2,1032.082907,7,472.841136,11,19,1,595,0,10970.68727,6,1,0,12521.80632,1,High Risk
CUST_00184,52,Male,Self-Employed,60989.19804,69,764.4608304,1,1139.418722,15,513.2487706,10,5,0,478,0,26680.67193,0,1,0,10849.45122,1,High Risk
CUST_00185,20,Female,Self-Employed,26268.47348,53,34.54431366,5,1166.829283,48,0.0,21,5,8,557,3,2533.307738,7,0,0,20433.46186,1,High Risk
CUST_00186,46,Male,Self-Employed,39951.23224,62,971.6776804,10,978.7074348,2,479.3823128,28,16,1,748,3,15233.63925,0,0,0,4283.413148,0,Low Risk
CUST_00187,32,Other,Employed,49134.24639,231,2079.111134,4,886.0378143,44,817.2819689,60,18,1,606,0,1990.375859,2,0,0,8105.65186,0,Low Risk
CUST_00188,60,Other,Unemployed,65631.99759,5,1481.302357,3,1078.049341,8,343.1239538,60,16,3,419,3,6883.71256,4,0,0,8495.700538,1,High Risk
CUST_00189,22,Other,Employed,84700.63395,106,1565.590575,3,112.9528323,46,178.0111938,26,16,9,563,0,17048.91191,3,0,0,1721.457128,1,High Risk
CUST_00190,58,Male,Self-Employed,41285.35164,7,1498.436801,7,873.6997633,25,613.9834671,46,16,9,586,4,0.0,5,0,0,5571.291833,1,High Risk
CUST_00191,25,Female,Employed,50994.60977,30,472.1444655,9,818.36732,25,64.2975058,13,2,2,850,3,13782.56294,6,0,0,10275.81976,1,High Risk
CUST_00192,27,Female,Unemployed,64398.40307,110,1172.995341,2,874.5781386,29,650.2692975,6,13,6,487,2,4537.53971,4,0,0,10228.23946,1,High Risk
CUST_00193,46,Male,Self-Employed,48959.10485,208,1676.780295,0,769.3317588,26,449.1041794,14,1,6,541,5,11580.60732,4,0,0,5121.23906,1,High Risk
CUST_00194,28,Male,Employed,79593.742,233,2275.645514,4,951.1494227,15,520.3978725,45,3,2,894,1,8220.801112,0,0,0,7312.371063,0,Low Risk
CUST_00195,56,Female,Employed,25739.83445,141,1790.883732,7,598.8889775,47,1091.165208,27,17,2,504,0,12084.4775,0,0,0,16798.80845,1,High Risk
CUST_00196,52,Female,Unemployed,62204.35848,202,2204.487575,2,1195.3332,3,562.6088614,42,1,8,578,5,14385.1182,0,0,0,7823.711446,1,High Risk
CUST_00197,61,Female,Employed,62027.83858,103,631.0107999,1,965.7774221,18,165.4074158,9,11,6,694,1,18352.31141,7,0,0,5098.436219,1,High Risk
CUST_00198,63,Female,Unemployed,70736.69657,202,297.3280051,0,852.7400503,33,528.711736,50,14,2,771,1,12834.33989,7,0,0,17384.92865,1,High Risk
CUST_00199,43,Male,Self-Employed,51116.92428,78,98.06337444,3,555.8692003,5,685.7598874,2,12,2,676,3,15693.43233,6,0,0,9454.695617,1,High Risk
CUST_00200,34,Male,Self-Employed,66047.38193,17,2153.653229,10,1085.36091,44,0.0,75,10,2,624,1,11595.7422,2,0,0,4149.908677,0,Low Risk
CUST_00201,51,Other,Employed,45515.49357,85,348.2414683,1,872.3308945,14,496.8043226,76,6,8,311,2,3944.015129,3,1,0,12722.27001,1,High Risk
CUST_00202,51,Female,Self-Employed,35574.95714,50,2349.364154,7,535.5808123,9,67.21483759,43,8,7,591,3,5164.638653,5,0,0,3285.579236,1,High Risk
CUST_00203,43,Other,Self-Employed,32950.3458,129,1143.211906,10,780.1684602,41,506.18317,53,14,6,356,5,20950.41074,7,0,0,3963.043218,1,High Risk
CUST_00204,60,Male,Employed,24054.76063,48,2835.007681,9,1020.178917,35,886.135717,33,2,7,453,0,4676.156121,5,1,0,5680.654861,1,High Risk
CUST_00205,68,Male,Self-Employed,42055.54175,30,1141.104917,11,993.0507386,45,391.4000973,64,9,0,763,1,13143.15122,3,0,0,4047.494766,0,Low Risk
CUST_00206,68,Other,Employed,55606.79079,9,1184.962515,8,970.4531387,39,519.6786697,24,7,8,815,1,13046.93586,6,0,0,4508.462857,1,High Risk
CUST_00207,31,Female,Unemployed,46253.62227,234,1553.575872,9,832.3859871,5,569.9438003,62,5,4,321,4,12708.4493,6,1,0,3023.816983,1,High Risk
CUST_00208,58,Female,Unemployed,53563.3898,201,1168.305644,0,1159.036837,43,585.648484,69,13,4,406,5,18136.64727,4,0,0,8459.197592,1,High Risk
CUST_00209,21,Female,Unemployed,72227.82231,96,1834.453613,1,1233.228776,39,537.0264728,44,5,4,625,0,8127.120433,5,0,0,2414.410597,1,High Risk
CUST_00210,22,Female,Employed,40685.24213,84,664.2240431,5,1058.062915,5,0.0,67,18,8,725,4,10730.42083,5,0,0,1924.070033,1,High Risk
CUST_00211,68,Other,Employed,92125.33696,90,1649.067494,9,594.3920538,14,546.1509191,25,8,4,538,0,9954.730971,5,0,0,10064.52337,1,High Risk
CUST_00212,56,Other,Self-Employed,63594.37398,136,899.323895,11,429.6783989,28,341.3776128,25,8,1,640,1,0.0,0,0,0,6993.486445,0,Low Risk
CUST_00213,68,Male,Self-Employed,46455.33699,188,1335.565832,6,609.6210816,24,214.8110557,25,19,5,338,1,7435.767344,5,0,0,8007.753768,1,High Risk
CUST_00214,36,Female,Self-Employed,46047.1623,70,399.8668083,1,1483.779862,18,549.8161013,77,15,6,329,2,18393.62879,4,0,0,6834.101623,1,High Risk
CUST_00215,68,Female,Self-Employed,31853.66078,57,2197.836843,7,898.5935698,13,534.7948769,61,12,6,713,3,24143.25502,0,0,0,17980.5409,0,Low Risk
CUST_00216,21,Female,Self-Employed,49537.09463,197,1215.331101,9,1544.25464,2,57.11947211,60,12,6,460,2,17702.96664,4,0,0,8086.029214,1,High Risk
CUST_00217,21,Other,Employed,11091.2696,179,2232.860078,8,757.9305797,49,400.1609958,1,11,1,608,0,14331.07354,4,0,0,7178.584876,1,High Risk
CUST_00218,47,Female,Employed,72603.79115,120,910.4325946,7,709.4152153,41,835.444428,40,19,5,713,0,3747.847258,7,0,0,9691.462552,1,High Risk
CUST_00219,42,Other,Unemployed,10000.0,181,1492.751732,8,774.0802122,45,185.4647756,44,1,8,433,0,13112.20879,2,0,0,9454.286593,1,High Risk
CUST_00220,56,Female,Unemployed,50751.51752,189,2240.751324,5,767.739072,13,541.7973147,13,3,0,865,5,12592.37621,5,0,0,12340.31836,1,High Risk
CUST_00221,51,Female,Unemployed,29408.19798,136,559.6106121,10,529.2221808,38,198.6264532,36,6,2,634,0,26046.88726,2,0,0,8776.180082,0,Low Risk
CUST_00222,52,Male,Unemployed,37378.78427,220,794.1387109,6,397.9031061,38,910.1085346,1,18,5,335,3,1519.285159,5,0,0,9893.580691,1,High Risk
CUST_00223,20,Female,Employed,39701.26521,110,2148.456119,5,975.4678195,20,674.5025157,4,2,6,379,1,4494.152944,6,0,0,11457.91718,1,High Risk
CUST_00224,38,Female,Employed,84661.27029,53,2577.946799,6,1169.215251,10,292.6564615,1,10,1,736,2,19271.63065,4,0,0,12865.08827,1,High Risk
CUST_00225,21,Male,Employed,30141.4873,40,1512.968377,2,1655.743455,49,553.4495978,0,18,9,419,1,21267.03211,6,0,0,5964.154755,1,High Risk
CUST_00226,63,Other,Self-Employed,66456.67181,141,724.3443536,3,648.2004827,9,157.3858623,47,13,7,433,5,13987.53833,0,0,0,1334.504743,1,High Risk
CUST_00227,45,Other,Self-Employed,70887.23293,182,1245.655233,8,676.5705796,14,46.86416865,21,16,5,704,4,9810.000897,6,0,0,536.045203,1,High Risk
CUST_00228,51,Female,Unemployed,10000.0,95,3075.747874,2,530.0697469,29,476.2821426,40,4,8,564,2,15438.17582,4,0,0,10287.95868,1,High Risk
CUST_00229,25,Other,Self-Employed,38923.6502,22,433.1559923,1,1194.0046,43,310.5937584,24,13,8,532,5,25066.89937,6,0,0,8952.116424,1,High Risk
CUST_00230,51,Female,Employed,76720.26367,12,1922.3888,11,1085.245609,16,549.5791456,45,6,8,746,0,8114.682466,0,0,0,2046.304538,0,Low Risk
CUST_00231,23,Male,Unemployed,26334.07789,28,1600.4171,10,493.0728963,28,80.97761817,8,11,8,726,0,14792.46228,1,0,0,8000.364825,0,Low Risk
CUST_00232,30,Male,Unemployed,71568.96866,50,574.8926483,6,484.2306696,16,360.933144,60,16,1,327,4,10788.29111,3,1,0,6042.759048,1,High Risk
CUST_00233,36,Female,Self-Employed,49678.40153,93,1248.975437,5,1133.380166,32,882.6591192,46,19,9,600,2,14216.85023,4,0,1,4461.368415,1,High Risk
CUST_00234,57,Male,Unemployed,48900.24807,116,56.34869056,2,934.1186529,37,857.6801244,73,17,9,869,3,16671.60858,6,0,0,500.0,1,High Risk
CUST_00235,43,Male,Self-Employed,51250.84903,16,1730.576383,5,1065.43605,20,918.2428616,78,0,6,328,3,8480.483604,1,0,0,6267.382725,1,High Risk
CUST_00236,24,Female,Self-Employed,56166.29297,102,1846.4153,6,491.0310326,46,1064.924586,2,10,4,676,0,17883.96749,4,0,0,9626.140477,1,High Risk
CUST_00237,53,Female,Unemployed,32798.51268,189,407.0661718,5,142.7962976,13,398.9983382,7,3,8,612,0,9046.368102,2,0,0,16079.51733,0,Low Risk
CUST_00238,25,Male,Self-Employed,45312.4484,14,1945.304127,0,493.7622442,9,0.0,24,11,0,332,0,15435.34214,7,0,0,1911.004767,1,High Risk
CUST_00239,41,Other,Self-Employed,56670.77145,118,967.8925386,11,1040.718356,41,775.9856705,35,4,9,753,5,343.4913338,3,0,0,6018.417879,0,Low Risk
CUST_00240,30,Other,Self-Employed,53183.94511,125,895.4375079,0,1538.870293,22,220.856257,42,14,6,800,4,16579.06386,6,0,0,15298.84374,1,High Risk
CUST_00241,67,Female,Self-Employed,56286.06013,25,719.7215705,8,649.6876037,38,1014.893758,49,19,9,571,4,6676.588537,4,0,0,12419.33365,1,High Risk
CUST_00242,35,Female,Unemployed,37063.63321,87,2029.300645,5,1596.549559,38,520.7110406,62,2,4,800,1,9000.984747,5,0,0,11654.29252,1,High Risk
CUST_00243,52,Other,Employed,61381.38578,74,160.9276501,11,1090.436919,13,908.9163647,33,14,8,892,4,0.0,6,0,0,8003.830216,1,High Risk
CUST_00244,28,Male,Employed,52276.56216,169,228.5206195,1,312.4386944,46,461.4118786,72,7,6,381,2,10651.45338,7,0,0,11702.50227,1,High Risk
CUST_00245,25,Other,Self-Employed,21547.39907,124,1026.272027,10,874.9118432,21,330.1151676,9,10,3,445,4,19969.85865,2,0,0,4364.587108,1,High Risk
CUST_00246,35,Other,Self-Employed,40435.31269,139,1053.93423,0,1102.390997,40,681.8584994,26,11,7,868,2,2601.32509,2,0,0,3681.244079,0,Low Risk
CUST_00247,48,Other,Self-Employed,33880.91863,218,2001.291005,10,20.0,27,622.311198,12,2,8,583,3,13167.18794,1,0,0,835.5855847,0,Low Risk
CUST_00248,22,Other,Employed,33649.19433,97,1427.088606,11,1025.557905,46,213.6723522,50,5,8,435,1,0.0,5,0,0,7745.058112,1,High Risk
CUST_00249,39,Female,Self-Employed,41423.35765,27,1428.458754,1,1210.452413,8,491.3453241,67,7,9,471,4,11099.52141,2,1,0,10928.10859,1,High Risk
CUST_00250,55,Female,Unemployed,61042.49486,19,204.1503948,7,939.6038434,22,356.0424233,15,6,3,858,3,17150.04727,6,0,0,9709.638712,1,High Risk
CUST_00251,38,Male,Unemployed,38717.73951,172,1315.707271,4,778.3975763,6,551.0576671,11,16,5,309,2,11348.85353,5,0,0,15726.87953,1,High Risk
CUST_00252,45,Male,Unemployed,54051.04193,31,10.0,6,739.4756959,23,491.3151309,24,15,3,596,1,16683.27614,1,0,0,4589.786417,0,Low Risk
CUST_00253,22,Male,Employed,51100.92622,190,1689.966138,6,719.0371853,42,534.1140311,48,16,0,629,3,8985.755259,0,1,0,12927.7315,1,High Risk
CUST_00254,38,Male,Self-Employed,35977.05672,69,2041.833386,1,388.4070687,36,503.8755609,15,12,5,732,2,27506.08153,0,0,0,8606.743327,0,Low Risk
CUST_00255,39,Other,Self-Employed,43793.32765,87,876.3757758,3,559.3666588,8,411.8559892,1,3,7,747,1,18605.35047,0,0,0,12674.30908,0,Low Risk
CUST_00256,51,Female,Self-Employed,65567.28602,59,1800.270518,1,654.192084,37,589.9106595,72,9,5,314,0,13256.78938,0,0,0,7789.511877,1,High Risk
CUST_00257,26,Female,Employed,52696.51352,74,1148.763457,6,839.7230212,6,310.3874707,76,15,2,515,4,22271.56587,6,0,0,7913.015915,1,High Risk
CUST_00258,60,Male,Employed,59878.90151,16,2485.69221,4,605.1148348,22,912.1114504,77,18,7,552,0,20367.3724,6,0,0,9162.064355,1,High Risk
CUST_00259,52,Male,Employed,72904.93779,41,1682.410983,0,495.8047651,24,496.0185526,75,6,9,629,0,8775.571127,4,0,0,8125.638598,1,High Risk
CUST_00260,59,Other,Employed,57828.86698,146,669.0882315,1,1065.919801,45,710.5570086,34,17,8,863,0,15004.72703,6,0,0,14492.06497,1,High Risk
CUST_00261,58,Other,Unemployed,15427.6004,20,2436.777916,5,929.7148902,21,366.3531829,21,12,0,729,3,10224.26452,5,1,0,500.0,1,High Risk
CUST_00262,37,Male,Employed,54870.75889,225,2161.613788,3,611.2696621,42,393.904072,47,3,5,358,0,17511.77458,1,0,0,5037.880577,1,High Risk
CUST_00263,59,Female,Employed,38873.99423,77,1170.285172,6,977.197465,6,730.5494615,63,17,9,475,5,21431.22495,0,0,0,5187.324691,1,High Risk
CUST_00264,20,Female,Employed,82585.44698,104,1896.409886,1,641.3947372,5,689.9381908,66,15,7,673,0,3120.763926,2,0,0,12267.44439,0,Low Risk
CUST_00265,30,Female,Self-Employed,57186.84934,22,1883.622007,11,822.0727603,35,469.3213181,21,17,1,594,3,12714.6946,5,0,0,5814.04794,1,High Risk
CUST_00266,47,Male,Self-Employed,39246.11065,119,1159.515893,1,1141.265419,45,53.78462242,72,15,3,853,4,20774.68869,6,1,0,7789.191633,1,High Risk
CUST_00267,44,Female,Self-Employed,60197.21473,176,1552.5179,11,588.6906174,21,368.9876548,46,8,0,606,5,16562.43588,1,0,0,6358.887931,0,Low Risk
CUST_00268,69,Other,Unemployed,51634.23625,119,1695.618038,5,389.6559373,34,477.9002691,39,1,3,647,1,14565.25126,6,1,0,11098.61204,1,High Risk
CUST_00269,42,Other,Unemployed,19076.76835,175,959.4928557,7,749.2028959,48,329.4035079,52,5,1,660,1,18450.71345,5,1,1,7435.40345,1,High Risk
CUST_00270,50,Male,Employed,65535.09406,6,2577.235571,0,322.7872443,46,181.9537428,2,5,2,365,4,3973.321604,5,0,0,11871.19612,1,High Risk
CUST_00271,49,Other,Self-Employed,42700.28155,86,10.0,4,702.8930217,32,713.5027194,5,5,3,869,3,15409.2925,5,0,0,12434.16049,1,High Risk
CUST_00272,61,Male,Unemployed,75571.12927,225,2041.552811,0,701.7768822,20,454.8647356,13,13,2,815,0,19401.62487,4,0,0,16790.12891,1,High Risk
CUST_00273,54,Female,Self-Employed,47760.24589,150,525.308365,10,20.0,10,952.2224505,57,10,5,534,1,15416.63821,6,0,0,11904.34929,1,High Risk
CUST_00274,26,Female,Unemployed,75907.28271,141,1305.174506,5,985.7223073,12,458.0973072,6,16,6,732,4,4683.547175,0,0,0,10171.32183,0,Low Risk
CUST_00275,35,Female,Unemployed,57648.1667,116,221.4356111,6,736.0585817,2,544.3609877,28,3,6,686,4,9738.983907,6,0,0,16205.4417,1,High Risk
CUST_00276,45,Other,Employed,67534.22065,67,444.7803721,5,1213.663758,12,352.8021542,2,3,0,331,0,12066.22402,1,0,0,13109.36378,1,High Risk
CUST_00277,67,Male,Employed,41147.24917,238,1430.335196,8,875.4361929,49,877.7615055,12,18,4,873,4,7084.930123,3,0,0,8410.671676,0,Low Risk
CUST_00278,68,Female,Unemployed,56354.11125,148,1558.191588,2,1057.463,40,424.4102414,35,15,2,525,3,6592.019733,0,0,0,6654.540851,1,High Risk
CUST_00279,21,Male,Employed,18927.77389,169,2347.840026,7,1216.513564,33,449.2700932,37,7,0,443,3,14947.301,1,0,0,13474.33106,1,High Risk
CUST_00280,20,Female,Unemployed,47713.33575,46,1180.739875,2,753.899021,27,261.9343689,74,18,0,751,5,21884.55459,0,0,1,6268.6214,1,High Risk
CUST_00281,67,Other,Unemployed,23278.43225,227,1993.124366,10,799.7118839,39,594.9005782,59,19,1,317,1,687.9592758,3,1,0,9887.784115,1,High Risk
CUST_00282,31,Other,Self-Employed,29426.41146,120,1491.790941,11,249.2598718,33,417.5337727,72,0,9,689,2,9101.948402,6,0,0,970.6956182,1,High Risk
CUST_00283,24,Male,Employed,33965.52322,102,1962.342581,6,1233.838211,31,257.678035,21,3,7,661,4,7665.812693,2,0,0,7191.359364,0,Low Risk
CUST_00284,56,Other,Employed,61887.57685,20,626.447035,4,749.0059101,22,487.8654143,20,11,3,620,3,21006.28188,7,0,0,14478.58004,1,High Risk
CUST_00285,51,Other,Employed,47347.51757,177,1571.046241,11,447.9943074,23,681.1244301,32,18,9,891,0,16339.10059,7,1,0,3324.982099,1,High Risk
CUST_00286,28,Male,Self-Employed,50565.68617,161,1798.575212,0,1058.90287,0,912.0363883,3,1,2,592,0,20349.13045,2,0,0,11454.99489,0,Low Risk
CUST_00287,60,Female,Self-Employed,46857.42096,130,1102.695851,10,37.07658281,23,558.9566089,79,5,7,372,2,17314.81667,3,0,0,500.0,1,High Risk
CUST_00288,54,Other,Self-Employed,69452.96898,229,1804.74938,11,649.754022,2,362.3547288,43,19,1,399,2,19087.44688,1,0,0,13694.91882,1,High Risk
CUST_00289,38,Male,Employed,50072.75524,169,1880.761234,3,1117.908864,16,614.1738019,0,2,8,781,2,13720.07759,4,0,0,4434.71853,1,High Risk
CUST_00290,67,Other,Employed,54479.06742,40,1085.735847,10,646.7973518,6,464.8958201,61,2,3,555,0,14855.07303,0,0,0,6458.165434,1,High Risk
CUST_00291,35,Other,Employed,39735.44253,209,2120.341865,8,548.7273172,9,514.0762657,78,0,8,614,4,15148.90405,4,0,0,14358.0839,1,High Risk
CUST_00292,22,Other,Self-Employed,70689.36729,177,10.0,7,654.345821,18,499.4771237,21,8,0,461,3,12199.52632,0,0,0,6305.007524,1,High Risk
CUST_00293,39,Other,Self-Employed,72039.00716,200,10.0,2,96.52475744,23,615.3441013,58,6,4,592,0,12030.46946,4,1,0,12212.5587,1,High Risk
CUST_00294,43,Male,Unemployed,49335.99884,138,672.6246555,1,1050.417451,8,648.7894171,36,8,9,461,3,14849.48739,0,0,0,11168.49435,1,High Risk
CUST_00295,52,Male,Self-Employed,39482.68947,106,1725.079914,10,756.9898853,49,487.6433214,22,0,6,608,2,14697.40157,2,0,0,13541.6816,0,Low Risk
CUST_00296,43,Male,Unemployed,20912.42599,216,896.0234139,8,704.6863865,14,1379.491843,32,7,3,873,5,13267.96549,6,0,0,12425.38185,1,High Risk
CUST_00297,30,Other,Employed,34365.26425,195,429.8003186,0,705.9659843,48,729.6454713,21,17,4,442,1,13084.39084,0,1,0,7499.121303,1,High Risk
CUST_00298,68,Other,Self-Employed,10992.37889,15,1429.136318,8,804.9279295,21,0.0,63,2,8,522,4,16271.25557,0,0,0,13304.59785,1,High Risk
CUST_00299,27,Other,Employed,33608.43464,57,1580.296778,11,1028.70308,16,413.2868969,61,16,5,606,5,11234.51685,3,0,0,9126.674867,0,Low Risk
CUST_00300,55,Male,Employed,56425.46175,90,990.746383,6,781.7777606,18,495.1519814,53,6,5,313,2,4675.679418,3,0,0,9079.433986,1,High Risk
CUST_00301,57,Other,Employed,49092.80089,87,552.4210457,11,323.4272081,8,652.3030789,57,10,1,870,2,13235.08472,7,1,0,15732.15245,1,High Risk
CUST_00302,59,Female,Employed,91818.80572,111,1505.67872,1,1001.430643,37,958.5213491,11,4,0,479,3,6611.6439,0,0,0,9544.478102,1,High Risk
CUST_00303,39,Other,Self-Employed,43320.97913,45,2135.951143,10,974.4993919,18,320.1480772,17,12,3,812,0,18231.93681,7,0,0,7405.74549,1,High Risk
CUST_00304,54,Female,Employed,41915.62866,134,528.6013678,4,871.9344494,7,787.7327827,66,10,9,526,1,8478.222463,0,0,0,15515.96853,1,High Risk
CUST_00305,67,Other,Unemployed,69129.85279,73,2764.767736,1,1176.334457,5,550.9032549,59,2,2,758,4,8997.828729,6,0,0,8193.169745,1,High Risk
CUST_00306,44,Male,Self-Employed,15315.14681,190,1046.699658,4,810.6325367,48,582.2815212,0,12,6,444,1,14489.39857,1,0,0,3099.342919,1,High Risk
CUST_00307,54,Other,Employed,23328.18999,14,990.6446345,6,1188.981631,37,798.5772189,19,19,6,782,2,11929.82246,2,0,0,979.8558204,0,Low Risk
CUST_00308,44,Female,Self-Employed,61949.1445,61,1607.426233,4,1292.523858,44,84.07216785,16,5,5,858,1,19094.42883,0,0,0,7466.306491,0,Low Risk
CUST_00309,48,Female,Unemployed,46482.36435,207,1582.633579,1,1003.80951,20,633.7112221,48,14,4,732,4,10745.20801,0,0,0,5846.261777,0,Low Risk
CUST_00310,37,Other,Employed,46895.07138,184,10.0,10,538.2232323,28,913.1174804,21,1,2,541,2,10234.82156,6,0,0,12676.16365,1,High Risk
CUST_00311,65,Female,Unemployed,33131.27916,46,1413.465609,4,754.2249985,33,235.5154979,32,1,3,576,4,7420.666182,2,0,0,5531.068145,1,High Risk
CUST_00312,37,Female,Employed,54315.86312,18,1962.398995,11,1233.599612,11,500.5821158,25,13,4,487,1,4888.081814,7,0,0,2217.660359,1,High Risk
CUST_00313,21,Male,Unemployed,35455.58142,136,2322.339425,11,275.8302469,38,669.5859414,26,1,3,399,5,8841.778288,7,0,0,8027.776267,1,High Risk
CUST_00314,54,Other,Employed,51309.37992,16,1407.389731,9,662.8162161,31,10.8168689,59,4,2,821,2,14468.81674,1,0,0,814.6628838,0,Low Risk
CUST_00315,35,Other,Self-Employed,29147.29589,117,1215.127694,5,679.9623072,5,583.9928921,33,15,1,383,2,19701.36737,7,1,0,8245.31743,1,High Risk
CUST_00316,60,Other,Employed,46716.85423,114,2079.744875,4,497.1762899,16,434.8093671,79,7,4,352,5,17106.45839,7,0,0,8144.590024,1,High Risk
CUST_00317,55,Female,Self-Employed,86447.64093,125,2933.416233,1,1105.507632,31,850.4516523,77,7,1,426,4,8577.316385,7,0,0,6432.583476,1,High Risk
CUST_00318,52,Other,Employed,42351.15578,60,1574.832577,5,931.8852749,7,315.1316736,51,10,1,585,0,12973.30894,5,0,0,2254.769725,1,High Risk
CUST_00319,23,Other,Employed,47628.35261,161,1354.072493,5,551.1295752,37,489.4879521,54,12,1,354,2,12168.36466,3,0,0,4928.550539,1,High Risk
CUST_00320,52,Male,Unemployed,46354.58605,230,2505.490928,11,1011.929522,28,298.7733354,60,14,1,876,4,18952.12456,7,0,0,7191.437267,1,High Risk
CUST_00321,33,Male,Unemployed,53141.56535,231,596.1683697,1,744.5543179,30,470.2412152,49,3,7,320,4,19892.81759,6,0,0,2276.909811,1,High Risk
CUST_00322,40,Male,Unemployed,58426.73563,171,1550.11892,3,488.4318994,18,320.571273,62,7,6,599,4,319.4236401,6,0,0,9657.899787,1,High Risk
CUST_00323,67,Female,Employed,54630.27951,122,3426.121461,6,550.4785564,8,403.6115578,63,15,8,658,0,20360.02762,3,0,0,10373.98203,0,Low Risk
CUST_00324,39,Other,Employed,55027.68515,37,1862.70295,0,952.6178762,27,213.4094742,13,15,2,442,5,2582.727345,2,0,0,8390.310794,1,High Risk
CUST_00325,27,Male,Employed,46744.99908,12,2113.426279,0,1128.653457,47,325.993504,50,9,0,301,5,13638.67995,0,0,0,4525.699784,1,High Risk
CUST_00326,26,Male,Self-Employed,51805.21501,83,1237.040992,10,629.6311185,49,312.323922,26,1,5,656,3,0.0,6,0,0,6886.134833,1,High Risk
CUST_00327,22,Male,Self-Employed,46148.80227,236,1969.042057,11,990.5544668,38,385.3385662,39,17,8,751,5,18093.54002,5,1,0,14678.31756,1,High Risk
CUST_00328,36,Other,Employed,17377.54328,160,2472.688897,10,1353.613955,39,470.8572984,67,15,0,346,2,9968.876618,3,0,0,10616.07587,1,High Risk
CUST_00329,52,Other,Unemployed,97351.07018,46,288.6589957,5,359.3953053,30,0.0,8,3,0,726,1,16059.21802,0,0,0,7265.998388,0,Low Risk
CUST_00330,67,Other,Unemployed,63107.10949,185,1422.971535,6,924.4844555,18,535.7269645,55,19,3,838,4,10270.95451,6,0,0,11115.17427,1,High Risk
CUST_00331,31,Female,Unemployed,32372.2543,73,1779.79775,11,1090.729492,32,809.7817246,38,18,9,847,1,17828.59362,4,0,0,500.0,1,High Risk
CUST_00332,41,Female,Employed,54141.08728,20,1454.912189,4,766.6975642,25,688.4807554,14,7,0,787,4,1999.059584,0,0,0,19317.05198,0,Low Risk
CUST_00333,41,Male,Unemployed,25769.46699,85,1110.292761,11,1233.399124,44,283.2771578,17,19,8,862,4,15659.40251,3,0,0,2537.097632,0,Low Risk
CUST_00334,65,Other,Employed,41104.37212,81,2616.146967,9,1569.592963,0,755.685933,51,7,5,641,5,14501.51208,0,0,0,9232.023972,0,Low Risk
CUST_00335,49,Male,Self-Employed,23324.20626,233,1662.903319,7,920.1743719,10,297.8086857,60,13,4,828,2,14249.95634,5,0,0,3901.855872,1,High Risk
CUST_00336,57,Other,Unemployed,49078.67278,238,939.0999245,10,718.2435937,1,573.2182281,36,15,4,578,0,15081.27075,0,0,0,3097.76113,1,High Risk
CUST_00337,57,Other,Self-Employed,21535.60593,88,2287.384174,3,1141.943983,34,0.0,79,5,1,471,0,18809.86777,7,0,0,12676.40519,1,High Risk
CUST_00338,64,Other,Unemployed,56991.6121,169,2611.80041,2,1094.724101,12,652.3761201,52,17,2,601,1,17921.00918,5,0,0,7437.247967,1,High Risk
CUST_00339,27,Female,Employed,62279.97946,44,2412.596369,6,20.0,38,501.2559567,11,7,6,695,3,3531.324262,1,0,1,8752.908907,1,High Risk
CUST_00340,46,Female,Employed,35114.34921,184,1167.505023,3,799.0425554,33,534.662599,24,18,3,865,0,12688.37866,1,0,0,9380.748807,0,Low Risk
CUST_00341,46,Other,Employed,52896.09568,126,1202.070291,0,661.8901866,33,504.3523096,78,3,5,824,0,14131.73352,5,0,0,10698.30042,1,High Risk
CUST_00342,53,Male,Employed,34160.64166,32,667.9292104,10,938.846992,34,967.0542264,24,3,7,626,5,11602.47026,0,0,0,10358.95959,0,Low Risk
CUST_00343,40,Other,Unemployed,59211.15736,22,1703.193138,7,732.2196019,31,718.4447551,20,6,0,749,3,12928.4117,6,0,0,11920.20103,1,High Risk
CUST_00344,49,Other,Self-Employed,37604.87513,128,2378.84657,4,770.1883677,44,678.9885591,6,7,5,361,0,14868.039,2,0,0,500.0,1,High Risk
CUST_00345,52,Male,Employed,64201.46225,98,1951.344805,7,497.8755342,11,638.8204759,75,8,0,500,2,16542.2779,2,0,0,4470.96602,1,High Risk
CUST_00346,47,Other,Unemployed,17391.34723,127,2901.65584,7,1057.085226,32,1001.445488,48,0,7,369,2,15422.06428,2,0,0,3923.777478,1,High Risk
CUST_00347,66,Male,Self-Employed,31910.43353,44,10.0,11,1379.264778,17,437.0044135,38,16,3,796,1,17182.77437,2,0,0,12727.27011,0,Low Risk
CUST_00348,52,Female,Employed,30041.30622,91,1612.143418,4,503.3148178,4,152.8444523,74,6,4,507,5,23815.74374,3,0,0,11405.64758,1,High Risk
CUST_00349,24,Female,Self-Employed,53660.36765,89,2165.326739,7,311.0307419,18,929.2431426,48,19,9,764,1,10756.38549,2,0,0,10964.44441,0,Low Risk
CUST_00350,67,Male,Employed,59991.61459,7,1012.882145,6,807.0011269,30,381.2057712,33,9,1,777,1,11194.93298,3,0,0,3843.501165,0,Low Risk
CUST_00351,38,Female,Self-Employed,55051.4726,52,594.7842807,2,789.9705186,26,623.9106688,74,0,2,755,5,16218.60697,6,0,0,2603.978761,1,High Risk
CUST_00352,23,Female,Self-Employed,40838.42249,43,534.2618833,3,1209.826475,41,630.3322655,15,17,6,430,2,11974.08232,2,0,0,516.1163935,1,High Risk
CUST_00353,54,Male,Employed,10000.0,96,1583.520825,10,369.7817667,37,316.5118588,14,13,6,772,1,9968.175106,5,0,0,9551.237975,1,High Risk
CUST_00354,68,Female,Unemployed,50696.64131,169,514.2928587,11,611.7156887,49,146.580578,39,18,7,576,1,9271.784456,0,0,0,1116.187218,1,High Risk
CUST_00355,36,Other,Self-Employed,64184.88352,59,2678.432106,6,48.30386626,14,766.4807731,78,17,2,353,2,15770.62562,5,0,1,11353.32724,1,High Risk
CUST_00356,63,Other,Employed,98249.15969,221,1911.949968,3,1281.244273,45,817.1100855,6,12,1,689,5,14714.23844,2,0,0,4900.703602,0,Low Risk
CUST_00357,47,Male,Self-Employed,42360.88603,187,1339.408031,5,887.6906199,47,658.3281017,39,6,1,514,3,23192.81079,7,0,0,5671.988417,1,High Risk
CUST_00358,49,Female,Self-Employed,38024.3208,236,1435.602133,11,637.7984801,3,600.5371499,65,1,5,310,1,5852.53075,6,0,0,6659.031358,1,High Risk
CUST_00359,48,Other,Unemployed,55764.58606,167,2365.540289,1,337.2049825,18,150.3996893,69,6,1,753,0,5996.073899,6,0,0,2347.93995,1,High Risk
CUST_00360,65,Other,Self-Employed,45389.14802,137,2572.719622,11,369.3333796,20,417.0479996,21,9,3,710,2,12399.35093,0,0,0,12074.3953,0,Low Risk
CUST_00361,25,Female,Self-Employed,72956.72133,135,752.865758,1,944.9934149,39,803.4164313,58,16,8,883,3,7294.294033,5,0,0,2902.403883,1,High Risk
CUST_00362,54,Female,Employed,35452.60415,209,913.4713019,2,412.401234,0,304.945809,4,4,9,408,0,1313.7654,0,0,0,6773.448181,1,High Risk
CUST_00363,60,Other,Employed,45520.74106,53,1214.134142,9,836.4018981,19,533.1998359,17,8,2,326,0,9469.780919,5,0,0,12542.38358,1,High Risk
CUST_00364,56,Other,Unemployed,65771.83534,108,1000.316081,6,1515.030701,21,615.2901424,10,3,0,715,4,24979.45968,1,1,0,500.0,1,High Risk
CUST_00365,43,Male,Self-Employed,55550.55763,138,56.19352301,2,678.344332,12,628.6605675,7,19,1,648,3,26920.97069,6,0,0,1900.297443,1,High Risk
CUST_00366,48,Male,Self-Employed,70901.73809,186,848.097163,11,463.4944446,40,243.8556702,19,14,9,588,4,15252.0146,5,0,0,5659.198551,1,High Risk
CUST_00367,68,Other,Self-Employed,42141.81107,203,936.9500486,2,933.7025219,0,470.5709073,74,13,9,816,2,5318.596297,5,0,0,7743.928476,1,High Risk
CUST_00368,65,Male,Unemployed,72739.12104,13,539.8769514,3,370.9728907,14,711.4616216,58,17,6,785,3,7310.572011,4,0,0,10498.25251,1,High Risk
CUST_00369,50,Other,Self-Employed,20050.87328,152,1852.22422,9,1401.994586,14,964.759267,24,9,8,564,4,12555.88686,5,0,0,8511.793262,1,High Risk
CUST_00370,54,Other,Employed,20771.50439,100,1399.342794,5,1291.266884,13,446.0434373,57,15,8,524,2,8975.18605,4,0,0,10027.41136,1,High Risk
CUST_00371,52,Male,Unemployed,73022.7185,101,1993.829723,0,742.5399334,4,602.7909636,18,19,3,649,1,12980.75342,5,0,0,9600.575134,1,High Risk
CUST_00372,40,Male,Employed,50132.29236,207,712.1779313,5,485.9473865,48,210.0820141,1,9,7,388,0,12259.80352,0,0,0,10433.99119,1,High Risk
CUST_00373,51,Female,Employed,66574.68559,141,2007.121628,7,650.9805445,5,439.3390624,57,8,0,402,2,4653.217506,6,0,0,1848.848295,1,High Risk
CUST_00374,42,Female,Unemployed,51790.47725,190,1615.775838,11,696.5170358,40,375.0057209,65,15,5,629,3,11706.07852,5,0,0,5658.73578,1,High Risk
CUST_00375,52,Female,Employed,49873.26365,98,1061.228298,7,934.2484961,30,984.4822568,6,4,7,424,0,14777.95991,4,0,0,7305.885664,1,High Risk
CUST_00376,22,Other,Self-Employed,26095.62454,108,2783.427718,5,1163.871315,25,683.2822521,50,18,1,603,0,9756.553813,4,0,0,8792.749329,1,High Risk
CUST_00377,37,Male,Unemployed,49516.88777,145,1590.165049,5,437.2205792,24,523.3605048,32,0,7,382,2,17679.70714,2,0,0,6638.486209,1,High Risk
CUST_00378,44,Other,Employed,74508.93025,168,1078.762074,2,1153.818348,48,24.06969498,74,0,3,566,1,12334.37686,6,0,0,6866.137875,1,High Risk
CUST_00379,61,Male,Self-Employed,51020.06529,3,1724.828245,1,1016.189964,38,577.1020118,12,4,1,700,2,11218.27901,4,0,0,5741.339835,1,High Risk
CUST_00380,50,Other,Self-Employed,62277.40752,48,742.8116339,6,622.2736782,39,579.6177454,9,6,3,685,5,12371.56184,4,0,0,7853.381776,1,High Risk
CUST_00381,22,Female,Employed,61778.73127,90,1358.58575,7,419.6508365,14,443.2945416,58,14,7,660,4,8753.047959,4,0,0,18207.88834,1,High Risk
CUST_00382,59,Female,Self-Employed,31771.2557,173,3123.270455,9,840.6814511,5,511.6736296,37,10,3,356,4,14435.00099,5,0,0,8299.137009,1,High Risk
CUST_00383,65,Female,Unemployed,65428.34597,234,84.32477363,5,429.1440307,0,950.3743824,19,11,7,676,5,6855.531164,1,0,0,2946.999313,0,Low Risk
CUST_00384,43,Other,Employed,44352.88298,24,1077.420795,4,1158.288297,40,737.1897271,13,16,6,486,4,26332.42999,4,0,0,12306.23778,1,High Risk
CUST_00385,69,Male,Self-Employed,45326.25665,5,1381.926496,3,406.6410298,6,278.6588159,39,16,4,778,5,24173.0064,2,0,0,500.0,0,Low Risk
CUST_00386,51,Male,Self-Employed,87758.5134,144,1206.879228,0,991.6971676,3,988.0921623,6,16,7,636,3,11537.35321,6,0,0,9207.972845,1,High Risk
CUST_00387,66,Female,Employed,60751.4606,132,1099.482385,8,771.7842723,0,301.4367101,68,3,1,393,2,15417.15153,7,0,0,8094.997668,1,High Risk
CUST_00388,41,Female,Employed,38506.96356,63,2854.593393,10,603.7812905,40,904.0111327,5,1,2,786,0,15613.7222,3,0,0,15143.38383,0,Low Risk
CUST_00389,42,Female,Employed,51161.68513,162,1056.122216,9,764.0089728,1,318.9767069,39,9,3,697,3,15567.98956,6,0,0,9086.296773,1,High Risk
CUST_00390,21,Female,Employed,50659.15867,40,1817.471046,3,1177.994109,47,462.1539484,52,4,9,820,4,16109.22908,1,0,0,14730.66109,0,Low Risk
CUST_00391,46,Male,Unemployed,80349.67678,227,1009.953645,1,382.7099069,33,0.0,8,9,4,820,3,16538.4486,2,0,0,8082.592954,0,Low Risk
CUST_00392,61,Other,Employed,50710.29045,48,1819.348848,3,655.7452057,34,631.8374174,64,9,4,412,0,16160.00228,6,0,0,9787.328671,1,High Risk
CUST_00393,21,Other,Unemployed,89743.97576,172,2248.542104,10,536.8897524,45,9.269716461,19,10,0,421,3,7286.074024,0,1,0,5241.069671,1,High Risk
CUST_00394,45,Other,Unemployed,26658.81145,136,1440.500523,4,786.4840033,12,551.8317968,5,9,0,685,1,14669.81037,2,0,0,6241.031357,0,Low Risk
CUST_00395,36,Other,Employed,49417.65043,43,1042.548118,1,560.3616876,16,391.3482488,76,10,0,641,4,7532.313728,3,0,0,10774.16008,0,Low Risk
CUST_00396,59,Female,Unemployed,36268.60204,233,1401.184772,6,181.1715652,9,394.1496181,38,5,4,762,2,15139.25597,1,0,0,13449.18407,0,Low Risk
CUST_00397,52,Female,Employed,41093.0851,155,1928.062313,2,430.7018586,2,598.4978732,20,9,1,681,5,17617.28161,3,0,0,500.0,0,Low Risk
CUST_00398,28,Female,Employed,41483.81292,228,2193.170416,7,1373.214256,3,704.8972776,36,7,2,455,4,14250.23821,5,0,0,17341.48942,1,High Risk
CUST_00399,62,Other,Self-Employed,37196.47976,141,1705.621481,3,886.354874,24,827.1948648,11,10,7,427,4,16490.87886,7,0,0,10034.51806,1,High Risk
CUST_00400,67,Female,Employed,81143.09249,112,1436.406062,11,874.3267188,36,207.5760598,69,19,9,342,2,13318.5454,0,1,0,6473.487945,1,High Risk
CUST_00401,58,Female,Self-Employed,75606.08592,231,2523.052035,10,701.0856635,42,422.2079309,14,18,7,874,2,23095.07832,0,0,0,10118.52117,0,Low Risk
CUST_00402,48,Male,Unemployed,57247.60121,43,998.7186319,4,781.9311016,37,488.0738419,20,6,9,680,0,14463.73666,5,1,0,5531.850001,1,High Risk
CUST_00403,61,Male,Self-Employed,41461.66589,201,1170.1977,2,649.565827,28,650.7390557,45,11,1,574,0,6488.286706,0,0,0,11370.53328,1,High Risk
CUST_00404,45,Female,Unemployed,37701.80523,59,2934.955714,10,984.4249859,0,645.6308737,70,5,7,688,1,9082.106854,5,0,0,11102.52261,1,High Risk
CUST_00405,54,Male,Employed,63352.55735,176,1422.601461,4,835.283099,29,288.8229563,9,11,8,322,3,14606.97023,6,0,0,8578.184876,1,High Risk
CUST_00406,69,Male,Unemployed,55402.71712,125,2027.236252,8,390.0561264,38,800.4651436,65,4,9,683,3,19875.58775,5,0,0,3912.77763,1,High Risk
CUST_00407,44,Female,Unemployed,47393.13284,88,790.4894926,10,888.8035761,9,602.5293511,75,12,9,428,3,14411.73093,7,0,0,8115.551106,1,High Risk
CUST_00408,43,Female,Employed,59741.47413,178,2300.791037,1,20.0,28,947.2439945,38,16,5,710,5,13354.97535,5,0,0,8868.015493,1,High Risk
CUST_00409,32,Female,Unemployed,66039.26974,65,579.5038021,6,944.8507199,43,579.2707839,21,8,0,580,4,5292.424009,2,0,0,12043.45064,0,Low Risk
CUST_00410,26,Female,Employed,47227.27946,41,520.0554899,9,306.7251001,31,0.0,41,19,2,481,4,23377.20765,2,1,0,5488.34167,1,High Risk
CUST_00411,55,Other,Self-Employed,35828.13357,140,2213.980671,7,766.3807198,43,294.1519306,5,16,4,527,2,4032.877424,6,0,0,6420.969115,1,High Risk
CUST_00412,64,Other,Employed,26219.918,215,1210.864559,2,381.8803389,0,459.7468962,51,18,2,380,5,2726.044988,4,0,0,13766.77571,1,High Risk
CUST_00413,39,Female,Employed,54511.37014,200,1306.096981,10,800.9881198,40,288.9444454,36,18,2,887,1,9178.651033,0,0,0,15658.05665,0,Low Risk
CUST_00414,20,Male,Unemployed,89010.42752,195,1844.478598,3,1002.397482,16,279.7150213,5,7,8,580,1,15555.51396,3,0,0,8217.95261,0,Low Risk
CUST_00415,27,Female,Self-Employed,30008.06114,228,1267.940276,10,1325.98948,11,976.0972457,72,7,4,473,3,9599.867464,0,0,0,13560.51845,1,High Risk
CUST_00416,65,Female,Employed,69790.44346,189,661.8260968,9,260.5248207,1,187.6700563,28,14,7,658,2,8302.350451,1,0,0,7988.092999,0,Low Risk
CUST_00417,35,Male,Self-Employed,37839.98913,208,1045.668952,1,1141.415534,8,367.6687967,68,6,6,870,3,7065.979264,2,0,0,2743.555282,0,Low Risk
CUST_00418,33,Other,Self-Employed,41467.43235,166,720.1599588,9,845.9034469,11,516.5469557,50,5,3,674,4,22606.24732,0,0,0,5175.158346,0,Low Risk
CUST_00419,31,Female,Unemployed,66468.62264,29,2429.080744,8,642.2664965,24,171.1622027,76,15,2,354,2,14011.61263,4,1,0,4856.528962,1,High Risk
CUST_00420,42,Female,Employed,45405.35318,203,2464.56512,2,1065.949777,35,459.2292361,26,7,2,630,5,17376.44394,7,0,0,6308.706541,1,High Risk
CUST_00421,34,Other,Unemployed,54468.67634,185,827.4289975,8,717.4263021,43,0.0,36,2,1,686,3,24343.30593,0,0,0,6411.942057,0,Low Risk
CUST_00422,47,Other,Employed,54123.70561,200,1848.362674,6,1051.135681,49,362.2309906,45,9,4,447,1,24150.91983,4,0,0,17553.39223,1,High Risk
CUST_00423,53,Male,Self-Employed,37868.94209,225,1281.94657,5,452.7056004,34,220.3545723,24,9,1,642,0,6609.617091,2,0,0,4833.59762,0,Low Risk
CUST_00424,21,Other,Employed,66111.75601,83,2667.533027,10,578.4510387,21,423.3087311,36,18,1,496,5,13497.98806,7,0,0,3450.487441,1,High Risk
CUST_00425,51,Other,Employed,48891.52063,183,3395.548349,11,1130.260018,32,486.0568395,22,1,3,423,4,16724.52584,2,0,0,13430.43172,1,High Risk
CUST_00426,42,Other,Self-Employed,25006.81552,109,2085.417181,10,1319.890183,49,837.174743,25,8,5,632,3,12650.17373,4,0,0,835.3534818,1,High Risk
CUST_00427,41,Male,Self-Employed,33935.28766,190,1089.016982,2,787.7388353,20,347.4417149,75,0,5,783,2,7945.454465,5,0,0,9230.791772,1,High Risk
CUST_00428,44,Other,Employed,10000.0,191,572.8685805,10,20.0,39,1034.299241,51,9,7,753,2,0.0,6,0,0,7898.18945,1,High Risk
CUST_00429,41,Other,Unemployed,50935.85658,38,1695.795746,6,730.3327511,21,553.0633526,2,17,5,648,3,20075.01765,1,0,0,6380.069117,0,Low Risk
CUST_00430,41,Male,Employed,73473.19634,87,1375.277534,10,811.3491412,27,264.2938499,72,0,5,752,5,23090.43959,5,0,1,4214.138529,1,High Risk
CUST_00431,68,Other,Self-Employed,31151.3031,157,346.0464016,2,718.5293182,3,533.7880476,78,11,3,378,1,16420.00093,6,0,0,3199.13827,1,High Risk
CUST_00432,61,Other,Unemployed,60539.68865,171,1563.495556,10,917.7184966,25,808.8812841,71,4,4,307,3,11858.09289,7,0,0,10757.58517,1,High Risk
CUST_00433,25,Male,Self-Employed,57750.21291,30,3189.893318,5,633.0815253,22,233.0657817,27,10,6,672,4,8683.381473,5,0,0,13000.99205,1,High Risk
CUST_00434,34,Female,Self-Employed,36466.20454,18,2144.569882,7,1093.604801,47,985.5539039,79,19,9,866,2,12777.60101,2,0,0,5062.701916,0,Low Risk
CUST_00435,62,Male,Unemployed,77657.61481,37,570.5584801,4,391.6503545,48,633.0405802,33,13,8,848,4,20014.92061,4,0,0,7196.316421,1,High Risk
CUST_00436,56,Other,Self-Employed,45092.11208,166,1485.268869,10,1232.897048,22,213.9925191,64,14,3,756,5,15309.0891,2,0,0,2902.042486,0,Low Risk
CUST_00437,52,Other,Self-Employed,86184.83084,186,1798.766891,10,1342.527588,40,369.4482492,28,1,9,569,5,0.0,0,1,0,8387.321275,1,High Risk
CUST_00438,27,Other,Self-Employed,20557.77856,101,1893.941698,2,480.4290917,7,396.082189,3,3,0,731,0,21621.11062,3,0,0,5390.789974,0,Low Risk
CUST_00439,63,Male,Self-Employed,45155.56007,239,190.9998805,5,480.240061,31,777.0725464,67,18,5,525,1,16071.03852,1,0,0,8928.836872,1,High Risk
CUST_00440,63,Other,Self-Employed,47295.46357,149,1406.139028,7,943.7433598,38,205.1553579,61,12,1,622,3,5567.840512,7,0,0,7504.909191,1,High Risk
CUST_00441,24,Other,Self-Employed,49268.96562,187,1708.816178,9,384.4728566,43,884.8653583,37,18,6,719,3,15549.61672,3,0,0,2342.04533,0,Low Risk
CUST_00442,58,Male,Self-Employed,62893.95772,215,1350.759223,2,627.5889951,0,785.4010373,66,12,5,634,1,13247.48966,1,0,0,8484.096257,0,Low Risk
CUST_00443,23,Female,Self-Employed,111166.2917,124,10.0,11,1185.884435,29,916.0933049,1,11,8,421,2,13225.53958,0,0,0,7717.600814,1,High Risk
CUST_00444,25,Female,Self-Employed,58191.19076,163,1378.678919,10,1058.162368,27,514.7027768,75,1,5,775,3,5951.943166,6,0,0,5252.759207,1,High Risk
CUST_00445,64,Other,Employed,50436.32437,25,2127.315339,10,1493.06872,16,808.7214282,43,4,5,536,1,10432.64655,4,1,0,11801.15023,1,High Risk
CUST_00446,51,Male,Employed,30268.40858,121,1042.41562,4,859.7744517,22,439.8207494,78,17,3,681,3,2328.486491,5,0,0,7532.564946,1,High Risk
CUST_00447,49,Other,Self-Employed,15978.08349,65,1124.050076,8,586.2066992,37,755.4117957,31,18,8,703,2,19356.06153,4,0,0,9781.304775,1,High Risk
CUST_00448,66,Male,Employed,71064.69496,72,2618.251583,9,817.9352291,23,521.8846775,2,2,2,688,1,6857.90807,4,0,0,15960.56215,1,High Risk
CUST_00449,54,Male,Unemployed,40157.88519,226,1340.135555,9,747.2940812,21,950.2669909,16,3,0,746,2,18733.39108,0,0,0,16502.80933,0,Low Risk
CUST_00450,59,Female,Employed,96874.85036,152,1589.520117,2,752.2050118,4,567.0832017,11,17,9,492,3,15686.724,5,0,0,2386.447363,1,High Risk
CUST_00451,35,Female,Self-Employed,65627.80913,197,10.0,11,791.6687022,24,288.8377917,63,11,7,760,1,9623.792185,3,0,0,11275.36218,0,Low Risk
CUST_00452,32,Male,Self-Employed,56148.07052,229,657.7074021,10,473.8816519,6,878.2243494,62,2,7,409,0,7508.675829,6,0,0,7181.100652,1,High Risk
CUST_00453,69,Other,Employed,57094.32013,82,3251.742913,1,898.7762142,21,552.1275947,77,10,0,513,3,13256.46636,7,0,0,9474.963551,1,High Risk
CUST_00454,61,Female,Self-Employed,57271.58177,236,2824.410768,10,306.9678563,43,365.8398539,71,13,8,762,1,18509.70244,2,1,0,13239.2426,1,High Risk
CUST_00455,49,Other,Unemployed,37497.79498,61,1878.300587,7,549.1106872,36,353.9856059,40,2,1,884,0,16877.45209,5,0,0,11249.69337,1,High Risk
CUST_00456,38,Female,Unemployed,18472.95133,155,10.0,6,758.3924329,33,277.4829788,1,4,5,814,1,15391.58669,5,0,0,7481.183732,1,High Risk
CUST_00457,36,Female,Self-Employed,40087.66772,19,434.6634538,11,20.0,35,141.8916161,52,6,8,301,4,11021.24859,4,0,0,12596.29383,1,High Risk
CUST_00458,38,Other,Unemployed,49669.58796,41,413.2164792,8,1069.147038,48,394.4437634,33,19,5,695,4,16897.16406,2,0,0,5857.505301,0,Low Risk
CUST_00459,47,Female,Unemployed,38339.28858,79,401.5249232,3,81.39592155,39,551.2105326,73,16,6,643,1,2744.240081,3,1,0,9093.873791,1,High Risk
CUST_00460,45,Female,Employed,26850.4961,94,1191.181886,2,1034.355692,19,404.6981817,39,18,8,509,1,13477.07548,2,0,0,11226.5121,1,High Risk
CUST_00461,56,Other,Unemployed,36532.21433,205,2124.590004,9,347.5167485,36,0.0,70,2,4,357,4,12052.73101,2,0,0,11508.74108,1,High Risk
CUST_00462,45,Female,Employed,68643.18441,204,994.4717669,4,658.2784583,16,115.7318056,64,0,0,783,3,4658.733784,5,0,0,500.0,1,High Risk
CUST_00463,42,Female,Self-Employed,63467.52412,169,1251.650296,10,981.6957264,3,735.0196659,54,7,8,412,4,9902.194316,2,0,0,4346.020944,1,High Risk
CUST_00464,28,Female,Employed,53085.37633,26,1254.237986,0,1569.348832,49,471.3880762,73,19,9,784,4,22153.573,0,0,0,4558.279336,0,Low Risk
CUST_00465,31,Other,Self-Employed,60567.76267,168,2222.584497,4,840.7581922,17,73.51140287,50,4,6,370,5,15426.10621,3,0,0,6992.954142,1,High Risk
CUST_00466,20,Male,Self-Employed,29625.19758,90,2214.568714,2,106.0807851,27,411.1099454,4,2,7,782,4,17634.56193,6,0,0,11175.03562,1,High Risk
CUST_00467,20,Other,Self-Employed,35682.35375,227,1629.599335,0,1133.793296,49,531.1535262,55,19,1,344,2,9324.817479,2,1,0,9059.330944,1,High Risk
CUST_00468,66,Male,Self-Employed,55598.27134,211,2522.749618,2,718.8285583,15,738.8380003,20,16,4,841,3,1922.613398,4,0,0,11929.78941,1,High Risk
CUST_00469,53,Female,Self-Employed,31918.84104,187,1193.711911,4,824.4673291,42,328.4067866,57,12,7,503,2,21006.7168,7,0,0,16088.22704,1,High Risk
CUST_00470,51,Male,Employed,51951.16847,46,2897.53971,4,995.2520605,7,658.5688908,72,12,6,775,3,7604.05815,7,0,0,8094.093374,1,High Risk
CUST_00471,67,Other,Self-Employed,27274.55731,38,1015.138099,9,21.11771508,43,494.4512979,30,3,6,539,2,10021.37097,4,0,0,9103.586729,1,High Risk
CUST_00472,44,Other,Unemployed,20306.96727,101,10.0,11,802.2878967,17,407.3297855,45,17,3,871,5,3907.621379,5,1,0,13877.69125,1,High Risk
CUST_00473,59,Female,Unemployed,63249.41761,72,489.6627118,7,656.6071385,49,718.2574492,26,5,1,742,2,20354.6609,3,0,0,3572.407594,0,Low Risk
CUST_00474,64,Male,Self-Employed,68486.82534,124,418.5621777,10,1227.642217,28,263.7707928,69,1,9,546,1,13983.89892,5,0,0,10135.38385,1,High Risk
CUST_00475,20,Female,Unemployed,38645.22211,126,907.845891,0,1054.489817,39,736.8357453,30,14,2,753,4,11208.82025,0,0,0,8096.922651,0,Low Risk
CUST_00476,35,Female,Employed,22631.67352,82,2402.89094,6,230.549327,15,214.6485563,40,1,8,453,5,15680.18092,2,0,0,1393.180094,1,High Risk
CUST_00477,58,Other,Employed,10249.3006,47,1140.69602,4,1241.919048,29,355.9198121,44,19,3,891,5,9779.54475,6,0,0,12385.00089,1,High Risk
CUST_00478,24,Male,Self-Employed,83156.00269,222,416.0028117,2,957.3337809,48,403.9012838,35,19,0,849,1,8371.799393,0,0,0,13783.34733,0,Low Risk
CUST_00479,41,Male,Self-Employed,52005.03536,235,335.0417216,3,258.4654409,33,472.2892169,1,15,9,765,1,4913.237305,3,0,0,12209.17219,0,Low Risk
CUST_00480,48,Male,Self-Employed,39056.12065,226,1453.977885,2,819.5135862,29,0.0,61,10,3,524,1,4144.880629,1,0,0,4651.775773,1,High Risk
CUST_00481,22,Male,Unemployed,43449.59185,156,2719.793191,7,1162.18914,20,526.3850669,20,16,7,541,0,18425.61985,4,0,0,17889.59429,1,High Risk
CUST_00482,31,Female,Unemployed,15560.0195,141,1676.832683,3,375.0846446,21,43.21397081,33,0,7,857,5,19606.87777,2,0,0,12530.98203,0,Low Risk
CUST_00483,45,Female,Employed,61158.17253,182,2255.105161,2,1282.152068,46,541.9085226,12,12,9,853,3,1825.999323,2,0,0,11179.59398,0,Low Risk
CUST_00484,35,Other,Unemployed,86001.93845,155,1821.463046,1,270.5799291,24,568.5819276,18,7,9,756,1,11692.70212,3,0,0,12209.3381,0,Low Risk
CUST_00485,56,Female,Employed,35910.37384,33,278.8070349,2,523.0704882,21,744.1608596,32,2,1,791,1,12633.23734,3,0,0,10645.49769,0,Low Risk
CUST_00486,41,Female,Unemployed,92902.22666,87,1981.085048,6,469.9952076,27,166.1713101,48,13,9,752,0,8099.67151,5,0,0,6824.422053,1,High Risk
CUST_00487,48,Other,Employed,47904.71181,47,588.7754302,5,1281.926806,38,557.3321236,2,13,3,834,0,7109.701521,5,0,0,10109.56915,1,High Risk
CUST_00488,33,Other,Self-Employed,80001.55631,117,1166.574569,9,628.1443522,32,488.0759245,37,13,6,798,4,12608.27909,5,0,0,10983.48259,1,High Risk
CUST_00489,47,Other,Unemployed,55529.9788,69,921.8555697,11,393.0140491,1,358.064162,70,18,7,492,1,7819.860981,0,0,0,8430.078362,1,High Risk
CUST_00490,24,Female,Employed,55510.3614,78,1417.113365,4,955.8238076,3,231.2869957,14,10,0,453,3,12192.33829,5,0,0,4715.488813,1,High Risk
CUST_00491,66,Female,Unemployed,83190.66337,42,1301.1001,7,1031.413347,15,520.2103706,37,11,7,765,1,5518.877041,4,0,0,8948.417222,1,High Risk
CUST_00492,68,Other,Self-Employed,64088.67089,176,1195.47895,10,1033.637633,11,834.2299911,24,0,0,866,4,8497.391253,0,0,0,12384.86557,0,Low Risk
CUST_00493,49,Other,Employed,56747.26541,184,1279.300988,0,705.0312922,16,439.8495716,60,0,5,314,5,10340.18907,3,0,0,7991.408823,1,High Risk
CUST_00494,65,Other,Unemployed,15055.93691,43,1714.176079,2,889.0870054,35,813.4366456,49,13,4,749,1,9995.975253,4,0,0,13024.69546,1,High Risk
CUST_00495,24,Female,Unemployed,22870.24581,219,1279.248462,1,572.4184198,15,786.4883353,9,17,9,378,0,18876.65041,3,0,0,6730.598564,1,High Risk
CUST_00496,31,Female,Self-Employed,58253.98953,122,1361.921298,1,1386.180587,38,0.0,49,1,6,310,0,8686.773924,5,1,0,7886.930701,1,High Risk
CUST_00497,35,Male,Self-Employed,76420.0995,83,3093.740183,11,1200.471806,22,285.1924515,41,3,5,869,4,17656.39489,0,0,1,500.0,1,High Risk
CUST_00498,45,Female,Employed,52312.11921,40,2331.647481,10,1179.03489,7,362.8103279,70,17,9,538,4,0.0,5,0,0,9911.966674,1,High Risk
CUST_00499,45,Female,Unemployed,39356.5165,102,1101.218419,11,1077.940577,8,830.9531437,51,3,0,496,0,12012.34329,0,0,0,500.0,1,High Risk
CUST_00500,67,Female,Unemployed,16894.93299,166,1585.352354,0,981.9066571,13,495.0153455,45,16,5,460,0,0.0,0,0,0,8332.498777,1,High Risk
CUST_00501,40,Other,Self-Employed,35895.46897,213,1522.732101,4,364.4731305,8,822.6644722,39,15,2,798,1,19400.10786,7,0,0,9528.323878,1,High Risk
CUST_00502,58,Female,Self-Employed,52357.66033,174,1563.965589,4,1021.655433,46,465.899321,57,15,5,471,4,24148.5369,1,0,0,8149.400075,1,High Risk
CUST_00503,55,Other,Employed,34583.78026,59,1483.257651,2,839.9928305,25,829.6769629,23,8,6,434,5,11783.3618,0,0,0,2132.43069,1,High Risk
CUST_00504,52,Male,Unemployed,32639.96713,68,1569.757639,11,1242.17743,35,613.083559,68,9,5,525,1,22334.7858,2,0,0,11747.57619,1,High Risk
CUST_00505,49,Male,Unemployed,49079.88926,211,1298.579757,11,1082.596714,2,476.0666969,39,6,8,568,0,7218.478763,0,0,0,15153.51742,1,High Risk
CUST_00506,56,Other,Employed,76071.41006,32,1008.36399,8,992.6331646,9,793.6797324,19,8,8,331,3,17894.917,5,0,0,17246.75711,1,High Risk
CUST_00507,42,Other,Employed,62324.94898,12,1189.720081,11,210.5213209,24,373.8496026,28,15,7,594,4,17074.95457,3,0,0,8102.278237,0,Low Risk
CUST_00508,29,Other,Self-Employed,55145.69214,229,111.1936015,5,768.8498122,3,1005.182533,36,16,4,889,1,11080.09436,6,0,0,6975.224883,1,High Risk
CUST_00509,24,Female,Self-Employed,53392.75485,63,2056.060786,9,604.737709,29,134.6079691,19,15,9,618,4,11946.12085,5,0,0,2478.383179,1,High Risk
CUST_00510,55,Male,Employed,59921.18064,193,1885.676922,5,888.3280735,49,392.3674798,17,15,2,831,3,13993.2085,0,0,0,10185.70679,0,Low Risk
CUST_00511,53,Other,Employed,48017.63164,38,3109.27944,9,654.558105,10,525.1969976,3,19,3,827,5,13235.1963,3,1,0,14884.29416,1,High Risk
CUST_00512,50,Female,Unemployed,42600.53088,56,543.5843251,5,703.4189784,18,314.5473758,10,18,9,457,2,14064.63988,3,1,0,7450.774293,1,High Risk
CUST_00513,29,Male,Employed,63287.49127,99,1177.132823,1,960.6618667,49,598.5909325,63,9,7,404,0,24836.62532,5,0,0,11967.69148,1,High Risk
CUST_00514,38,Female,Employed,45942.88492,195,2433.589358,10,648.7516603,12,469.8524867,51,1,8,656,3,24029.03493,4,0,0,500.0,1,High Risk
CUST_00515,51,Male,Unemployed,28605.24676,212,1787.112129,9,842.5570389,35,582.4717099,42,2,7,885,2,17090.6696,6,0,1,3654.163769,1,High Risk
CUST_00516,20,Female,Employed,75979.40018,6,2805.229929,9,268.2058382,2,277.7229104,13,6,9,883,1,24407.98652,1,0,0,10537.71567,0,Low Risk
CUST_00517,24,Male,Self-Employed,16341.30869,185,2681.015263,7,508.6594831,47,245.9670752,44,1,2,633,3,5426.20728,6,0,0,1173.539691,1,High Risk
CUST_00518,64,Male,Self-Employed,77329.81084,56,10.0,5,1029.615249,13,492.8488659,27,12,6,661,2,16940.5806,3,0,0,4427.873668,0,Low Risk
CUST_00519,23,Female,Unemployed,59116.19444,113,1705.896757,2,369.4327592,9,682.272362,3,3,7,348,3,17172.09795,3,0,0,4854.177754,1,High Risk
CUST_00520,35,Other,Employed,32555.28681,93,1710.120484,9,1236.003777,37,960.8613652,15,14,2,675,2,9529.220653,7,0,0,10459.16651,1,High Risk
CUST_00521,43,Male,Self-Employed,50436.58197,91,1481.740195,8,1141.039774,39,43.18067806,37,17,0,789,1,24938.60804,2,1,0,8675.490809,1,High Risk
CUST_00522,35,Other,Self-Employed,42280.45879,66,1152.428248,1,706.1195226,26,450.738163,62,6,6,432,1,21705.93959,0,0,0,5542.764251,1,High Risk
CUST_00523,21,Female,Self-Employed,64539.06311,121,2749.669482,6,1849.556937,23,610.7174552,22,17,2,598,1,15215.43095,1,0,0,5697.338262,0,Low Risk
CUST_00524,68,Other,Self-Employed,64182.76254,94,1478.374259,2,1235.086252,15,591.3144813,76,6,0,858,1,7749.485266,1,0,0,3315.089065,0,Low Risk
CUST_00525,47,Other,Employed,58304.54338,152,10.0,11,467.7521727,9,194.7798671,19,8,6,496,1,2783.770299,5,0,0,8238.211975,1,High Risk
CUST_00526,51,Other,Employed,63434.89546,236,1145.95019,5,1061.160919,26,318.2801316,68,11,6,318,5,5801.126079,6,0,0,10217.58228,1,High Risk
CUST_00527,46,Other,Employed,47933.01635,155,3156.939907,4,823.0520732,6,496.5462336,20,0,3,672,2,21833.3823,4,0,0,11669.13515,1,High Risk
CUST_00528,39,Other,Employed,81710.15171,83,606.3658714,5,528.1507682,27,1170.850141,41,1,1,453,1,10362.40951,3,0,0,15708.36677,1,High Risk
CUST_00529,43,Male,Self-Employed,72024.9239,61,2474.028909,7,425.5317999,25,735.7763254,68,17,9,493,3,18918.88225,3,0,0,10553.8712,1,High Risk
CUST_00530,31,Male,Unemployed,41413.89707,187,2333.976847,2,1148.212667,17,587.6073198,13,13,4,697,3,14192.90171,2,0,0,3390.254963,0,Low Risk
CUST_00531,69,Male,Unemployed,64595.51089,184,1295.2923,1,590.7190874,12,0.0,69,5,8,735,1,0.0,1,0,0,10467.63687,0,Low Risk
CUST_00532,54,Female,Self-Employed,63024.48115,46,1651.279637,7,764.3432757,7,170.6401478,4,10,5,687,3,10435.4815,0,0,0,1677.695814,0,Low Risk
CUST_00533,52,Other,Self-Employed,45324.2902,182,1444.269933,0,477.6409251,26,192.7800566,23,18,9,634,1,6252.342828,4,0,0,7293.025417,1,High Risk
CUST_00534,52,Male,Unemployed,43911.3804,78,1078.139298,1,538.1447219,13,589.5035591,28,7,8,705,5,16996.77571,4,0,0,8478.681435,1,High Risk
CUST_00535,62,Female,Unemployed,71861.14421,146,965.1703525,9,755.57478,40,465.9479234,1,4,0,667,3,17328.3519,4,0,0,11531.35691,1,High Risk
CUST_00536,56,Male,Self-Employed,49735.51245,103,2636.533627,0,935.8638025,43,341.200701,5,6,1,789,4,10892.12535,4,0,0,11323.42273,1,High Risk
CUST_00537,31,Male,Self-Employed,54683.09403,127,1361.203855,4,20.0,5,583.6116162,33,3,5,861,0,21244.94182,5,0,0,7127.515494,1,High Risk
CUST_00538,22,Other,Employed,75219.87318,18,882.3983677,7,805.9219297,19,122.3218723,75,14,2,747,3,18492.29004,7,0,0,8042.184385,1,High Risk
CUST_00539,20,Female,Employed,95600.10201,211,1939.343972,1,538.8576456,27,296.2962591,21,0,1,808,3,9432.26876,1,0,0,12155.78025,0,Low Risk
CUST_00540,52,Other,Unemployed,40520.75095,57,1841.167695,3,1290.826929,22,483.5280133,3,4,5,827,5,15274.43088,3,0,0,2935.928968,0,Low Risk
CUST_00541,59,Other,Self-Employed,46023.79548,191,306.3912455,3,1829.963426,11,967.3041903,5,16,6,399,0,7248.305665,1,1,0,13221.25173,1,High Risk
CUST_00542,29,Male,Unemployed,51332.07221,97,984.6449146,10,674.2523378,23,723.9112014,66,12,3,796,4,9984.285414,7,0,0,10157.85517,1,High Risk
CUST_00543,62,Other,Employed,51741.25579,81,140.9612983,10,197.2200038,43,607.7594397,76,16,9,792,0,15656.76572,5,0,0,500.0,1,High Risk
CUST_00544,63,Female,Employed,56774.388,79,3540.103185,6,840.9069395,21,399.816821,62,18,8,738,3,12352.29187,6,0,0,9392.15186,1,High Risk
CUST_00545,48,Other,Unemployed,41176.78685,42,1209.80982,0,728.0997347,25,495.4585621,72,3,2,577,1,3499.594723,0,0,0,12966.88403,1,High Risk
CUST_00546,32,Other,Employed,27208.56165,221,958.5670617,8,1489.972727,21,804.0175718,67,16,1,677,4,14498.29461,4,0,0,17090.20191,1,High Risk
CUST_00547,31,Other,Self-Employed,81568.85441,23,1099.866205,2,1383.30627,6,956.43563,33,11,4,587,3,10088.99733,5,0,0,5731.568212,1,High Risk
CUST_00548,50,Male,Unemployed,61017.48501,68,896.6483527,5,1102.88124,14,440.009999,71,17,8,727,1,7218.248657,1,0,0,10467.80003,0,Low Risk
CUST_00549,65,Female,Self-Employed,42466.3568,138,1353.574672,9,594.6570716,47,612.6529356,33,10,0,892,1,5430.586286,0,1,0,10682.08273,1,High Risk
CUST_00550,21,Male,Self-Employed,57868.03414,236,2488.069058,4,1037.218298,29,728.5247573,56,3,5,628,5,10840.58627,2,0,0,10665.77348,0,Low Risk
CUST_00551,69,Male,Employed,82993.10947,201,1577.872307,3,892.7522257,3,602.1991121,36,11,7,332,4,13529.79628,7,0,0,7208.186033,1,High Risk
CUST_00552,54,Male,Self-Employed,35815.61086,12,389.9181462,8,884.4631212,5,172.6581041,5,8,6,419,3,10614.3839,7,0,0,7850.79441,1,High Risk
CUST_00553,42,Male,Unemployed,53800.52384,187,581.605684,10,254.619553,47,313.7553061,70,17,5,396,2,13837.24458,6,0,0,6531.799703,1,High Risk
CUST_00554,36,Male,Self-Employed,24982.43466,134,1639.683731,11,1171.628368,46,685.157947,44,8,2,685,1,10429.12077,4,0,0,9236.409969,1,High Risk
CUST_00555,45,Female,Self-Employed,47869.85077,45,833.9374949,8,837.7329149,1,359.1279269,40,0,8,313,5,15547.39916,5,1,0,10570.67729,1,High Risk
CUST_00556,27,Other,Self-Employed,61098.71695,107,1347.345036,0,764.7055284,30,948.4003868,4,5,4,616,0,11117.90144,3,0,0,4334.895286,0,Low Risk
CUST_00557,48,Male,Self-Employed,29934.98139,230,3616.56127,6,589.9452267,23,423.1007702,59,18,0,620,2,2186.591202,3,0,0,10176.38007,0,Low Risk
CUST_00558,45,Male,Self-Employed,46630.37536,229,695.4362107,9,522.2342251,34,166.5339796,66,0,8,385,5,4803.917373,3,0,0,10044.18145,1,High Risk
CUST_00559,29,Female,Employed,64398.69139,65,343.0423358,8,911.0405034,46,758.6524977,16,7,9,841,0,8844.668941,0,0,0,8359.218399,0,Low Risk
CUST_00560,45,Female,Unemployed,60605.60238,173,907.7868607,4,187.7930193,30,410.0040187,64,5,8,582,4,19561.28731,1,0,0,5086.590195,0,Low Risk
CUST_00561,53,Other,Employed,29162.62974,197,60.66243695,0,1076.324566,24,429.7944781,54,3,0,363,5,6267.893171,4,0,1,3137.228725,1,High Risk
CUST_00562,60,Female,Unemployed,56727.94775,84,2528.883222,7,431.0630971,7,716.9779015,8,2,6,379,1,14358.34211,4,0,0,859.250984,1,High Risk
CUST_00563,26,Other,Unemployed,60056.93907,53,572.5612495,4,79.46175983,11,252.391467,3,12,8,693,1,14440.23813,7,0,0,2323.689779,1,High Risk
CUST_00564,23,Male,Unemployed,51943.7393,58,720.8280748,5,1437.663361,1,520.5316068,41,1,1,649,4,4698.606403,5,0,0,2089.3716,1,High Risk
CUST_00565,69,Male,Unemployed,69608.10757,173,433.2558263,6,499.6695327,14,197.1594398,45,12,9,510,1,10381.12257,4,0,0,10829.19615,1,High Risk
CUST_00566,64,Other,Unemployed,39389.94826,154,146.6760803,9,547.2442935,39,518.983259,73,14,5,702,5,12927.62471,4,0,0,500.0,1,High Risk
CUST_00567,30,Female,Self-Employed,57424.72033,226,1456.119121,6,1197.088416,31,90.32063015,0,7,9,670,2,10322.66014,2,0,0,8650.27199,0,Low Risk
CUST_00568,48,Other,Employed,29026.39483,36,899.0656551,11,1449.050815,10,289.7899956,16,11,0,398,5,15401.27934,6,0,0,2309.504234,1,High Risk
CUST_00569,55,Female,Employed,21188.73482,61,56.24619507,6,263.4494475,16,724.5752668,78,7,2,566,2,15172.77242,5,0,0,11185.96041,1,High Risk
CUST_00570,44,Male,Self-Employed,64059.42166,132,1202.227532,0,465.3411789,20,824.311475,6,18,4,351,5,13270.28869,7,0,0,15397.52254,1,High Risk
CUST_00571,40,Female,Unemployed,50370.12447,132,1792.528673,6,491.0624122,21,278.7980489,4,8,6,421,4,17506.02276,4,0,0,9634.970253,1,High Risk
CUST_00572,55,Other,Employed,41658.48372,140,1146.411212,10,1127.180582,32,276.0899938,51,9,4,331,5,11977.78221,2,0,0,11965.65308,1,High Risk
CUST_00573,29,Other,Self-Employed,30827.19175,153,1979.425158,2,1373.696245,28,525.5912908,52,6,7,635,3,12679.92244,1,0,0,10289.07986,0,Low Risk
CUST_00574,56,Male,Self-Employed,64887.84287,145,2858.828886,4,421.9116034,14,297.9046423,2,9,4,767,1,13695.88819,3,0,0,1742.319704,0,Low Risk
CUST_00575,28,Female,Employed,22855.74129,120,2151.595835,9,1295.160868,20,734.4156328,61,2,5,591,5,5410.180961,2,0,0,11473.53004,0,Low Risk
CUST_00576,43,Female,Employed,67871.79443,206,1672.681356,4,551.838061,1,152.4594322,31,1,1,730,5,15481.13937,3,0,0,10225.0962,0,Low Risk
CUST_00577,54,Female,Unemployed,58117.95267,130,2149.7553,7,917.643016,41,343.2359389,1,6,4,899,2,8320.32792,3,0,0,10155.05471,0,Low Risk
CUST_00578,68,Male,Unemployed,23759.75502,237,3281.690312,6,354.9912052,37,953.0768389,79,9,6,470,0,10721.79782,6,0,0,8521.547551,1,High Risk
CUST_00579,54,Female,Employed,52267.30547,19,347.001614,6,757.3243552,2,594.5479245,52,7,0,667,1,15280.90417,0,0,0,5531.688284,0,Low Risk
CUST_00580,67,Other,Unemployed,97767.04776,84,2006.175125,5,761.1105501,24,646.1066684,11,11,9,607,2,14680.73814,2,0,0,9238.485128,0,Low Risk
CUST_00581,55,Female,Self-Employed,71409.52912,16,702.4383037,6,689.6945928,12,452.4532839,4,19,8,367,2,3473.802479,6,0,0,12971.34739,1,High Risk
CUST_00582,37,Male,Unemployed,35095.51077,83,1693.373435,6,934.7398435,23,134.4625943,3,16,8,432,2,3528.526194,4,0,0,4550.219988,1,High Risk
CUST_00583,68,Female,Unemployed,62900.70228,209,442.3322623,4,447.5391973,30,887.2212059,55,8,7,382,3,6023.298774,5,0,0,7393.057169,1,High Risk
CUST_00584,58,Female,Self-Employed,24513.56367,206,2104.718189,4,490.6968456,14,548.7853105,79,19,8,475,4,13207.26955,0,0,0,6558.621545,1,High Risk
CUST_00585,51,Other,Unemployed,25316.34483,125,1723.939752,3,953.2552507,5,737.2771294,63,2,4,411,3,19839.4034,4,0,0,8780.302784,1,High Risk
CUST_00586,43,Female,Self-Employed,48788.49794,18,2699.601895,3,1269.712366,40,431.5391936,44,3,6,654,5,9110.142215,7,0,0,11430.38492,1,High Risk
CUST_00587,42,Other,Unemployed,59929.74083,34,1282.98159,4,792.0152071,9,493.5930472,59,6,0,490,0,6350.829297,5,0,0,8804.268173,1,High Risk
CUST_00588,51,Other,Employed,64603.94574,25,1257.522936,9,976.2847707,8,400.0075414,19,17,6,870,0,6377.863199,7,0,0,14524.45285,1,High Risk
CUST_00589,56,Male,Unemployed,64853.30704,104,1265.516564,8,1065.328004,49,551.4587614,52,16,8,561,4,14622.9148,3,0,0,6046.525038,1,High Risk
CUST_00590,31,Other,Employed,58905.50203,164,3468.917603,10,1090.676816,40,382.3231991,72,2,2,638,5,18451.08122,6,0,0,11021.07617,1,High Risk
CUST_00591,68,Other,Employed,20948.15971,100,2006.797363,11,466.266346,49,284.4312095,15,2,8,719,4,18106.52102,0,1,0,6229.424312,1,High Risk
CUST_00592,32,Male,Employed,48903.23057,146,2575.739871,5,528.0464194,40,450.4593036,29,12,4,347,2,7950.422857,4,0,0,3464.302255,1,High Risk
CUST_00593,42,Other,Employed,67436.27405,164,2079.485455,7,558.4738921,4,631.9547609,19,16,8,419,0,2895.503313,7,0,0,14604.55698,1,High Risk
CUST_00594,44,Male,Employed,57979.23668,106,2205.562433,8,1475.02183,44,790.9148136,51,17,7,683,2,12502.46168,4,0,0,7052.356408,1,High Risk
CUST_00595,54,Female,Self-Employed,53277.90858,128,319.9059873,11,977.8675287,43,163.1332046,35,18,6,628,4,20891.00147,1,0,0,4567.174653,0,Low Risk
CUST_00596,60,Male,Self-Employed,55926.0656,201,1052.127224,3,962.1605021,40,721.6729713,21,16,9,843,0,14591.31298,0,0,0,5954.930424,0,Low Risk
CUST_00597,49,Other,Self-Employed,55625.35784,163,1002.943563,11,928.1825136,18,325.4345527,0,15,5,384,2,3854.289787,7,0,1,12051.91131,1,High Risk
CUST_00598,36,Male,Employed,14631.84891,70,1547.26649,6,337.7223087,19,248.071592,20,15,1,316,1,11596.80135,0,0,1,13538.62454,1,High Risk
CUST_00599,68,Other,Unemployed,70788.04057,173,1417.199427,4,1478.366665,32,261.8013952,47,0,6,835,5,5942.052637,3,0,0,14507.87314,0,Low Risk
CUST_00600,39,Female,Self-Employed,48010.40767,66,213.8596288,3,967.7156358,42,1150.968604,71,13,1,683,1,13979.3726,5,0,0,6247.787664,1,High Risk
CUST_00601,67,Male,Unemployed,62736.55623,73,1534.35237,11,1053.106039,36,686.0936567,4,14,5,381,2,11742.24218,6,0,0,7314.337184,1,High Risk
CUST_00602,44,Female,Unemployed,10000.0,20,10.0,6,182.0675489,30,212.125943,39,3,5,817,3,10363.9495,7,0,0,8961.486125,1,High Risk
CUST_00603,41,Other,Employed,79897.85427,198,2121.17673,2,1072.875348,38,361.8914391,78,19,8,405,2,8215.502898,3,0,0,2872.251179,1,High Risk
CUST_00604,32,Other,Employed,29184.59041,115,1583.162888,0,675.3256425,12,160.6840683,44,10,9,446,0,14556.01052,0,1,0,9139.929581,1,High Risk
CUST_00605,38,Female,Employed,95744.13858,127,2496.286372,6,337.0259588,37,169.0004708,30,17,3,307,4,19163.94918,6,0,0,7259.673497,1,High Risk
CUST_00606,68,Male,Self-Employed,88146.32697,129,1670.278535,8,466.1827169,44,159.6006219,14,16,8,573,2,21709.26891,1,0,0,15502.81024,1,High Risk
CUST_00607,55,Male,Employed,26151.51165,63,1130.085267,1,357.287027,5,239.4338911,57,8,1,810,0,14480.21809,6,0,0,6112.141652,1,High Risk
CUST_00608,31,Other,Self-Employed,64706.66035,77,239.0123212,6,351.3755317,46,691.4629735,52,13,4,337,0,19623.63329,7,0,0,7872.882385,1,High Risk
CUST_00609,60,Female,Self-Employed,31690.18656,109,1184.382793,9,821.1917371,7,766.4225437,44,2,2,813,1,5932.685684,1,0,1,15812.50605,1,High Risk
CUST_00610,38,Female,Self-Employed,38490.69135,150,869.8310537,1,664.6330239,42,269.5853303,66,19,5,523,2,9988.608857,5,0,0,4896.35747,1,High Risk
CUST_00611,31,Male,Self-Employed,38897.01318,141,1797.240612,2,916.9242768,9,396.6716097,41,19,1,870,5,6249.237091,6,0,0,8848.993451,1,High Risk
CUST_00612,28,Male,Employed,58062.75212,209,1163.118129,9,1386.591555,40,709.6512038,23,3,9,886,3,9069.237606,3,0,0,11121.62118,0,Low Risk
CUST_00613,26,Male,Self-Employed,55843.46223,176,1983.931911,11,754.6737002,3,509.1501081,37,15,8,432,3,5845.643225,2,0,0,5798.953066,1,High Risk
CUST_00614,47,Female,Employed,28371.36521,194,2583.068836,9,20.0,13,587.0700714,50,11,3,661,4,21772.24954,4,0,0,11932.51744,1,High Risk
CUST_00615,33,Male,Employed,57919.12526,83,368.7340822,2,715.314626,3,370.4630488,23,7,6,520,4,9763.307573,3,1,0,6971.018328,1,High Risk
CUST_00616,50,Male,Self-Employed,46326.03572,228,1497.913979,11,1217.688053,23,882.7294612,76,8,4,381,1,11151.54118,1,0,0,7808.213713,1,High Risk
CUST_00617,38,Other,Employed,17230.04813,206,1461.805119,3,769.9211846,46,929.3401198,32,10,7,695,2,2724.72812,6,0,0,500.0,1,High Risk
CUST_00618,66,Male,Unemployed,42187.41925,108,1751.380025,5,1335.265729,20,680.720206,18,4,3,484,4,0.0,0,1,0,8748.017769,1,High Risk
CUST_00619,35,Male,Employed,79887.68336,30,2049.322126,2,958.5295576,9,349.9293943,24,11,6,879,2,22197.94569,1,0,0,4552.37661,0,Low Risk
CUST_00620,24,Female,Employed,42794.93712,178,2770.204303,8,156.605593,45,170.7528025,69,19,4,548,5,10565.90644,0,0,0,3981.002007,1,High Risk
CUST_00621,54,Female,Self-Employed,16960.3374,165,612.4204682,1,838.3537877,24,936.3234578,48,1,2,898,3,25764.31271,3,0,0,11563.91088,0,Low Risk
CUST_00622,31,Other,Self-Employed,64660.40119,10,242.3285847,6,903.950453,5,581.701149,16,10,7,582,0,11097.18048,4,0,0,10018.89585,1,High Risk
CUST_00623,44,Male,Employed,33304.81668,93,1650.809239,5,1178.12453,15,529.6763975,20,10,5,736,3,4536.54215,5,0,0,3220.136361,1,High Risk
CUST_00624,40,Other,Self-Employed,53859.72075,152,1859.608587,1,1436.8728,43,677.9964342,42,0,3,551,1,12130.18333,4,0,0,2078.765572,1,High Risk
CUST_00625,55,Female,Unemployed,46904.24308,123,2076.259113,10,1117.703932,27,506.8254656,75,16,8,671,2,12444.14636,6,0,0,500.0,1,High Risk
CUST_00626,42,Other,Unemployed,81710.06418,154,891.1209454,2,954.1679291,35,433.7300861,76,16,8,600,0,12861.15504,3,0,0,13538.96585,0,Low Risk
CUST_00627,35,Female,Self-Employed,46916.90016,68,237.7208756,5,1036.665895,32,1054.049396,21,3,1,633,0,11582.91386,4,0,1,500.0,1,High Risk
CUST_00628,58,Other,Employed,29397.39304,97,2475.174745,9,741.1976177,29,795.3854953,62,13,9,623,1,2918.418546,4,0,0,9517.329951,1,High Risk
CUST_00629,64,Other,Unemployed,41560.74313,216,1909.979214,3,287.9927571,35,915.3054698,23,4,8,335,0,2791.158825,5,0,0,2057.11311,1,High Risk
CUST_00630,61,Male,Unemployed,27882.02932,66,1197.041794,0,814.5236302,24,895.352998,32,3,3,758,2,18981.65431,2,0,0,12538.29786,0,Low Risk
CUST_00631,58,Other,Employed,46233.23519,67,10.0,0,927.8516146,12,4.370464564,66,5,8,529,3,23802.42835,2,0,0,12147.95139,1,High Risk
CUST_00632,33,Male,Self-Employed,81856.23319,127,964.7278516,2,378.7198309,38,708.0177242,16,17,9,582,2,10275.67954,6,0,0,4441.6387,1,High Risk
CUST_00633,50,Male,Unemployed,72472.42471,16,2056.311094,7,1264.317574,14,624.7669873,47,12,7,464,4,1023.144858,2,0,0,5362.813545,1,High Risk
CUST_00634,24,Male,Employed,86741.42906,27,1847.83789,10,1151.893855,37,346.1681737,43,5,9,838,0,19221.3653,0,0,0,7495.862829,0,Low Risk
CUST_00635,54,Male,Employed,58626.50173,230,397.3558613,3,319.8835046,29,1235.26202,24,14,2,631,0,6913.4396,2,0,0,5227.985091,0,Low Risk
CUST_00636,42,Other,Unemployed,52575.80374,102,1995.29481,10,1278.041301,13,538.3324288,71,4,9,474,2,14085.2654,3,0,0,12260.76748,1,High Risk
CUST_00637,48,Female,Self-Employed,32030.72495,107,1429.44766,0,692.0899708,49,371.0353511,59,5,6,375,5,8854.432937,6,0,0,8096.47699,1,High Risk
CUST_00638,62,Female,Unemployed,54854.0202,133,2513.658177,7,527.5279522,3,465.6862935,28,17,1,739,1,9034.629574,5,0,0,12279.84224,1,High Risk
CUST_00639,30,Female,Employed,47653.49694,135,941.6527434,9,1177.747192,0,654.9182674,11,6,1,427,5,6821.278242,2,0,0,7106.304755,1,High Risk
CUST_00640,37,Other,Unemployed,64015.29256,67,1006.416686,5,782.1309555,2,611.7499198,8,5,3,811,2,20380.37849,5,0,0,14554.52239,1,High Risk
CUST_00641,66,Male,Self-Employed,29799.41038,184,1592.076763,0,1464.714862,44,368.4099157,52,7,9,697,3,14712.05498,3,0,0,1091.11049,0,Low Risk
CUST_00642,31,Female,Employed,50948.28418,21,1165.874515,11,501.4891846,49,710.0876957,60,4,6,577,1,13985.59342,2,0,0,6050.197729,1,High Risk
CUST_00643,28,Other,Self-Employed,21677.05177,227,801.2199275,9,193.9198666,35,508.383906,30,3,3,630,0,12227.58221,7,0,0,11023.28609,1,High Risk
CUST_00644,29,Male,Unemployed,56077.02667,108,2973.151025,9,701.8466016,3,437.1948645,47,18,1,659,5,14310.53728,4,0,0,4354.510479,1,High Risk
CUST_00645,63,Female,Unemployed,62163.53387,56,2636.769361,5,1076.227875,42,447.9785505,78,9,1,863,5,4892.218334,2,0,0,2790.403036,0,Low Risk
CUST_00646,36,Male,Self-Employed,20812.81835,224,732.0701988,0,475.4999551,13,208.6110372,46,8,4,739,0,15136.64269,3,0,0,500.0,0,Low Risk
CUST_00647,57,Female,Unemployed,25884.45943,206,1676.257897,9,334.464866,24,258.3925197,32,0,2,401,1,19255.82822,3,0,0,9386.957688,1,High Risk
CUST_00648,26,Female,Self-Employed,26672.35963,140,274.4309491,9,880.1245909,38,236.727158,66,18,2,676,1,13318.56862,5,0,0,12170.49063,1,High Risk
CUST_00649,65,Female,Unemployed,46802.75074,228,2860.985316,2,287.7094764,2,0.0,63,11,0,555,1,17197.08161,3,0,0,6424.33568,1,High Risk
CUST_00650,32,Male,Self-Employed,24845.27697,146,2108.113346,1,907.3424449,6,585.4957645,16,18,2,888,0,9560.644336,7,0,0,10651.72546,1,High Risk
CUST_00651,59,Other,Self-Employed,74812.824,106,2302.926347,3,680.7819321,7,245.5483902,43,12,3,703,0,14456.17724,2,0,0,16658.25635,0,Low Risk
CUST_00652,61,Male,Employed,57850.75367,176,1298.765642,1,973.0632709,43,396.7889821,4,14,5,301,5,9676.903996,0,0,0,12189.40255,1,High Risk
CUST_00653,28,Female,Employed,60782.71244,159,2439.757706,10,315.6599186,6,424.5356953,61,1,5,427,5,2117.390361,3,0,0,11681.48402,1,High Risk
CUST_00654,69,Male,Self-Employed,21397.13806,17,2441.880881,4,1254.357103,47,253.3903788,62,19,4,431,0,10589.08554,7,0,0,6020.986999,1,High Risk
CUST_00655,46,Other,Unemployed,73277.20554,50,1368.281043,3,735.9379303,24,408.7105599,78,11,3,754,0,18755.15261,5,0,0,6227.000973,1,High Risk
CUST_00656,21,Male,Unemployed,61692.96992,141,580.7968515,5,1067.232934,16,519.9574897,38,17,5,643,0,3995.131161,0,0,0,9615.424358,0,Low Risk
CUST_00657,24,Other,Unemployed,37717.77848,238,1848.16669,6,1135.956411,25,326.1526693,71,3,4,651,2,21792.76098,7,0,0,7882.090385,1,High Risk
CUST_00658,48,Other,Self-Employed,22248.17736,36,1398.779647,11,394.8942667,3,270.920632,41,19,9,702,2,8690.640579,6,0,0,10121.35993,1,High Risk
CUST_00659,56,Male,Self-Employed,48629.70998,166,2982.040253,1,1108.790128,48,347.5227088,20,11,0,341,2,15375.69818,2,0,0,500.0,1,High Risk
CUST_00660,57,Female,Self-Employed,41604.23458,160,1540.50566,1,301.2266287,17,737.9030799,46,19,1,654,1,21109.33567,5,0,0,5347.28357,1,High Risk
CUST_00661,38,Other,Self-Employed,42351.31696,101,1585.163528,7,320.45179,3,358.0647893,73,12,8,558,0,22966.43453,0,0,0,12958.90532,1,High Risk
CUST_00662,27,Male,Employed,37302.22407,203,2145.583893,8,1487.399733,16,541.9636718,27,3,9,509,5,21649.73179,0,0,0,500.0,1,High Risk
CUST_00663,67,Other,Self-Employed,62985.84633,212,1502.62055,4,1189.148679,46,374.8324326,20,13,3,336,5,7448.255831,3,0,0,4555.863379,1,High Risk
CUST_00664,64,Female,Unemployed,10000.0,21,2055.484852,6,1525.782461,16,473.3736877,27,17,5,321,2,18863.1675,5,1,0,6911.905535,1,High Risk
CUST_00665,20,Male,Employed,75738.70023,233,1068.775404,11,670.4250893,44,711.8935045,18,5,4,460,1,8439.045303,2,0,0,500.0,1,High Risk
CUST_00666,41,Male,Unemployed,67966.0968,198,605.1518018,8,835.8500324,24,275.5591522,62,0,1,658,3,6364.468232,3,0,0,10626.19561,0,Low Risk
CUST_00667,36,Male,Self-Employed,53792.33339,72,769.9450899,0,984.5741614,2,1057.021402,51,9,0,653,4,8479.922484,6,0,1,9758.137642,1,High Risk
CUST_00668,26,Female,Employed,47406.45973,117,1230.300056,7,795.7315517,11,589.2897578,37,17,0,732,3,19587.07833,4,0,0,500.0,1,High Risk
CUST_00669,44,Other,Self-Employed,69494.9118,163,1594.896599,9,538.8523928,26,550.9845638,45,18,0,737,3,9180.412902,1,0,0,6507.934788,0,Low Risk
CUST_00670,64,Male,Employed,49239.33519,98,1899.229836,9,486.3703557,16,237.7797401,23,1,5,846,4,7327.564286,0,0,0,6841.52421,0,Low Risk
CUST_00671,23,Other,Unemployed,44988.26928,210,1864.518184,8,874.8517815,21,662.5691534,44,14,9,584,5,21608.33065,6,0,0,10906.12514,1,High Risk
CUST_00672,55,Other,Self-Employed,70496.92522,77,1508.059253,8,426.5990554,38,915.9281891,76,2,6,605,1,11182.94895,2,0,0,11301.10293,0,Low Risk
CUST_00673,25,Female,Self-Employed,87681.12305,152,643.9251876,9,416.7977777,38,311.1277491,8,7,6,313,4,15921.79501,0,0,0,11651.44001,1,High Risk
CUST_00674,50,Male,Employed,32521.87718,38,2059.060857,6,937.7502039,42,249.0124,8,18,8,347,1,6353.948569,6,0,0,12740.10201,1,High Risk
CUST_00675,38,Other,Employed,57646.38764,153,298.9247565,11,766.694227,47,511.75164,20,10,2,599,3,9628.194132,7,0,0,8939.27066,1,High Risk
CUST_00676,63,Male,Self-Employed,30444.9462,65,565.9308478,11,1128.022195,35,247.4487292,23,13,8,541,4,10787.35496,7,0,0,14781.28617,1,High Risk
CUST_00677,58,Male,Employed,59029.51428,156,1536.156543,11,651.2810065,15,387.1923552,63,15,0,883,3,8528.262404,2,0,0,10626.15448,0,Low Risk
CUST_00678,46,Female,Self-Employed,35992.73339,190,2137.16191,11,596.5604175,36,709.1396079,39,9,1,711,4,11511.5868,7,0,0,7811.83329,1,High Risk
CUST_00679,29,Male,Employed,71807.86862,225,2001.849521,9,948.2436886,28,942.1852384,73,16,6,803,4,6666.899633,7,0,0,15829.49563,1,High Risk
CUST_00680,45,Male,Unemployed,48197.85076,95,1419.732486,2,515.7912939,13,720.1524493,51,14,1,397,0,11546.26187,3,0,0,4620.332703,1,High Risk
CUST_00681,38,Other,Employed,50836.61605,7,1855.800425,4,569.6552961,6,284.9292593,3,10,9,425,2,18839.49597,7,0,0,8479.31626,1,High Risk
CUST_00682,58,Female,Unemployed,79360.07175,184,647.6368219,1,583.5409634,40,430.9391671,2,7,3,459,2,1963.137296,1,0,0,8956.386643,1,High Risk
CUST_00683,22,Male,Employed,36805.94746,168,1050.562293,10,726.6042628,27,412.70749,12,7,1,564,3,11209.49649,1,0,0,10346.35169,1,High Risk
CUST_00684,64,Other,Employed,62327.15949,192,1062.690158,9,1420.35279,12,525.0156595,20,6,1,546,3,9114.939885,1,0,0,5919.296474,1,High Risk
CUST_00685,32,Female,Self-Employed,38597.83805,27,720.0982697,2,318.1239113,15,721.0141876,7,19,0,484,3,8532.742585,6,0,0,5191.776783,1,High Risk
CUST_00686,69,Female,Employed,71533.35579,100,1212.566703,9,1253.427654,20,299.7837033,72,11,8,766,0,23716.9397,7,0,0,13155.50023,1,High Risk
CUST_00687,47,Other,Employed,82161.59808,14,1332.940684,6,1058.225365,3,1047.003377,0,15,9,601,0,20678.39511,1,0,0,2837.767917,0,Low Risk
CUST_00688,39,Other,Unemployed,45267.67044,152,1130.164606,0,1348.442597,38,239.8292411,13,15,2,869,3,9062.383016,0,0,0,13500.15758,0,Low Risk
CUST_00689,47,Other,Employed,10506.3728,139,1294.603981,2,1897.840117,34,292.3474605,75,9,0,744,0,3867.98441,7,0,0,7625.449732,1,High Risk
CUST_00690,27,Other,Self-Employed,37613.53288,86,10.0,4,1301.008557,14,299.9179357,35,6,9,538,4,21125.72034,2,0,0,9130.739513,1,High Risk
CUST_00691,60,Other,Unemployed,93787.45383,31,1808.553958,10,1123.983432,25,1115.036052,21,3,5,857,4,14406.41198,7,0,0,5743.058088,1,High Risk
CUST_00692,58,Male,Self-Employed,39341.94452,174,1175.508023,3,340.6262769,45,908.5175838,35,1,7,528,4,5069.477401,4,1,0,7045.928075,1,High Risk
CUST_00693,20,Male,Self-Employed,81878.38071,223,1174.75209,2,384.8222085,6,296.2155487,44,8,6,626,2,6536.932745,2,0,0,12546.36726,0,Low Risk
CUST_00694,22,Female,Self-Employed,39086.85218,111,389.3711248,5,926.0665645,17,384.8143861,15,14,6,590,4,12631.04965,0,0,0,5955.036762,0,Low Risk
CUST_00695,32,Male,Self-Employed,38642.01159,29,2740.80475,11,205.6733482,24,476.1692508,10,13,1,365,2,22529.56283,5,0,0,500.0,1,High Risk
CUST_00696,47,Male,Unemployed,64025.37639,57,2778.670974,5,1015.403738,36,379.5812226,66,11,3,612,4,9793.82127,3,1,0,8219.384786,1,High Risk
CUST_00697,68,Male,Employed,61868.13791,211,165.1536365,3,52.77733823,20,725.239059,24,16,5,589,3,14723.37359,6,1,0,4658.220378,1,High Risk
CUST_00698,44,Other,Self-Employed,65339.13526,135,1311.575823,8,1203.281685,7,622.5621669,66,16,1,526,2,8453.384254,6,0,0,3824.996728,1,High Risk
CUST_00699,52,Female,Unemployed,50088.39005,54,2242.234107,10,687.4048908,19,550.6347662,30,12,4,823,0,14843.27083,4,0,0,5029.111008,1,High Risk
CUST_00700,57,Female,Self-Employed,68618.48176,239,1213.172036,5,844.3089309,17,704.9804554,64,7,4,474,5,2219.695596,6,0,0,17680.88381,1,High Risk
CUST_00701,25,Female,Employed,67307.0017,15,1015.091257,8,538.0696963,18,609.7327513,10,9,2,520,2,15831.87496,4,0,0,7177.394696,1,High Risk
CUST_00702,63,Female,Unemployed,70682.50513,44,963.131577,10,135.5157564,2,668.2237232,79,12,1,364,1,13449.05793,5,0,0,5821.812642,1,High Risk
CUST_00703,64,Male,Unemployed,38775.937,145,1750.163886,9,1232.143348,37,543.2850327,37,6,6,569,2,7049.507382,4,1,0,11809.13848,1,High Risk
CUST_00704,51,Male,Employed,68605.32565,81,3592.314852,9,1267.495488,17,930.4425027,1,2,7,481,4,0.0,0,0,0,10447.58067,1,High Risk
CUST_00705,64,Other,Unemployed,40615.94944,20,2162.320817,1,676.9792822,26,532.9095611,53,14,3,639,4,21751.89517,6,0,0,13222.29929,1,High Risk
CUST_00706,66,Female,Employed,47172.17786,52,613.1539952,5,1031.675348,14,462.8811346,6,6,3,605,4,1561.795067,1,0,0,14538.14104,0,Low Risk
CUST_00707,40,Male,Unemployed,46802.71332,4,996.8935661,3,663.1880029,45,699.4217572,48,4,8,415,0,19570.67794,5,0,0,19055.65287,1,High Risk
CUST_00708,35,Male,Unemployed,32034.1296,89,1285.796664,1,900.9714455,20,642.0185075,39,7,3,310,3,7041.144979,1,0,0,4671.13089,1,High Risk
CUST_00709,40,Other,Employed,18760.68301,109,812.6664205,4,1065.69872,21,494.8903592,44,16,9,466,2,14285.85111,1,0,0,12409.16578,1,High Risk
CUST_00710,30,Other,Employed,72027.03277,143,663.4525867,2,994.2797236,7,90.43484225,53,7,2,309,0,15687.68523,6,0,0,4791.149778,1,High Risk
CUST_00711,56,Other,Unemployed,37359.50824,237,2099.943869,5,1269.339365,10,852.4467781,60,6,0,862,1,21932.46802,6,0,0,7157.135071,1,High Risk
CUST_00712,55,Male,Unemployed,45144.68496,198,1097.652027,10,981.6082365,42,810.6020198,3,6,2,627,2,5496.401474,2,0,0,10380.92373,0,Low Risk
CUST_00713,54,Male,Employed,36847.09796,49,1797.451855,7,809.829616,11,287.4547431,33,1,4,346,5,11763.72603,1,0,0,8341.679274,1,High Risk
CUST_00714,38,Other,Employed,45380.21834,91,2925.942974,3,533.5033612,47,603.9515736,7,10,1,824,4,6216.007478,4,0,0,9599.082233,1,High Risk
CUST_00715,39,Female,Unemployed,40893.74707,205,1080.531864,11,632.5231169,38,369.3416662,31,11,4,677,0,5734.757418,1,0,0,7194.778113,0,Low Risk
CUST_00716,37,Other,Unemployed,73023.50965,180,1719.70078,3,1083.517989,26,632.0837398,17,11,8,698,0,12559.54402,5,1,0,3947.283331,1,High Risk
CUST_00717,66,Other,Unemployed,39370.92533,236,681.1018087,4,274.3607184,34,778.8903322,39,18,9,736,2,17041.26485,5,0,0,11490.57187,1,High Risk
CUST_00718,60,Other,Employed,80861.97466,14,1832.408132,5,1187.032556,1,467.4116123,74,2,5,420,5,26916.58039,4,0,0,2690.34155,1,High Risk
CUST_00719,68,Other,Unemployed,70506.88519,15,2540.035522,10,701.5996959,34,677.8930912,55,11,2,346,0,10679.75768,7,1,0,14464.28006,1,High Risk
CUST_00720,33,Male,Self-Employed,41459.95415,139,2498.757708,6,513.4879335,30,147.7016312,36,5,4,825,0,11579.18885,4,0,0,7791.702687,1,High Risk
CUST_00721,34,Female,Employed,55756.60943,61,1533.844806,5,415.4465381,7,284.9023621,54,5,0,788,0,11969.18065,7,0,0,12590.80409,1,High Risk
CUST_00722,50,Other,Unemployed,59348.23393,175,1084.828474,6,1036.028725,19,725.2481129,35,18,7,804,2,12981.21593,2,0,0,16742.90121,0,Low Risk
CUST_00723,20,Female,Employed,65148.92967,232,1689.443147,8,794.8755262,7,340.2567329,9,8,8,378,4,13510.68247,7,0,0,8909.297673,1,High Risk
CUST_00724,22,Female,Self-Employed,66928.40614,200,1540.889203,3,1356.067828,3,293.2633595,69,8,4,666,5,5068.279492,5,0,0,3304.814819,1,High Risk
CUST_00725,35,Female,Employed,53359.38782,237,1868.910708,9,357.9235223,30,318.7242255,79,17,8,614,0,0.0,1,0,0,13363.56379,0,Low Risk
CUST_00726,42,Other,Unemployed,32820.38421,45,992.4161511,0,597.6427319,31,230.4171436,62,9,7,409,0,10380.17659,3,0,0,6915.544824,1,High Risk
CUST_00727,30,Male,Self-Employed,61535.98984,76,1179.86589,8,767.7225947,12,751.1690364,33,9,7,875,3,23764.39557,1,0,0,2688.31298,0,Low Risk
CUST_00728,31,Other,Self-Employed,45742.88524,25,1325.356735,6,536.8501396,21,769.6259214,71,0,1,855,5,12435.99631,3,0,0,12285.09497,0,Low Risk
CUST_00729,29,Female,Unemployed,10000.0,81,2033.171393,3,802.1415324,25,309.8627231,16,17,4,708,5,11203.59423,5,0,0,10775.14464,1,High Risk
CUST_00730,51,Female,Unemployed,57025.01259,175,2139.343574,9,911.8252682,16,223.2269675,60,9,7,390,1,11868.13443,2,1,0,8788.586233,1,High Risk
CUST_00731,35,Male,Unemployed,36786.01908,25,1154.750047,7,969.5694837,28,476.5427765,77,6,2,538,3,7806.563203,0,0,0,4331.507515,1,High Risk
CUST_00732,27,Other,Employed,41749.01462,234,579.2126553,11,1327.158496,26,207.4798936,17,7,0,599,4,11403.65032,2,0,0,13585.00413,0,Low Risk
CUST_00733,57,Female,Employed,50108.38044,103,1790.1125,6,343.7846499,21,676.4537141,60,10,3,616,3,12271.61136,2,0,0,12738.00709,0,Low Risk
CUST_00734,31,Male,Employed,22034.35322,164,2085.531906,11,918.216112,17,502.5554724,35,5,3,542,2,12240.07664,3,0,0,7879.463407,1,High Risk
CUST_00735,43,Female,Unemployed,52502.74659,146,1392.67923,1,573.5700131,4,409.2608551,52,18,9,378,3,12669.30684,2,0,0,15239.38493,1,High Risk
CUST_00736,47,Male,Unemployed,44299.266,193,929.1127192,0,950.504683,11,755.3696,32,8,3,774,2,12616.48924,4,0,0,12406.56271,1,High Risk
CUST_00737,27,Male,Employed,34210.04025,111,1117.624168,8,950.9662652,1,264.1529356,22,10,3,629,3,11627.36188,7,0,0,4897.862989,1,High Risk
CUST_00738,47,Other,Self-Employed,50832.35285,181,2811.471522,6,454.5782159,41,393.3499204,63,1,8,809,3,18813.6747,2,0,0,5889.934208,0,Low Risk
CUST_00739,55,Female,Employed,19576.46808,235,1677.384239,9,484.5966801,6,200.7765817,37,10,0,465,1,23365.85403,5,0,0,9603.224395,1,High Risk
CUST_00740,45,Other,Self-Employed,51361.28201,113,2310.713076,0,979.0750722,46,155.2179843,68,4,8,367,5,1864.390752,2,0,0,7265.945712,1,High Risk
CUST_00741,27,Female,Unemployed,58470.78044,162,857.5259208,3,808.1915788,25,273.3686993,78,18,6,536,2,8664.466864,3,0,0,9060.484625,1,High Risk
CUST_00742,69,Other,Unemployed,55494.47587,168,2468.196412,4,723.1323557,38,297.5673068,29,16,4,527,4,0.0,5,0,0,3447.027104,1,High Risk
CUST_00743,47,Female,Employed,64199.91574,234,2215.748975,4,1030.29539,14,274.5089229,15,17,1,770,5,14988.46457,2,0,0,4898.148065,0,Low Risk
CUST_00744,47,Other,Employed,70976.34289,186,1418.068063,4,1056.101467,47,477.1378655,53,13,9,361,0,19481.77399,2,0,0,8337.393244,1,High Risk
CUST_00745,56,Male,Unemployed,48535.74091,199,1987.151905,10,614.6294606,32,475.1074059,58,9,9,434,4,12668.92803,5,0,0,9153.034059,1,High Risk
CUST_00746,60,Female,Employed,69718.09072,19,2535.147446,2,501.7814018,46,112.0678358,5,16,9,459,3,12732.67683,5,0,0,8960.001742,1,High Risk
CUST_00747,55,Female,Unemployed,48468.46702,88,613.5829103,4,358.3283581,2,699.3096487,4,10,3,400,4,8541.305335,5,0,0,2233.231619,1,High Risk
CUST_00748,46,Male,Unemployed,37409.70428,41,1079.413084,3,811.7089421,41,120.9787145,0,1,3,524,3,13127.39722,1,0,0,8724.813863,1,High Risk
CUST_00749,36,Other,Self-Employed,42930.48887,43,1919.227145,4,301.893903,47,68.103386,13,9,3,581,3,11550.58138,5,0,0,12492.44316,1,High Risk
CUST_00750,28,Female,Employed,54805.59662,50,1516.198613,6,834.7999604,1,759.0147349,30,0,1,854,0,18504.43919,4,0,0,6176.08832,1,High Risk
CUST_00751,52,Female,Unemployed,69533.20127,212,1829.031204,4,1225.892877,16,224.3088792,50,13,7,664,1,24239.48465,4,0,0,4854.885276,1,High Risk
CUST_00752,39,Other,Employed,50026.33139,158,2050.523886,7,676.2890804,0,589.271489,78,10,3,617,1,21345.12189,4,0,0,6031.086101,1,High Risk
CUST_00753,32,Male,Self-Employed,37874.17631,79,1898.897843,7,612.3285018,35,354.045519,18,10,8,714,0,25595.73814,2,0,0,6551.814294,0,Low Risk
CUST_00754,47,Other,Self-Employed,75996.68084,180,1297.731454,2,1499.245671,42,248.7298199,31,9,1,777,4,15923.06446,4,0,0,13316.09465,1,High Risk
CUST_00755,67,Other,Employed,24173.3028,236,1352.837361,4,1328.395637,16,203.590342,56,19,6,322,2,14024.01938,1,0,0,2299.353442,1,High Risk
CUST_00756,48,Other,Employed,37990.30308,3,2744.270427,11,532.3907453,1,595.0949819,30,4,4,875,0,11905.88293,0,0,0,3495.734425,0,Low Risk
CUST_00757,32,Female,Unemployed,66070.11881,119,1568.961885,3,848.6546134,32,266.609412,57,4,4,482,5,14232.13031,0,0,0,500.0,1,High Risk
CUST_00758,65,Male,Self-Employed,81796.23044,180,2584.254229,4,915.0373848,28,773.8201614,25,13,6,850,3,14029.60898,6,0,0,13311.83293,1,High Risk
CUST_00759,54,Male,Self-Employed,58652.26276,21,2639.859735,7,871.281148,5,119.3694128,47,4,3,599,5,19946.27183,1,0,0,9371.344594,0,Low Risk
CUST_00760,25,Other,Self-Employed,54497.97605,228,875.2409266,3,1435.135707,42,853.7502581,40,5,2,596,1,10935.86124,6,0,0,2423.454657,1,High Risk
CUST_00761,37,Female,Employed,44764.42694,61,2088.40793,4,830.5304623,35,0.0,24,15,8,568,1,5721.583781,7,0,0,7012.618269,1,High Risk
CUST_00762,24,Other,Unemployed,59865.28084,198,635.8305578,6,883.0322065,23,571.2738847,46,14,2,887,4,11818.24509,0,0,0,10022.90642,0,Low Risk
CUST_00763,66,Female,Employed,52328.61808,109,2793.733371,2,1041.031803,10,206.1368135,53,5,4,579,2,6460.675572,7,0,0,10663.12639,1,High Risk
CUST_00764,44,Female,Employed,36418.43563,197,1650.847043,5,1216.471901,4,102.12271,56,19,1,347,5,10713.74694,0,0,0,12558.46799,1,High Risk
CUST_00765,21,Female,Employed,44438.11217,171,1612.013529,8,1127.914718,29,474.9898925,71,15,6,504,0,1653.130427,3,0,0,709.7555094,1,High Risk
CUST_00766,29,Female,Unemployed,34385.97206,140,807.9005117,10,988.3296752,9,668.9703023,60,18,6,721,3,12217.21784,2,1,0,12773.73182,1,High Risk
CUST_00767,49,Male,Employed,50245.08106,30,1014.567341,3,254.4550681,36,451.088824,3,19,4,619,5,6706.738949,3,0,0,500.0,0,Low Risk
CUST_00768,69,Female,Self-Employed,52913.11051,36,1680.951919,3,629.1517966,26,489.0047724,30,12,7,443,3,16472.69764,6,1,0,12376.06013,1,High Risk
CUST_00769,64,Female,Self-Employed,79418.89758,41,1572.793676,5,1086.797423,26,550.9236651,66,18,8,389,2,9730.541011,3,0,0,11864.69732,1,High Risk
CUST_00770,24,Other,Self-Employed,39246.85174,128,1191.906587,5,887.639544,23,654.255812,40,12,3,849,4,507.6586733,1,0,0,18766.20768,0,Low Risk
CUST_00771,52,Other,Unemployed,46746.01841,85,2202.671236,2,1089.145022,2,911.4206251,25,7,1,464,5,9561.030716,0,0,0,6201.032719,1,High Risk
CUST_00772,20,Male,Employed,72665.26379,108,1498.031043,0,1460.508122,37,313.840145,67,5,1,558,2,11499.09723,1,0,0,4668.135608,1,High Risk
CUST_00773,37,Other,Unemployed,82491.60831,186,691.4690729,2,388.0628782,25,619.6006128,65,16,3,410,4,13995.04908,4,0,0,9318.929763,1,High Risk
CUST_00774,51,Female,Employed,58544.79759,182,2076.305053,7,1198.268561,44,356.6938275,18,4,5,838,4,15185.87146,3,1,0,8746.073879,1,High Risk
CUST_00775,66,Other,Self-Employed,45435.86291,112,572.5790548,7,684.3727881,47,456.3133942,24,7,5,849,5,7163.870623,0,1,0,17971.12437,1,High Risk
CUST_00776,68,Male,Employed,41485.68199,230,10.0,5,1127.372437,38,670.5351488,46,17,1,307,0,7430.319796,2,0,1,1658.10748,1,High Risk
CUST_00777,30,Other,Employed,16824.79733,123,1576.925432,6,785.5727398,17,545.2484001,70,18,0,322,0,11826.1769,3,0,0,4766.009254,1,High Risk
CUST_00778,40,Other,Employed,33300.17062,109,675.4506649,1,1544.451589,2,313.5131328,7,11,1,708,3,13823.9009,0,0,0,3246.897086,0,Low Risk
CUST_00779,45,Male,Unemployed,51828.12362,133,1642.489642,8,845.5304277,37,526.1644425,2,11,7,870,1,14836.78274,4,0,0,9967.180572,1,High Risk
CUST_00780,44,Male,Employed,46742.25441,25,2153.086481,2,575.8200215,41,588.2132738,32,12,4,740,5,17707.93826,1,0,0,5924.857188,0,Low Risk
CUST_00781,41,Female,Employed,61221.34353,147,2287.603044,1,946.956118,47,657.6854383,27,3,2,357,4,1943.565789,7,0,0,9965.333222,1,High Risk
CUST_00782,46,Other,Employed,46486.34984,73,1898.118556,4,913.3799733,24,785.3890984,21,9,8,634,3,17821.24263,0,0,0,10898.62578,0,Low Risk
CUST_00783,68,Female,Unemployed,36930.96866,156,439.149403,0,1198.333983,12,948.1168368,29,15,6,395,5,16912.4409,0,0,0,10480.38539,1,High Risk
CUST_00784,32,Other,Unemployed,56144.19667,109,923.8783603,4,956.8184795,24,500.6308444,46,4,7,723,1,17100.87228,3,0,0,7735.087133,0,Low Risk
CUST_00785,52,Other,Unemployed,95094.77442,148,1504.33236,9,1666.272624,23,224.2230502,35,11,5,446,3,10665.63857,0,0,0,11172.79993,1,High Risk
CUST_00786,53,Female,Employed,44287.71499,48,1512.063738,3,761.0085526,40,579.164862,58,15,6,761,4,13528.90082,4,0,0,8828.182248,1,High Risk
CUST_00787,60,Other,Self-Employed,52499.97538,72,746.4723777,11,765.1330176,15,165.5062889,13,14,2,727,1,14956.28092,2,0,0,5966.32976,0,Low Risk
CUST_00788,54,Other,Self-Employed,65244.66046,33,1130.053787,5,588.6398825,42,975.5437979,72,1,0,654,2,10893.33923,4,0,0,5757.196909,1,High Risk
CUST_00789,20,Other,Self-Employed,39710.86895,95,2148.2865,11,829.9839184,40,360.6357174,13,15,0,607,0,17708.45892,0,0,0,6802.929659,0,Low Risk
CUST_00790,40,Male,Employed,72909.63566,139,1902.995006,4,880.8706924,41,746.2830485,78,10,0,720,0,4910.822508,2,0,0,14670.70161,0,Low Risk
CUST_00791,67,Female,Self-Employed,21577.278,120,1253.237108,8,898.4236855,10,578.8803768,55,8,6,602,1,16318.48321,7,0,0,8147.309967,1,High Risk
CUST_00792,25,Male,Self-Employed,42660.91369,165,2323.721929,4,823.5156864,20,561.0966254,23,1,1,825,5,14967.62813,4,0,0,8469.633365,1,High Risk
CUST_00793,47,Female,Self-Employed,44398.02384,83,438.792405,7,586.5625741,30,104.7212331,48,17,5,453,1,21117.1502,2,0,0,7643.714297,1,High Risk
CUST_00794,36,Female,Employed,52720.83941,62,2157.761906,11,491.4172052,14,302.9299659,42,12,0,346,4,23631.4266,5,0,0,3458.450691,1,High Risk
CUST_00795,24,Other,Self-Employed,14513.3366,78,2047.675003,1,668.6891963,44,401.4201149,2,12,9,798,1,10849.73178,3,0,0,615.9880655,0,Low Risk
CUST_00796,50,Female,Self-Employed,74349.3181,65,2097.353875,2,1199.538181,48,406.4791456,22,7,7,405,5,21228.59574,0,1,0,9587.841703,1,High Risk
CUST_00797,24,Male,Employed,57455.91653,102,1737.169313,2,1274.87989,35,523.2071069,19,9,4,457,0,13820.48041,2,0,0,3949.531206,1,High Risk
CUST_00798,57,Male,Unemployed,70210.96602,182,977.4011834,2,773.0624122,42,334.6559899,14,16,8,670,4,13989.38092,1,0,0,10072.12053,0,Low Risk
CUST_00799,22,Male,Self-Employed,79034.64327,50,1973.593457,5,470.4459617,0,622.5072538,42,0,2,544,5,14372.0922,3,0,0,7979.53131,1,High Risk
CUST_00800,42,Female,Unemployed,36669.85199,191,1167.503056,6,771.5892364,27,475.931022,79,15,1,893,3,3969.38169,0,0,0,12669.66486,0,Low Risk
CUST_00801,56,Male,Self-Employed,10000.0,154,1664.190523,6,1532.082902,32,664.3660127,70,10,7,834,0,18811.82192,3,0,0,11575.91821,0,Low Risk
CUST_00802,56,Female,Employed,70634.58936,76,917.6804491,11,1149.638742,2,128.7244829,32,0,4,416,2,3673.193695,1,0,0,10869.87371,1,High Risk
CUST_00803,29,Male,Unemployed,44845.11194,60,1224.086886,6,992.759942,14,695.2292845,54,5,0,369,4,15026.13026,0,0,0,3941.235011,1,High Risk
CUST_00804,29,Male,Unemployed,29602.96707,194,1385.400787,11,1136.939721,32,907.3233024,40,11,5,374,2,0.0,3,0,0,500.0,1,High Risk
CUST_00805,38,Female,Unemployed,60373.39375,32,1819.779124,2,1339.198314,31,460.130564,17,15,2,434,1,10697.57275,6,0,0,13641.78683,1,High Risk
CUST_00806,36,Male,Unemployed,94344.02478,159,1953.755178,0,396.4968295,22,801.7689204,2,10,7,437,3,11937.63236,3,0,0,8358.32341,1,High Risk
CUST_00807,40,Other,Self-Employed,48039.68309,233,2856.559529,5,662.786046,25,493.061141,2,17,5,713,1,15835.72373,6,0,0,7497.388255,1,High Risk
CUST_00808,33,Female,Self-Employed,67120.09353,12,1618.501174,2,614.9474285,47,395.3889547,15,1,1,731,0,20704.86296,2,0,0,6930.363497,0,Low Risk
CUST_00809,28,Female,Unemployed,32224.94972,41,741.8163376,2,1005.490039,16,552.7280906,42,16,5,539,3,11546.95858,2,1,0,10427.79434,1,High Risk
CUST_00810,65,Female,Self-Employed,19638.36022,57,2139.972504,2,856.0388117,8,892.2999246,22,16,2,836,5,4521.871972,3,0,0,13356.09148,0,Low Risk
CUST_00811,20,Other,Unemployed,66450.92845,30,1770.107416,8,1064.708952,4,872.2178705,14,19,6,516,0,9311.938691,2,0,0,5511.074244,1,High Risk
CUST_00812,64,Female,Unemployed,59829.31709,148,1347.702827,11,622.5894275,28,117.2151933,72,3,0,311,3,13417.79797,0,0,1,690.2445139,1,High Risk
CUST_00813,32,Male,Employed,41617.34898,171,1179.620209,3,1280.183218,5,242.828795,57,5,0,498,2,12927.88861,2,0,0,16012.25482,1,High Risk
CUST_00814,23,Male,Unemployed,80711.94754,120,1005.41086,4,775.7332021,46,478.2253809,39,14,9,806,0,1565.551103,0,1,0,9751.791173,1,High Risk
CUST_00815,20,Male,Self-Employed,18239.19855,116,978.834651,2,1043.090943,40,323.2293156,37,10,3,717,5,8925.243034,0,0,0,10014.76632,0,Low Risk
CUST_00816,68,Female,Unemployed,27859.45863,211,523.6274005,9,1218.392275,34,595.590268,5,17,6,686,0,8800.528722,0,0,0,500.0,0,Low Risk
CUST_00817,59,Male,Employed,40228.38329,77,2272.407936,11,1190.29351,20,465.3711455,45,16,3,433,1,10754.46391,0,1,0,9228.298295,1,High Risk
CUST_00818,51,Female,Self-Employed,43584.85387,67,1847.839649,0,926.2899429,44,386.6442057,5,1,8,614,5,15602.17036,3,0,0,500.0,0,Low Risk
CUST_00819,53,Male,Employed,76376.38474,83,1574.445978,11,1086.771417,44,994.350844,19,12,7,894,4,7266.723906,4,0,0,6650.692848,1,High Risk
CUST_00820,47,Other,Employed,50885.56288,102,1003.400493,3,1409.581232,22,695.6765222,18,5,4,335,5,18400.52215,4,0,0,11135.49925,1,High Risk
CUST_00821,50,Other,Unemployed,46526.82819,102,2371.494701,0,979.7604319,34,678.7195597,13,10,0,765,0,16432.29911,6,0,0,9443.810229,1,High Risk
CUST_00822,27,Other,Employed,27139.87818,48,363.4912816,10,544.6237593,45,298.196971,64,19,2,492,5,0.0,6,1,0,11179.55666,1,High Risk
CUST_00823,58,Other,Employed,69559.40375,62,1395.205676,10,1004.067756,1,490.7032815,28,6,7,688,3,9492.633158,6,0,0,5562.887214,1,High Risk
CUST_00824,45,Female,Self-Employed,29540.4641,139,2285.717094,6,786.9515737,41,465.7430855,30,17,6,441,1,13271.76825,0,0,0,3882.89178,1,High Risk
CUST_00825,53,Male,Employed,27056.99676,175,10.0,6,20.0,8,523.4572659,24,16,7,547,4,21064.37599,4,0,0,6442.760215,1,High Risk
CUST_00826,22,Other,Unemployed,42795.35346,190,1640.839924,3,961.6993083,12,389.9323212,70,12,0,620,0,4808.444791,0,0,0,7883.343987,0,Low Risk
CUST_00827,69,Female,Unemployed,52937.49244,158,971.8743581,4,840.8277275,42,730.6352695,45,13,1,823,2,1654.018914,4,0,0,5402.712914,1,High Risk
CUST_00828,31,Other,Unemployed,37037.4332,99,1596.928873,9,1204.74622,33,832.7802744,51,8,9,685,5,13340.80271,5,0,0,7539.505041,1,High Risk
CUST_00829,20,Other,Employed,62726.31505,5,1200.439494,6,537.4672199,15,691.3602911,15,12,6,622,1,5957.680728,1,0,0,8063.684574,0,Low Risk
CUST_00830,63,Female,Self-Employed,44906.42701,181,1974.953032,5,273.0016182,4,474.9952484,10,5,4,760,5,11560.86941,2,0,0,9177.901641,0,Low Risk
CUST_00831,24,Female,Unemployed,68949.84091,138,2486.035029,3,859.0383008,0,399.2735017,17,0,4,622,2,7624.114481,7,0,0,17702.35211,1,High Risk
CUST_00832,49,Male,Employed,59091.99102,116,3510.661099,3,933.0620857,39,770.6138174,55,0,9,569,3,17525.61914,6,0,0,3637.495737,1,High Risk
CUST_00833,49,Male,Unemployed,82246.62813,200,1409.280121,1,832.8415309,21,580.9507472,55,3,8,436,1,16457.06109,4,0,0,11160.77043,1,High Risk
CUST_00834,36,Other,Unemployed,42039.87933,189,2090.378202,9,807.2480393,47,639.1177234,56,13,0,693,1,8361.438676,0,0,0,8139.013774,0,Low Risk
CUST_00835,67,Other,Self-Employed,65191.47844,118,1773.723251,1,425.945566,45,576.4768353,68,17,4,360,1,21065.27788,2,0,0,16217.36222,1,High Risk
CUST_00836,66,Male,Unemployed,17837.39801,191,1832.865215,11,751.3790021,25,314.2607222,65,15,6,627,4,12381.66491,2,0,0,4111.974901,0,Low Risk
CUST_00837,42,Male,Self-Employed,102049.8565,60,2680.639958,3,678.0579597,33,890.8473519,73,2,4,467,5,13983.53436,3,0,0,6980.860235,1,High Risk
CUST_00838,34,Female,Employed,64291.0376,72,952.6452857,4,1175.448059,49,1113.441605,15,5,9,657,4,8026.546592,6,1,0,6364.323543,1,High Risk
CUST_00839,56,Male,Unemployed,44666.47,95,1213.372001,3,932.7638774,20,391.980667,5,0,6,834,0,7578.913271,3,0,0,500.0,0,Low Risk
CUST_00840,40,Male,Employed,45335.74621,231,1359.621073,2,702.7010074,6,490.1674832,51,10,0,358,2,21198.75123,4,0,0,8011.625448,1,High Risk
CUST_00841,33,Other,Employed,45553.58467,142,712.1210848,10,1403.359707,24,404.8453306,54,9,4,733,5,12695.82682,3,0,0,8546.253127,0,Low Risk
CUST_00842,21,Male,Employed,83120.65922,139,1498.820052,1,705.8823133,11,334.2798226,75,17,5,383,5,13362.90496,6,0,0,5152.586267,1,High Risk
CUST_00843,30,Other,Unemployed,66173.89101,107,2026.375938,3,995.2253534,30,649.0721486,72,3,5,547,0,8931.376279,0,0,0,500.0,1,High Risk
CUST_00844,58,Male,Self-Employed,42020.27056,51,2162.689566,10,741.5775332,46,355.229749,48,5,3,795,2,13636.62085,3,0,0,12012.44455,0,Low Risk
CUST_00845,57,Female,Unemployed,27701.32967,85,1352.939431,4,1370.90338,26,261.2006097,71,18,4,695,0,12107.34324,1,1,0,15719.01304,1,High Risk
CUST_00846,53,Male,Employed,71529.88344,19,2413.628743,0,830.4009215,21,611.5567854,55,8,7,780,1,11891.50695,4,0,0,13629.1732,1,High Risk
CUST_00847,57,Male,Self-Employed,65093.88067,56,10.0,0,840.7449798,33,281.3324139,40,9,5,587,1,21903.79636,2,1,0,8154.350868,1,High Risk
CUST_00848,69,Male,Employed,62714.67255,114,3360.305645,5,751.0453744,16,345.9979714,70,19,0,492,2,12802.51272,7,0,0,7379.34886,1,High Risk
CUST_00849,53,Other,Self-Employed,48492.60016,174,1953.80529,4,868.7791741,10,330.9328209,55,4,4,737,1,5207.796519,5,0,0,13547.84646,1,High Risk
CUST_00850,37,Female,Unemployed,44606.88592,162,1155.651541,10,1219.838244,28,615.6299927,62,15,6,799,0,14989.33908,2,0,0,13487.3263,0,Low Risk
CUST_00851,49,Male,Self-Employed,80334.02321,165,1869.681329,3,1096.045346,33,518.5405286,27,1,7,451,4,9791.481626,1,0,0,8867.769909,1,High Risk
CUST_00852,34,Other,Unemployed,82008.84631,208,1377.7704,0,809.8266634,36,32.78887475,74,8,3,819,3,5916.270191,0,0,0,8342.588391,0,Low Risk
CUST_00853,46,Female,Employed,61522.24776,51,10.0,11,1395.463787,48,571.4367796,30,10,1,568,5,7710.184411,7,0,0,10937.08995,1,High Risk
CUST_00854,53,Other,Self-Employed,67457.13557,184,1537.524565,6,1105.544974,47,293.7079662,54,1,3,874,5,18538.63806,6,0,0,8867.137749,1,High Risk
CUST_00855,57,Other,Employed,54249.76696,146,2229.205559,3,646.6366083,25,884.4148161,51,17,5,836,0,5832.795014,6,0,0,14046.23157,1,High Risk
CUST_00856,52,Female,Self-Employed,25340.2561,87,2271.033803,2,316.8780762,44,0.0,73,1,5,456,2,6134.021189,2,0,0,10554.06754,1,High Risk
CUST_00857,43,Male,Unemployed,32364.63039,14,1701.358238,6,654.7451694,44,593.996743,65,13,5,486,1,12376.82452,1,0,0,11202.55561,1,High Risk
CUST_00858,34,Other,Self-Employed,70631.27425,218,2266.217305,1,944.6720725,44,694.5568969,45,3,0,616,3,10031.00189,7,0,0,11006.20843,1,High Risk
CUST_00859,49,Other,Self-Employed,72926.69626,128,1848.351941,9,1009.02013,31,198.3120287,3,7,6,899,3,6116.833919,3,0,0,7604.822311,0,Low Risk
CUST_00860,61,Male,Unemployed,68974.28615,100,1678.060738,0,1275.698189,36,430.3336712,21,7,6,542,1,17519.36528,4,0,0,16123.12658,1,High Risk
CUST_00861,36,Male,Unemployed,56228.94158,138,948.805655,10,416.9089087,4,523.8334553,44,0,4,837,0,9466.455549,7,0,0,7626.431286,1,High Risk
CUST_00862,24,Female,Unemployed,69643.38121,238,1222.23148,3,646.2956331,19,462.4102018,27,0,3,383,1,4229.772218,6,0,0,7207.413244,1,High Risk
CUST_00863,48,Female,Self-Employed,48953.5287,151,1294.910652,7,387.8250655,6,621.8188971,9,3,2,495,4,13792.05427,1,0,0,6873.990958,1,High Risk
CUST_00864,23,Female,Employed,61185.02606,50,1728.382774,5,331.4202759,42,539.4320744,65,17,7,577,2,16886.98126,1,0,0,16072.36922,1,High Risk
CUST_00865,29,Male,Self-Employed,46315.71737,138,2142.522559,8,580.2634389,22,696.598881,48,18,7,434,5,14821.7109,3,0,0,500.0,1,High Risk
CUST_00866,36,Other,Self-Employed,30977.8586,30,1008.458291,0,928.3142855,0,582.4475117,79,9,2,677,1,15949.5549,6,0,0,5260.068632,1,High Risk
CUST_00867,29,Other,Employed,65562.2955,82,386.5913493,0,1069.988052,38,527.3187388,72,17,4,417,0,15849.5818,0,0,0,11230.82949,1,High Risk
CUST_00868,36,Female,Unemployed,72952.23928,12,2651.808674,10,468.0760627,2,430.9171563,50,9,7,325,4,10394.88919,7,0,0,9603.483534,1,High Risk
CUST_00869,39,Male,Self-Employed,94531.25805,54,725.103295,4,516.7534282,44,561.8346365,42,8,9,538,5,9216.171615,5,0,0,9128.035416,1,High Risk
CUST_00870,43,Other,Employed,54752.52203,145,1892.076002,5,177.0618886,2,937.0767918,5,6,9,408,4,7970.651692,5,0,0,9996.489561,1,High Risk
CUST_00871,24,Female,Unemployed,31139.42327,134,1702.546829,7,875.0232729,5,478.4193245,24,5,5,389,0,11958.62958,6,0,0,13193.73751,1,High Risk
CUST_00872,53,Other,Unemployed,44088.06673,92,1224.531739,2,543.7513843,30,181.6442996,3,0,1,681,2,2184.997018,3,0,0,9062.373821,0,Low Risk
CUST_00873,25,Other,Self-Employed,47553.95506,209,1985.96624,5,1382.060982,26,773.9639897,75,4,0,317,3,5069.991802,6,0,0,8872.387106,1,High Risk
CUST_00874,21,Male,Unemployed,52672.96052,230,533.8961646,2,943.4330799,28,1018.916779,23,18,6,801,4,19971.04902,6,0,0,14022.9147,1,High Risk
CUST_00875,32,Male,Unemployed,58475.77262,226,2804.583732,7,739.9939898,14,644.3844475,55,14,1,854,5,17380.934,3,0,0,9069.969594,0,Low Risk
CUST_00876,62,Other,Employed,56533.44726,64,3607.902241,11,575.6106504,35,991.234808,54,13,9,516,0,12929.99052,2,0,0,11316.5406,1,High Risk
CUST_00877,62,Female,Employed,63987.48065,109,2484.732103,10,276.8654229,4,535.7433683,53,6,9,323,5,21166.25942,5,0,0,500.0,1,High Risk
CUST_00878,67,Male,Unemployed,53553.61486,232,851.9272532,10,321.2448781,2,1237.245232,2,8,3,793,5,14294.20518,1,0,0,6063.370974,0,Low Risk
CUST_00879,30,Other,Employed,10000.0,134,10.0,3,582.2506659,24,132.8863321,75,11,5,672,4,12165.30282,7,0,0,4888.03941,1,High Risk
CUST_00880,66,Male,Unemployed,54088.40892,43,1881.891099,1,555.3839913,31,462.3342182,46,16,6,768,5,3875.416723,1,0,0,4729.338803,0,Low Risk
CUST_00881,42,Male,Self-Employed,51561.1537,203,465.3020518,11,450.289855,20,649.7822585,29,17,6,801,3,10335.0505,3,0,0,6445.670644,0,Low Risk
CUST_00882,35,Male,Employed,59904.80355,101,1169.472619,8,931.9831546,47,308.820806,75,1,6,837,5,17875.70694,3,0,0,6316.493407,0,Low Risk
CUST_00883,50,Other,Unemployed,43493.3203,57,2718.257565,9,979.9929573,16,795.6986461,40,16,3,629,0,15362.26848,1,0,0,12001.7651,0,Low Risk
CUST_00884,30,Female,Unemployed,54023.46304,30,2798.945586,7,639.4786609,8,636.7439412,54,19,9,453,4,23744.42669,1,0,0,4626.327656,1,High Risk
CUST_00885,35,Female,Employed,60012.35938,103,2885.332566,5,1477.303294,25,446.1110754,58,6,9,716,0,12144.54576,6,0,0,12289.09086,1,High Risk
CUST_00886,27,Female,Employed,47119.24037,49,1578.73162,2,188.6447217,21,607.4413994,39,9,5,740,5,0.0,1,0,0,11480.52238,0,Low Risk
CUST_00887,23,Male,Self-Employed,62165.67084,139,2217.279795,1,820.3573646,40,549.7613525,44,14,2,722,0,14309.11065,0,0,0,3267.27164,0,Low Risk
CUST_00888,59,Other,Unemployed,51262.24878,132,10.0,3,723.4969286,45,662.4276802,21,0,7,336,3,0.0,7,0,0,1506.760936,1,High Risk
CUST_00889,23,Male,Self-Employed,52819.85898,197,300.6763761,3,607.2546913,22,441.7580838,14,10,0,573,0,9126.940832,3,0,0,6685.526493,1,High Risk
CUST_00890,44,Female,Self-Employed,10000.0,119,1269.443515,0,555.8180039,10,0.0,16,7,7,457,5,17359.48855,7,0,0,13209.8353,1,High Risk
CUST_00891,22,Female,Self-Employed,29410.02887,110,2173.037439,8,797.564041,9,715.9758763,58,11,4,732,2,22103.21254,3,0,0,9391.603165,0,Low Risk
CUST_00892,51,Other,Employed,29459.01532,178,1158.870176,9,721.0652604,22,483.7137119,24,2,7,412,4,5791.767733,6,0,0,16189.25631,1,High Risk
CUST_00893,22,Male,Self-Employed,53893.97992,71,2142.12671,7,662.8432155,4,303.5546681,42,14,3,841,1,14392.61396,7,0,0,1626.775358,1,High Risk
CUST_00894,46,Female,Employed,72889.9742,204,577.1561348,6,345.4481278,25,406.3089934,63,4,1,832,2,21453.9426,2,0,0,2299.9046,0,Low Risk
CUST_00895,48,Other,Employed,47868.52812,30,1581.625133,5,233.6608638,3,450.8511366,50,4,3,737,2,12577.56981,2,1,0,2935.372693,1,High Risk
CUST_00896,51,Male,Self-Employed,65269.36723,81,1939.905896,2,699.0192337,42,128.2030743,60,16,7,699,0,8304.876317,4,0,0,11196.6206,1,High Risk
CUST_00897,69,Male,Self-Employed,61668.54781,16,2105.923632,3,659.2663634,26,277.9406395,44,1,9,317,2,23081.74157,1,0,0,11076.97341,1,High Risk
CUST_00898,38,Female,Unemployed,52518.08162,48,1138.751469,1,731.0370989,37,471.2644722,2,0,0,461,2,17951.36012,1,0,0,10265.38701,1,High Risk
CUST_00899,40,Female,Self-Employed,60331.58061,217,1522.929983,6,761.9823707,33,457.4408274,35,17,4,704,2,12400.22371,6,0,0,9301.286168,1,High Risk
CUST_00900,24,Male,Unemployed,54426.98694,143,267.4071856,1,617.1241803,2,266.6077097,78,8,5,759,0,2827.225427,4,0,0,14686.37419,1,High Risk
CUST_00901,37,Male,Self-Employed,47438.95106,18,1415.932365,9,725.6574017,49,177.9334737,63,4,3,458,5,9861.909093,7,1,0,7877.057753,1,High Risk
CUST_00902,47,Female,Self-Employed,57039.44629,224,2365.34336,0,501.2650922,31,286.7443646,27,19,3,309,2,7619.359398,3,0,0,13159.44814,1,High Risk
CUST_00903,61,Male,Self-Employed,76039.36538,170,1289.68741,5,1333.381033,25,574.1812548,44,12,3,815,1,1692.761708,6,0,0,18255.56378,1,High Risk
CUST_00904,41,Female,Self-Employed,58509.48152,202,901.653984,3,520.0909481,17,338.3967801,20,1,2,314,2,20095.94268,1,0,0,5046.812662,1,High Risk
CUST_00905,40,Male,Unemployed,53923.48016,211,2125.141959,7,670.1567517,6,718.0102395,26,12,9,864,0,15438.84772,2,0,0,5934.386682,0,Low Risk
CUST_00906,25,Female,Unemployed,34205.88954,160,3328.166897,0,546.6739238,44,790.5297776,75,7,4,354,5,7740.658559,0,0,0,500.0,1,High Risk
CUST_00907,20,Other,Self-Employed,75485.75269,83,3238.616342,8,540.7964609,12,935.963565,34,9,5,745,0,8489.726643,5,0,0,11121.27705,1,High Risk
CUST_00908,24,Female,Self-Employed,24673.12644,229,1709.13809,5,808.6245483,5,656.1346203,47,19,2,455,3,9250.086403,3,0,0,6562.215736,1,High Risk
CUST_00909,60,Female,Unemployed,19290.86455,195,2116.402478,1,764.2180265,34,605.6024165,22,5,2,690,3,6009.262613,7,0,0,7659.556153,1,High Risk
CUST_00910,31,Other,Employed,56686.29239,60,2810.903647,7,639.1888634,30,844.3443919,63,10,8,438,5,29083.9901,6,1,0,17083.79538,1,High Risk
CUST_00911,45,Male,Employed,34146.31656,218,1693.037359,4,700.783403,41,195.444383,12,13,1,712,5,7704.226658,0,0,0,10827.99587,0,Low Risk
CUST_00912,65,Other,Employed,69603.78205,50,1869.051824,4,548.0652572,36,656.582487,29,9,5,424,1,10067.12956,0,0,0,4214.050116,1,High Risk
CUST_00913,53,Female,Unemployed,19693.29874,51,1241.625986,4,940.6039732,42,737.308921,73,9,7,518,5,7873.098317,4,0,0,6299.826701,1,High Risk
CUST_00914,68,Male,Unemployed,67312.51651,91,3394.379834,6,1519.31746,3,497.4118487,19,10,7,580,4,1245.721843,0,0,1,4780.065522,1,High Risk
CUST_00915,33,Other,Employed,64777.67483,132,2075.00293,6,493.805553,41,705.6547824,5,3,0,739,3,4604.788554,1,0,0,9768.080838,0,Low Risk
CUST_00916,45,Male,Employed,52124.28735,219,1286.183538,9,937.8871283,3,416.5233066,18,2,0,401,2,18358.52879,4,0,0,8863.669665,1,High Risk
CUST_00917,64,Male,Self-Employed,12207.71043,16,1039.732945,10,815.732135,44,509.8664212,66,8,7,339,0,10044.28596,2,0,0,13946.21424,1,High Risk
CUST_00918,46,Other,Unemployed,18980.54383,105,14.23279178,6,1034.020415,7,591.6279576,73,4,0,770,3,14487.47938,0,0,0,9616.221628,0,Low Risk
CUST_00919,28,Male,Unemployed,54318.835,123,235.583323,11,1043.877536,37,584.2069268,9,0,2,675,5,14741.25016,7,0,0,6935.747271,1,High Risk
CUST_00920,45,Other,Employed,45809.74399,227,919.0803862,9,871.894444,10,152.5934049,55,10,8,490,0,14756.67929,1,0,0,9328.865036,1,High Risk
CUST_00921,66,Female,Employed,63091.94513,147,2242.66183,1,786.0627984,1,371.5772422,20,7,2,733,2,7837.397577,1,0,0,3295.324567,0,Low Risk
CUST_00922,41,Male,Unemployed,48772.10675,125,1760.890583,7,647.9424301,17,510.5842559,55,4,1,310,0,22136.83808,6,1,0,6123.190346,1,High Risk
CUST_00923,66,Female,Self-Employed,47206.74862,161,496.1576008,0,532.2638764,17,598.0337656,56,1,0,545,0,17527.14839,7,0,0,8476.65842,1,High Risk
CUST_00924,49,Female,Employed,10000.0,140,758.7859228,1,766.1040187,21,668.3123075,1,8,0,431,3,14856.92405,6,0,0,15040.09162,1,High Risk
CUST_00925,62,Male,Unemployed,64803.78161,72,1725.28243,10,350.393909,11,506.1049028,38,5,9,783,0,13506.58644,6,0,0,11976.98901,1,High Risk
CUST_00926,67,Other,Unemployed,38315.36867,105,2838.780679,6,592.1504035,16,777.0112722,60,10,2,714,2,3735.262374,2,0,0,9175.284318,0,Low Risk
CUST_00927,36,Male,Self-Employed,42832.29337,219,618.4320768,3,1187.398769,16,426.8730152,44,9,5,629,1,16976.64389,4,0,0,10307.05012,1,High Risk
CUST_00928,45,Female,Self-Employed,30743.97722,104,1867.149445,10,834.4792774,35,714.2114235,27,11,6,867,0,11208.22053,4,0,0,13291.27426,1,High Risk
CUST_00929,55,Female,Employed,22272.60085,167,1143.654448,9,1112.432547,28,462.5053668,17,2,5,654,5,7138.6571,4,0,0,7766.823012,1,High Risk
CUST_00930,20,Other,Employed,76498.48091,66,1166.865193,9,1314.37536,48,270.7360584,13,6,5,855,0,5873.301757,2,1,0,12267.82116,1,High Risk
CUST_00931,27,Male,Employed,64318.77851,160,561.2572486,8,738.0396904,15,1154.62502,54,17,8,560,2,17894.97121,2,0,0,6244.752087,1,High Risk
CUST_00932,68,Female,Unemployed,64615.92036,164,2001.196612,10,872.564042,40,624.7996084,58,11,3,891,4,3620.884092,2,0,0,9493.133385,0,Low Risk
CUST_00933,54,Female,Employed,46102.80887,20,1110.968077,8,694.353937,10,39.77179344,18,10,4,879,2,9603.819036,4,0,0,12954.61323,1,High Risk
CUST_00934,34,Female,Unemployed,18717.39597,218,1218.776458,2,515.5879838,43,725.8825634,40,1,0,303,3,12960.02126,0,0,0,12602.99036,1,High Risk
CUST_00935,66,Other,Employed,87836.80561,65,2287.462626,2,466.4611092,42,541.1360044,11,9,3,640,3,11112.3234,2,0,0,500.0,0,Low Risk
CUST_00936,41,Female,Self-Employed,57601.24936,51,2329.203614,8,1095.10263,44,716.7579107,19,12,9,394,1,14498.94058,2,0,0,9129.378489,1,High Risk
CUST_00937,33,Female,Self-Employed,52462.2056,58,916.1451614,9,873.0195482,21,635.484379,33,12,5,315,0,19047.89048,4,1,0,11357.36107,1,High Risk
CUST_00938,45,Male,Unemployed,43535.6056,93,1737.551636,11,1446.311075,29,309.0995222,35,14,6,410,1,15712.04785,2,0,0,5982.818652,1,High Risk
CUST_00939,47,Male,Self-Employed,13197.98745,60,2225.013244,7,1140.218205,7,730.025788,20,12,1,625,5,12387.99234,0,0,0,12414.30384,0,Low Risk
CUST_00940,42,Female,Unemployed,70548.05718,157,1353.238517,0,544.0754537,45,334.3109182,55,8,9,521,5,9322.017377,4,0,0,3429.034722,1,High Risk
CUST_00941,33,Female,Unemployed,30961.33688,57,2036.323891,5,1094.119763,17,298.1682472,40,5,5,570,1,3399.06026,2,0,0,4111.686734,1,High Risk
CUST_00942,43,Male,Self-Employed,59838.24493,233,1245.149757,6,693.2235613,45,416.2642458,40,2,2,735,0,11614.93615,2,0,0,500.0,0,Low Risk
CUST_00943,21,Other,Unemployed,63875.0113,87,1223.068857,10,1225.900898,15,240.4907259,42,19,6,393,0,9751.703722,6,0,0,6381.730852,1,High Risk
CUST_00944,64,Other,Self-Employed,56014.83719,21,754.2545967,7,629.783143,46,625.2776367,71,19,8,635,2,15168.97313,3,0,0,500.0,0,Low Risk
CUST_00945,45,Other,Employed,58459.52373,233,2869.595532,11,431.6509139,19,1021.406851,37,8,3,800,1,11183.71467,3,0,0,13396.46066,0,Low Risk
CUST_00946,33,Other,Employed,74230.15553,153,1112.512219,11,521.485723,38,224.012212,17,3,7,463,1,18237.60122,7,0,0,16786.54015,1,High Risk
CUST_00947,26,Other,Self-Employed,35736.52259,105,859.0418362,1,539.3672842,7,843.7139303,7,19,9,685,3,9358.668151,1,0,0,3835.293196,0,Low Risk
CUST_00948,22,Other,Self-Employed,52961.04662,114,663.6969735,0,505.9118824,29,350.3171586,65,4,5,711,5,8642.829984,1,0,0,7156.453255,0,Low Risk
CUST_00949,66,Other,Self-Employed,45948.10272,110,1567.612718,3,599.5871035,37,351.5859792,19,11,2,667,1,14537.36694,7,0,0,8483.067659,1,High Risk
CUST_00950,42,Other,Self-Employed,16887.82914,49,686.4396134,0,1099.842155,28,214.624859,68,16,2,595,5,12645.06446,2,0,0,4173.962432,0,Low Risk
CUST_00951,65,Male,Employed,55153.99994,209,929.9599718,1,1428.615473,12,585.7408821,56,4,2,618,2,14279.08775,3,0,0,9843.659961,0,Low Risk
CUST_00952,62,Other,Unemployed,72522.51074,109,2139.165474,2,334.4336696,16,169.0745945,17,3,3,554,5,11209.15177,1,1,0,7238.994365,1,High Risk
CUST_00953,66,Other,Unemployed,74774.01486,196,1858.973129,3,1242.229565,39,381.4976487,59,7,1,788,4,12156.37449,4,0,0,1897.345484,1,High Risk
CUST_00954,64,Other,Employed,83434.58977,229,423.7468952,11,632.8036994,42,777.2130698,1,8,4,849,1,10221.41632,3,0,0,9837.057165,0,Low Risk
CUST_00955,37,Female,Unemployed,18073.05576,181,2079.859201,11,921.7588859,16,890.9112632,41,16,7,719,2,12797.33591,0,0,0,10347.06775,0,Low Risk
CUST_00956,57,Male,Employed,79315.29856,86,1526.230536,5,221.0488893,8,262.4544539,63,7,6,486,2,19417.37853,0,0,0,500.0,1,High Risk
CUST_00957,54,Male,Unemployed,53327.11576,158,2409.728989,7,983.4122561,1,423.9440691,43,4,8,324,4,8945.019841,7,0,0,7935.53914,1,High Risk
CUST_00958,34,Male,Self-Employed,78810.12513,130,2634.391586,8,98.14066111,41,464.5232936,50,9,2,441,2,8363.510245,0,0,0,6084.181402,1,High Risk
CUST_00959,44,Other,Self-Employed,42893.91663,187,213.0607535,3,909.8772753,23,132.1178832,64,17,3,727,3,13917.44611,0,0,0,9246.049018,0,Low Risk
CUST_00960,56,Other,Self-Employed,40445.59138,60,2111.704289,0,890.0396165,20,356.5261721,64,13,7,423,4,10888.15857,7,0,0,13994.1712,1,High Risk
CUST_00961,47,Female,Employed,28125.09363,145,2807.849539,4,866.852672,45,341.3767585,53,4,9,324,5,20475.53725,3,0,0,13246.72145,1,High Risk
CUST_00962,29,Male,Employed,63967.5962,146,1667.719199,4,542.7814473,1,622.1756459,38,14,2,776,5,16198.2183,4,0,0,12632.52534,1,High Risk
CUST_00963,58,Other,Unemployed,59260.56927,99,2050.573642,8,992.3343361,4,561.3226535,7,4,0,762,5,17131.90074,0,0,0,8658.442988,0,Low Risk
CUST_00964,36,Male,Unemployed,29893.82788,49,1679.975874,5,936.8785283,16,530.9653945,66,11,1,730,5,17671.79125,4,0,0,6814.859006,1,High Risk
CUST_00965,58,Female,Unemployed,11045.53819,193,2283.539795,4,726.5165257,23,447.2299121,75,9,9,531,5,8061.492416,1,0,0,500.0,1,High Risk
CUST_00966,41,Female,Employed,57474.41422,142,1806.792051,9,1035.147608,7,827.8495311,48,7,9,644,5,12675.66819,1,0,0,11624.29882,0,Low Risk
CUST_00967,45,Female,Unemployed,59525.06661,105,10.0,9,766.5385487,29,494.5625788,35,0,7,322,3,16063.99018,2,0,0,12326.37862,1,High Risk
CUST_00968,63,Male,Self-Employed,32234.87279,233,1403.038346,4,985.0720056,49,748.3759351,6,2,6,421,1,12027.45692,3,0,0,500.0,1,High Risk
CUST_00969,44,Other,Unemployed,28619.08856,173,1351.35023,7,755.9422354,21,647.4234827,14,15,3,522,1,6618.315744,0,0,0,10059.96802,1,High Risk
CUST_00970,36,Other,Self-Employed,61805.62722,86,2071.027444,10,875.8456969,23,538.1884642,24,10,7,529,2,17570.429,4,0,0,12621.73037,1,High Risk
CUST_00971,32,Female,Employed,83415.08657,159,2441.477074,0,1001.153029,25,722.335721,56,8,2,316,2,10952.71573,4,1,0,4057.637634,1,High Risk
CUST_00972,39,Other,Self-Employed,41090.17642,237,1317.863882,4,660.7305992,7,422.9771967,37,9,0,584,5,13813.2183,5,0,0,11578.56697,1,High Risk
CUST_00973,44,Female,Self-Employed,34166.49921,51,520.0990508,0,368.1571948,11,276.3545933,36,1,3,301,4,15493.6447,3,0,0,2792.77644,1,High Risk
CUST_00974,23,Male,Self-Employed,55379.45235,133,1744.972544,6,896.6276519,13,492.6171903,15,19,5,566,5,21076.02419,6,0,0,5921.233685,1,High Risk
CUST_00975,29,Female,Employed,61434.55517,114,879.2414538,6,1216.286983,29,875.6134819,0,10,5,827,1,13225.17094,1,0,0,2733.106275,0,Low Risk
CUST_00976,22,Male,Employed,43442.77827,199,1015.151172,9,904.7028405,34,553.5061482,46,19,3,832,0,0.0,3,0,0,11658.49988,0,Low Risk
CUST_00977,60,Female,Employed,86451.6395,62,3405.673503,7,911.3498101,30,373.887482,51,10,7,550,2,13093.22108,4,0,0,11638.64581,1,High Risk
CUST_00978,64,Other,Employed,66230.3322,68,957.8195966,6,785.2383627,27,297.2318755,36,6,8,576,4,13688.16458,3,1,0,5606.35779,1,High Risk
CUST_00979,37,Other,Unemployed,43137.12729,89,248.1001657,10,1058.691528,45,119.5410882,44,10,1,305,2,1990.672034,5,0,0,2383.224508,1,High Risk
CUST_00980,66,Female,Employed,21335.3065,128,1982.858479,8,734.9226044,26,294.9912764,13,4,2,536,4,20834.98116,1,0,0,19881.14697,1,High Risk
CUST_00981,55,Other,Self-Employed,73749.59218,220,2065.64013,7,641.1354266,35,575.1019983,56,11,7,834,1,0.0,1,0,0,8340.815315,0,Low Risk
CUST_00982,66,Other,Employed,71454.76225,28,2202.869995,7,1186.854389,0,440.6305869,33,17,0,523,2,15477.09173,5,0,0,7763.933101,1,High Risk
CUST_00983,41,Other,Unemployed,44550.44834,73,2171.881167,2,614.3115886,40,555.5528769,65,4,0,850,5,2814.195991,0,0,0,4440.278087,0,Low Risk
CUST_00984,53,Male,Unemployed,56310.35824,76,1616.485094,9,1111.314831,13,271.9846078,30,14,6,785,2,18412.47422,0,0,0,3608.788069,0,Low Risk
CUST_00985,66,Other,Unemployed,47291.54185,199,1624.888425,3,1187.077412,9,756.6579597,43,11,9,712,0,15387.00272,5,0,0,10408.26739,1,High Risk
CUST_00986,27,Male,Self-Employed,59370.77986,49,2251.64789,3,998.3859262,49,688.1185918,22,0,6,330,1,20848.96905,0,0,0,9588.878544,1,High Risk
CUST_00987,59,Female,Employed,31550.90844,78,2786.875611,0,362.7675681,41,359.4494696,65,17,6,772,4,15109.67088,1,0,0,5667.130123,0,Low Risk
CUST_00988,68,Other,Employed,28984.65584,98,491.4188159,5,809.5042182,6,147.0832958,10,5,4,813,0,14125.0114,6,0,0,11752.3671,1,High Risk
CUST_00989,63,Other,Employed,64595.54719,172,1013.366363,1,729.300001,39,562.5559582,48,5,6,641,4,10033.9737,7,0,0,7039.083062,1,High Risk
CUST_00990,38,Other,Self-Employed,66877.06718,33,2002.345931,8,626.4002606,13,8.417960882,77,10,8,464,2,1588.810236,6,0,0,10867.88902,1,High Risk
CUST_00991,61,Female,Self-Employed,41165.74354,24,1703.909119,0,849.9630556,35,171.1811652,57,10,5,599,3,25082.46943,4,0,0,9770.545859,1,High Risk
CUST_00992,60,Male,Unemployed,36515.82063,19,67.54564451,0,1069.222222,26,399.1050104,28,15,5,753,2,9095.601174,0,0,0,7303.318248,0,Low Risk
CUST_00993,56,Male,Unemployed,70656.19614,214,1041.385932,10,639.506569,10,279.6161689,50,5,2,780,1,14025.461,3,0,0,11372.27928,0,Low Risk
CUST_00994,25,Other,Employed,37125.27465,150,1742.147349,9,740.016064,41,823.7287036,0,0,6,374,5,7060.32267,4,0,0,12950.42788,1,High Risk
CUST_00995,45,Female,Self-Employed,50997.40261,237,1510.076357,10,715.6293732,48,417.6379867,4,15,5,608,4,5562.120167,5,0,0,12579.79227,1,High Risk
CUST_00996,53,Female,Self-Employed,48714.53039,138,1212.846444,5,1207.354866,36,621.8704902,33,2,4,375,0,12357.1889,7,0,0,1440.342314,1,High Risk
CUST_00997,64,Female,Employed,23595.69298,100,3375.254441,0,710.0147838,41,0.0,77,5,2,686,2,14496.89066,6,0,0,12925.25898,1,High Risk
CUST_00998,25,Female,Employed,53458.05681,51,1480.086913,11,367.9580198,9,53.88038512,18,2,2,649,4,22544.52498,2,0,0,10243.53379,0,Low Risk
CUST_00999,56,Female,Unemployed,51699.32516,89,1684.839199,2,249.2978064,6,331.0210316,39,18,5,574,0,18036.147,0,0,0,10771.43726,1,High Risk
CUST_01000,52,Male,Unemployed,56483.44301,40,1606.371917,9,926.9553483,16,553.3553152,65,7,5,600,2,13687.01761,2,1,0,500.0,1,High Risk
CUST_01001,41,Male,Unemployed,52848.15565,55,1669.333383,1,533.761391,11,182.3950917,63,1,4,354,3,11639.77533,0,0,0,1416.564147,1,High Risk
CUST_01002,40,Male,Employed,88442.37337,30,1530.181168,10,1034.053577,36,590.6939597,71,18,2,759,3,14068.06414,4,0,0,6901.635359,1,High Risk
CUST_01003,25,Other,Employed,70910.20816,79,10.0,8,334.073004,36,837.0876139,16,14,1,840,5,10431.76207,2,0,0,500.0,0,Low Risk
CUST_01004,25,Female,Unemployed,50698.56201,159,707.8361339,4,611.3807417,35,302.8419451,37,13,3,874,2,13554.12971,6,0,0,15733.0273,1,High Risk
CUST_01005,67,Other,Unemployed,52344.30351,202,1248.114147,5,334.3009027,6,497.1340352,42,13,3,612,1,7225.196515,1,0,0,4149.57792,0,Low Risk
CUST_01006,23,Female,Self-Employed,81745.14574,141,2150.175729,1,952.1137504,23,431.4598584,39,3,9,568,3,8676.103356,0,0,0,2685.100836,1,High Risk
CUST_01007,49,Male,Self-Employed,65535.58015,177,1260.58256,7,1027.096639,33,394.0171311,44,18,1,796,4,11691.36874,5,0,0,6176.224603,1,High Risk
CUST_01008,30,Other,Unemployed,27877.94851,175,834.8990174,5,918.5188052,0,579.5896402,39,6,8,454,1,13941.39647,5,0,0,7005.646777,1,High Risk
CUST_01009,49,Male,Unemployed,67081.06801,20,2255.458386,10,419.9222879,28,502.1880671,70,15,2,495,1,11288.51238,3,0,0,9158.258228,1,High Risk
CUST_01010,50,Female,Self-Employed,72370.41948,52,2580.874605,11,538.9826896,25,454.3813037,29,7,0,779,2,13158.66052,6,0,0,500.0,1,High Risk
CUST_01011,43,Female,Unemployed,79118.90736,91,273.818301,7,882.009896,9,535.3610078,34,14,4,747,4,6525.869499,6,0,0,2033.49367,1,High Risk
CUST_01012,28,Female,Self-Employed,42773.14973,179,1577.541482,7,209.2905072,0,715.6986371,65,19,9,404,4,4793.738014,2,0,0,5402.911732,1,High Risk
CUST_01013,22,Male,Self-Employed,41459.89108,152,10.0,0,715.6027695,44,650.940036,43,4,2,373,0,11700.29201,5,0,0,10522.62094,1,High Risk
CUST_01014,50,Female,Self-Employed,33047.32961,47,1250.863935,6,1330.916874,16,61.25168146,3,0,5,374,3,1880.382211,3,0,0,6878.93842,1,High Risk
CUST_01015,59,Male,Employed,55546.29436,191,3007.547383,1,737.0155578,40,278.5321394,63,11,0,396,3,17159.848,2,1,0,8765.490496,1,High Risk
CUST_01016,56,Other,Employed,63191.61648,229,1573.557123,10,279.0093763,35,646.0922172,4,8,9,540,1,3751.770685,6,0,0,13007.82015,1,High Risk
CUST_01017,55,Female,Unemployed,40760.07464,129,395.1374378,7,587.4067633,8,1145.394977,47,18,3,690,1,9656.217226,7,0,0,7638.94805,1,High Risk
CUST_01018,43,Female,Self-Employed,47447.32464,95,414.8379461,11,579.257686,38,336.2693052,65,17,0,408,2,15018.5269,4,0,0,10147.01809,1,High Risk
CUST_01019,50,Female,Employed,13033.07968,23,753.8911851,1,1549.108073,22,125.405118,26,6,0,327,4,17495.50561,7,0,0,7596.502538,1,High Risk
CUST_01020,25,Other,Unemployed,77170.08291,201,962.6589877,3,1382.987678,28,1069.581159,23,10,9,401,3,15852.32708,3,0,0,13950.29611,1,High Risk
CUST_01021,21,Female,Unemployed,21830.42531,191,10.0,1,1055.827402,1,816.6840502,55,10,7,418,0,14911.00304,6,0,0,11038.05972,1,High Risk
CUST_01022,39,Male,Unemployed,56746.03554,78,1763.409134,6,679.9234242,17,800.264069,44,19,9,883,3,27434.65204,0,0,0,500.0,0,Low Risk
CUST_01023,47,Male,Unemployed,54288.587,166,1935.096527,4,1220.220381,27,527.5441597,67,19,3,326,3,5679.90074,1,0,0,9747.952517,1,High Risk
CUST_01024,30,Female,Unemployed,50824.54343,154,1219.833686,10,403.2891263,46,487.2979406,27,14,9,449,5,13881.58813,4,0,0,16725.04178,1,High Risk
CUST_01025,23,Female,Self-Employed,51238.34381,162,3136.576516,10,1176.80136,41,464.3878975,4,16,2,441,5,15797.63095,2,0,0,13505.57032,1,High Risk
CUST_01026,34,Other,Unemployed,31787.93884,93,1156.420752,8,1124.790738,48,690.197339,46,2,5,453,3,14139.78729,0,0,0,5827.269944,1,High Risk
CUST_01027,25,Other,Self-Employed,44094.82632,226,2462.238762,4,747.0289929,6,813.0641296,4,10,9,791,1,9213.834405,2,0,0,11507.45139,0,Low Risk
CUST_01028,68,Other,Employed,67441.11174,189,389.838441,10,1198.71521,10,540.7753232,4,12,8,482,4,15269.77427,7,1,0,4026.699968,1,High Risk
CUST_01029,49,Female,Unemployed,72772.79901,98,1739.956294,7,643.4726047,6,693.7600279,47,5,5,502,4,14850.14406,3,0,0,7119.019071,1,High Risk
CUST_01030,57,Other,Employed,42423.78311,98,1860.04051,1,357.2200407,42,848.009201,72,13,0,370,3,19465.99537,3,0,0,4785.758811,1,High Risk
CUST_01031,21,Other,Self-Employed,21912.44845,220,931.5239257,2,1142.287755,23,734.5862537,46,10,7,482,4,14839.90586,1,1,0,8608.828849,1,High Risk
CUST_01032,34,Male,Self-Employed,35983.87068,77,1633.777814,5,770.1649748,14,645.6268028,61,12,0,472,2,599.4364334,3,0,0,17343.49855,1,High Risk
CUST_01033,30,Other,Employed,83348.54771,112,923.388761,10,1010.623211,30,319.5510996,26,16,2,841,1,16735.15164,4,1,0,500.0,1,High Risk
CUST_01034,27,Male,Unemployed,37055.39918,84,1250.467795,6,1437.310307,18,337.3528702,3,13,8,654,1,9591.593151,7,1,0,11242.71932,1,High Risk
CUST_01035,45,Male,Unemployed,48250.33394,130,1273.673577,9,547.2110747,9,68.90218993,48,13,3,453,4,10858.41331,2,0,0,4800.006602,1,High Risk
CUST_01036,64,Other,Employed,75486.42252,105,375.6617819,7,749.8171733,47,596.4293313,64,3,7,684,3,5139.931982,2,0,0,4047.612177,0,Low Risk
CUST_01037,63,Male,Employed,40515.8719,135,1918.311711,2,1349.372077,7,528.2939806,79,3,8,610,3,12818.31237,4,0,0,9962.502825,1,High Risk
CUST_01038,24,Female,Employed,47020.36299,146,1973.58652,6,1034.056106,0,818.1976366,60,13,7,324,5,23844.23474,3,1,0,8133.685997,1,High Risk
CUST_01039,25,Female,Unemployed,64300.96923,141,1201.315442,7,555.0760395,1,614.1650125,19,13,5,397,3,18401.82468,3,0,0,9537.889867,1,High Risk
CUST_01040,45,Other,Unemployed,80812.52362,37,1693.628832,9,465.7438038,28,419.0266546,7,6,8,853,4,4891.170973,4,0,0,7780.228077,1,High Risk
CUST_01041,23,Female,Unemployed,38380.06644,114,764.1880409,5,615.171776,41,378.8110433,12,15,5,599,3,10801.95468,1,0,0,7305.624696,0,Low Risk
CUST_01042,38,Male,Employed,75057.71439,205,498.1433635,3,541.5548533,9,586.3647573,72,13,4,368,5,18052.08773,6,0,0,8434.838469,1,High Risk
CUST_01043,39,Female,Unemployed,44932.48322,172,1180.051781,5,883.0718418,41,563.1009307,36,4,7,660,5,10924.50224,6,0,0,7572.717455,1,High Risk
CUST_01044,52,Other,Self-Employed,34053.2833,89,2052.816376,8,827.4520775,8,955.7637314,42,6,3,362,4,0.0,7,0,0,6940.936502,1,High Risk
CUST_01045,39,Other,Employed,54492.01575,121,1439.656931,2,897.733214,49,472.832317,55,16,2,794,0,8723.49303,0,0,0,8262.207021,0,Low Risk
CUST_01046,68,Male,Unemployed,29163.77496,100,1149.20665,1,505.7155195,30,621.6433229,49,14,3,723,5,20282.90646,0,0,0,5746.436085,0,Low Risk
CUST_01047,31,Other,Employed,58496.20577,83,1768.52404,4,775.2081324,31,908.6923704,19,6,8,679,4,21042.58993,3,0,0,14655.70338,0,Low Risk
CUST_01048,66,Female,Self-Employed,106693.6642,140,767.3075906,6,80.50507912,1,463.4015603,47,9,3,554,2,10940.05898,5,1,0,742.5197997,1,High Risk
CUST_01049,20,Other,Self-Employed,69900.81467,84,518.9921975,2,850.7522111,23,417.3532747,18,17,6,560,3,10353.29475,0,0,0,1568.516486,1,High Risk
CUST_01050,45,Male,Employed,48111.80652,238,1217.822217,4,1211.404226,36,166.5238109,68,10,0,428,3,0.0,0,0,0,15130.05029,1,High Risk
CUST_01051,33,Other,Employed,68939.63434,138,819.9593235,3,301.3389317,42,409.9093879,16,13,5,822,1,11423.74816,5,0,0,11213.9073,1,High Risk
CUST_01052,57,Female,Self-Employed,33232.60888,28,548.3613387,10,969.1998807,5,594.4660783,27,3,7,721,5,8574.310198,0,0,0,2369.565379,0,Low Risk
CUST_01053,56,Male,Employed,36253.85655,5,2223.156037,6,586.1449769,7,843.5396017,35,2,6,828,4,638.5359775,3,0,0,11219.08954,0,Low Risk
CUST_01054,30,Female,Self-Employed,48611.03405,61,3262.40517,1,1080.875404,39,156.4300797,37,13,4,879,0,6279.862056,6,0,0,4710.610333,1,High Risk
CUST_01055,55,Male,Self-Employed,51580.0616,118,256.3101015,11,855.5266079,24,275.6158876,69,19,3,715,3,4136.329097,2,0,0,9866.354021,0,Low Risk
CUST_01056,32,Other,Unemployed,26720.54925,218,1167.285001,10,941.6464394,41,28.9201412,25,2,1,304,1,12347.91934,7,0,0,7879.413079,1,High Risk
CUST_01057,62,Male,Employed,44483.40514,133,1639.569111,6,822.6883646,42,950.6675737,78,2,0,505,4,21305.16942,3,0,0,10154.03397,1,High Risk
CUST_01058,22,Male,Employed,47397.40309,168,123.5158945,11,1264.916132,24,540.2827721,0,19,0,768,1,11084.75949,3,0,0,8712.374142,0,Low Risk
CUST_01059,52,Other,Unemployed,77755.50226,132,1321.792478,1,921.5936672,45,391.6632226,1,11,4,381,0,13568.49226,5,0,0,4200.79057,1,High Risk
CUST_01060,25,Female,Self-Employed,26719.78071,229,1379.914632,2,553.1017001,10,50.83838134,35,9,8,366,4,26775.6496,7,0,0,5701.162388,1,High Risk
CUST_01061,69,Other,Employed,25051.12627,147,1883.968721,4,834.5502683,34,499.5119583,55,19,6,566,3,570.5263688,1,0,0,8383.722505,1,High Risk
CUST_01062,29,Male,Unemployed,53162.76097,203,881.8148672,6,670.891635,0,399.0045443,34,17,1,774,4,13150.64626,1,0,0,1655.302583,0,Low Risk
CUST_01063,24,Other,Unemployed,70715.77885,38,1048.386824,5,856.8399673,22,51.69035688,26,11,5,785,3,18866.18745,3,0,1,5260.283113,1,High Risk
CUST_01064,42,Male,Employed,59928.67425,88,2277.176642,11,653.0806007,2,428.0520813,66,3,9,452,2,13876.25763,7,0,0,7013.540928,1,High Risk
CUST_01065,29,Other,Unemployed,55448.18408,225,1835.538898,6,563.1162426,40,806.2998514,55,18,6,853,3,2240.258785,4,0,0,8095.753838,1,High Risk
CUST_01066,63,Other,Self-Employed,44805.05546,100,2082.378911,10,869.7452745,0,434.9192645,45,18,7,786,1,23572.07282,4,0,0,5183.594558,1,High Risk
CUST_01067,21,Female,Unemployed,62169.88873,218,96.73715846,5,819.52637,43,794.1324923,19,16,8,890,0,17034.03385,6,0,0,11384.41982,1,High Risk
CUST_01068,32,Male,Self-Employed,64884.00596,126,965.3373615,11,1172.384546,11,889.1896116,7,7,2,870,4,13611.70654,1,1,0,1071.378604,1,High Risk
CUST_01069,59,Female,Self-Employed,45368.40441,75,2713.011762,0,654.7654423,37,432.8998156,71,10,1,347,2,3708.906887,5,0,0,8086.665313,1,High Risk
CUST_01070,21,Male,Employed,32924.75882,112,1432.84772,4,106.7011534,39,477.6569573,25,4,6,323,2,25747.01368,1,1,0,10683.35472,1,High Risk
CUST_01071,39,Other,Unemployed,33041.80228,124,1399.419833,11,672.6452205,30,625.3658786,73,4,7,674,2,15520.5418,2,1,0,21660.87219,1,High Risk
CUST_01072,20,Male,Self-Employed,65817.217,237,1434.197469,0,230.7492344,28,755.6620658,61,12,8,656,1,14675.29381,1,0,0,1991.699626,0,Low Risk
CUST_01073,56,Female,Self-Employed,22203.08022,132,2755.995481,6,945.4851909,34,855.6089951,32,3,9,332,3,15513.48046,6,0,0,500.0,1,High Risk
CUST_01074,28,Female,Unemployed,80187.06516,215,903.0302523,3,214.1357251,27,879.6363887,60,12,4,771,2,17748.32604,5,0,0,12405.74671,1,High Risk
CUST_01075,36,Female,Self-Employed,41789.73752,164,2037.169987,4,454.0701282,20,316.6119219,19,15,8,474,0,12684.91935,6,0,0,9974.974668,1,High Risk
CUST_01076,28,Male,Unemployed,55571.57475,29,1711.150448,0,673.1829396,10,863.6661786,67,11,0,864,0,11292.17171,6,0,0,9579.411627,1,High Risk
CUST_01077,30,Female,Employed,62630.78104,167,407.0324955,7,1340.382712,25,628.6433819,28,13,8,797,4,0.0,0,0,0,500.0,0,Low Risk
CUST_01078,34,Female,Self-Employed,37693.65713,201,1261.109216,3,424.4884595,10,369.5322478,45,8,9,612,0,7289.516665,3,0,0,6944.110902,0,Low Risk
CUST_01079,43,Female,Self-Employed,41721.83883,152,832.9671496,2,804.3417441,4,213.9529,36,5,4,497,3,23883.62393,6,0,0,9126.162953,1,High Risk
CUST_01080,57,Other,Unemployed,52375.46004,70,481.4021689,0,1002.991802,6,300.3897937,52,7,1,302,3,7017.035649,3,0,0,1847.893832,1,High Risk
CUST_01081,54,Other,Unemployed,34633.02525,16,2457.130551,3,1319.421194,30,591.0926358,4,15,5,348,2,10218.42657,5,0,0,1401.061658,1,High Risk
CUST_01082,49,Male,Unemployed,30782.44826,100,524.0378525,2,1072.228163,38,377.1550981,65,18,0,313,3,5082.838412,3,0,0,5014.146696,1,High Risk
CUST_01083,50,Male,Unemployed,32399.9196,25,2099.443381,7,1182.867433,41,590.6180218,14,1,6,703,3,15058.09406,5,0,0,4209.195497,1,High Risk
CUST_01084,68,Female,Self-Employed,71764.63315,174,810.7082149,8,1102.507471,7,218.2379469,45,5,6,493,2,10463.98196,7,1,0,10879.41698,1,High Risk
CUST_01085,24,Other,Employed,57162.64724,236,2585.930873,11,376.80696,26,311.5521438,56,1,9,559,4,10251.84225,2,1,0,5689.31969,1,High Risk
CUST_01086,63,Female,Employed,35722.99294,219,1164.149687,4,925.8922365,20,477.5247721,7,18,7,546,3,7195.919792,2,0,0,3405.974143,1,High Risk
CUST_01087,69,Female,Employed,65709.67021,195,1768.52606,8,1097.031333,29,456.9773546,36,18,0,874,3,14503.79799,0,0,0,17558.97769,0,Low Risk
CUST_01088,33,Other,Employed,36720.40556,117,1046.975388,0,465.2248986,13,180.7522894,56,12,1,731,1,20831.10858,6,0,0,10630.04669,1,High Risk
CUST_01089,30,Other,Unemployed,14892.58037,114,10.0,6,597.0840431,0,342.7379393,13,16,0,866,4,1845.159792,3,0,0,9886.60318,0,Low Risk
CUST_01090,28,Other,Self-Employed,62542.56184,209,165.9671466,10,518.8826967,44,64.00795728,4,7,7,780,2,10179.02271,7,1,0,3634.49605,1,High Risk
CUST_01091,53,Male,Self-Employed,79632.15713,98,10.0,6,1070.418045,23,516.5785759,72,8,7,557,1,11026.85662,0,0,0,3163.864931,1,High Risk
CUST_01092,31,Male,Self-Employed,60044.71409,80,1703.059574,5,775.7516079,5,881.9422866,42,4,2,834,5,7417.880998,1,0,0,6565.320702,0,Low Risk
CUST_01093,54,Female,Unemployed,16027.93487,235,1477.070109,3,687.703937,5,308.472122,48,7,9,407,1,18940.16581,3,0,0,13906.70523,1,High Risk
CUST_01094,54,Male,Self-Employed,49576.0028,63,1975.743814,10,351.4155292,4,261.6524257,43,8,1,475,4,19015.55784,7,0,0,2853.755381,1,High Risk
CUST_01095,20,Other,Unemployed,45057.596,87,956.6495623,8,776.4120114,34,745.6549144,55,15,8,768,3,13377.31235,0,0,0,500.0,0,Low Risk
CUST_01096,59,Other,Self-Employed,56807.81893,185,10.0,2,601.3440758,43,207.318843,47,15,4,826,2,7927.6831,2,0,0,584.4800746,0,Low Risk
CUST_01097,41,Male,Employed,34749.15302,73,2541.535543,10,885.1688478,14,751.383159,29,11,8,451,4,18886.84636,5,0,0,500.0,1,High Risk
CUST_01098,48,Female,Unemployed,43997.4095,230,2291.968844,10,399.9614805,34,199.5138535,32,10,1,575,1,10230.01345,7,0,0,4767.522645,1,High Risk
CUST_01099,27,Female,Self-Employed,24438.50631,87,1799.126388,0,862.2671908,47,411.1286664,36,17,5,337,0,17871.23255,7,0,0,13429.17269,1,High Risk
CUST_01100,30,Male,Employed,53991.87408,52,2388.699684,1,646.3672303,49,439.7169488,49,12,0,580,2,26657.80343,2,0,0,500.0,0,Low Risk
CUST_01101,60,Female,Employed,25107.87345,234,1418.727072,2,362.746076,40,676.1010092,6,2,6,897,0,12003.10493,2,1,0,7584.743438,1,High Risk
CUST_01102,56,Female,Employed,57873.64074,142,1712.141563,1,335.4505867,7,968.07874,66,17,3,730,5,12948.67062,7,0,0,4936.181741,1,High Risk
CUST_01103,33,Female,Unemployed,36490.1506,209,937.0925048,5,388.0428642,42,413.3962273,42,10,6,891,5,7811.220458,5,1,0,7147.017533,1,High Risk
CUST_01104,49,Other,Unemployed,10000.0,17,643.4413738,6,727.7603299,34,495.3621405,39,10,8,619,3,18113.18814,0,0,0,5182.13563,0,Low Risk
CUST_01105,54,Other,Self-Employed,64287.64658,147,238.6549825,4,842.348402,4,72.56986344,31,4,0,470,4,13267.13028,0,0,0,500.0,1,High Risk
CUST_01106,40,Male,Employed,58892.72035,36,897.7911141,4,894.4382713,30,489.79396,54,2,0,370,3,4454.66838,0,0,0,5750.42086,1,High Risk
CUST_01107,56,Other,Self-Employed,74352.95686,238,3629.577032,6,907.6435212,41,788.6963156,76,1,6,387,4,7717.198928,4,0,0,12211.33242,1,High Risk
CUST_01108,24,Female,Self-Employed,12377.86687,37,283.7813033,5,534.5168587,30,1090.716269,75,14,9,356,1,23750.56396,7,0,0,8799.885806,1,High Risk
CUST_01109,38,Other,Employed,38218.10828,41,749.8715358,11,1170.441018,36,410.1617673,8,4,1,466,3,10526.85031,3,0,0,6730.226128,1,High Risk
CUST_01110,33,Male,Self-Employed,52368.67329,232,1590.449623,7,645.2210659,7,679.2023206,8,4,7,535,0,5423.803621,4,0,0,11254.98111,1,High Risk
CUST_01111,45,Other,Unemployed,60290.70607,208,3417.964568,8,957.552416,5,789.3762948,63,15,3,697,1,13125.03086,4,0,0,7025.422107,1,High Risk
CUST_01112,23,Female,Self-Employed,23668.08912,185,660.2493982,1,742.5455983,22,140.4150978,44,16,6,619,4,8813.223754,5,0,0,4663.534685,1,High Risk
CUST_01113,44,Female,Employed,57766.27924,189,997.0960528,11,931.4674311,15,854.647602,60,6,9,831,1,10888.76772,7,0,0,4295.396011,1,High Risk
CUST_01114,64,Male,Unemployed,39708.01565,135,2037.203954,1,724.9851768,43,298.2532306,69,1,1,306,0,15247.62933,6,0,0,6837.001631,1,High Risk
CUST_01115,61,Other,Unemployed,16608.58406,32,1991.952145,0,937.7722068,48,566.1460942,37,13,7,757,2,14029.62935,1,0,0,14347.42056,0,Low Risk
CUST_01116,44,Other,Self-Employed,36487.74223,134,944.3827698,6,797.4138955,7,184.2778888,74,17,5,537,4,12205.83783,7,0,0,3239.217865,1,High Risk
CUST_01117,37,Other,Self-Employed,59258.78846,145,832.814811,10,1084.8442,3,408.3759993,45,11,0,750,2,8322.18207,7,0,0,3329.166649,1,High Risk
CUST_01118,59,Female,Unemployed,17360.6347,105,1858.320427,3,513.4602349,31,77.96357585,69,16,8,413,1,1315.397702,6,0,0,12112.03346,1,High Risk
CUST_01119,27,Male,Self-Employed,61466.93311,165,1256.948162,8,180.5380324,48,566.6302877,63,5,1,791,5,23524.37463,1,0,0,8806.375649,0,Low Risk
CUST_01120,58,Other,Employed,55100.80404,239,1729.993888,5,459.3249032,2,883.7053687,34,4,3,608,5,23164.33887,6,0,0,14662.73168,1,High Risk
CUST_01121,59,Female,Self-Employed,45430.53661,76,1364.525759,11,1174.121445,49,508.2113864,11,6,8,748,3,12145.08855,2,0,0,14587.77713,0,Low Risk
CUST_01122,33,Female,Self-Employed,20566.44482,57,1781.06446,6,745.904413,15,139.4954595,47,17,7,457,5,17008.02201,5,0,0,11761.25074,1,High Risk
CUST_01123,51,Female,Unemployed,22010.92118,196,1863.85224,6,832.2218034,33,415.3986554,62,19,7,698,4,11805.78592,4,0,0,11568.24346,1,High Risk
CUST_01124,57,Other,Self-Employed,42827.33039,238,10.0,7,431.2271851,12,553.4045006,44,10,3,502,1,7366.133083,6,0,0,8366.370925,1,High Risk
CUST_01125,52,Other,Self-Employed,29751.07961,62,1129.585758,3,822.9438038,32,463.5843364,5,4,0,881,4,12442.32196,7,0,1,500.0,1,High Risk
CUST_01126,42,Other,Self-Employed,43992.3451,26,1766.958038,2,442.0155746,21,669.6875765,44,5,9,753,0,12845.26822,1,0,0,4069.517843,0,Low Risk
CUST_01127,34,Other,Employed,66311.27883,222,2148.462952,2,493.4765537,30,1003.900386,31,6,3,419,1,20936.58348,6,1,0,4532.314497,1,High Risk
CUST_01128,52,Other,Self-Employed,45085.61809,24,1234.415704,9,659.130711,23,485.2874586,67,2,2,834,3,12570.20704,7,0,0,12795.46707,1,High Risk
CUST_01129,44,Other,Employed,44591.99112,174,24.35994298,7,955.7840402,2,467.4378697,2,2,2,479,4,22227.83007,4,0,0,15921.3952,1,High Risk
CUST_01130,36,Other,Employed,44606.25004,34,2499.29266,11,993.1466532,32,319.7070993,1,1,0,811,5,11035.3111,7,0,0,8033.299198,1,High Risk
CUST_01131,52,Other,Employed,68241.23476,97,2184.521185,2,1002.665714,29,757.5310961,19,19,8,792,3,8598.363274,6,0,0,9078.349405,1,High Risk
CUST_01132,66,Other,Employed,73280.65797,85,1584.372551,7,244.1705597,25,977.6687426,38,3,2,892,3,20936.60584,3,1,0,5278.660034,1,High Risk
CUST_01133,21,Female,Unemployed,57594.80682,181,1128.389787,1,797.6674249,33,452.540667,11,4,3,626,0,20368.28435,4,0,0,6835.99016,1,High Risk
CUST_01134,33,Other,Employed,52458.64731,215,1980.251033,4,731.1263583,21,563.6580666,60,1,0,696,5,12461.65523,7,0,0,6050.57814,1,High Risk
CUST_01135,59,Male,Self-Employed,54132.12707,5,1136.038838,4,263.7361544,29,540.6588099,35,15,2,885,2,14053.92954,7,0,0,15837.07799,1,High Risk
CUST_01136,59,Female,Employed,75703.13424,72,2200.80796,6,805.5943184,34,307.9397513,8,11,0,811,1,13711.615,7,0,0,15065.55006,1,High Risk
CUST_01137,58,Other,Self-Employed,58572.54968,162,2937.404513,4,712.3504739,24,683.155902,43,14,3,482,2,13268.09116,2,0,0,1988.422355,1,High Risk
CUST_01138,25,Male,Employed,77403.90038,132,1109.896146,8,979.0339852,27,489.8721358,74,3,9,405,2,9770.570518,0,0,0,8541.134387,1,High Risk
CUST_01139,25,Other,Unemployed,42456.47266,90,2124.353279,2,828.4364767,32,556.7622573,52,2,6,797,0,26375.9336,2,0,0,6779.312731,0,Low Risk
CUST_01140,22,Male,Employed,25959.75765,111,975.8832201,8,607.7378144,22,741.4589166,29,13,9,633,3,9600.308294,4,0,0,500.0,1,High Risk
CUST_01141,26,Male,Employed,37956.92929,61,2321.885024,0,1124.016858,25,418.3213111,65,12,7,673,3,15336.32441,6,0,0,13904.61863,1,High Risk
CUST_01142,27,Male,Unemployed,39869.65525,221,1302.779382,2,22.56827473,8,523.4459552,37,5,7,300,1,13142.21417,5,0,0,19130.8279,1,High Risk
CUST_01143,61,Male,Employed,78881.5027,203,2658.263466,3,777.507205,7,318.6450467,37,3,0,774,0,0.0,6,0,0,12487.84588,1,High Risk
CUST_01144,34,Female,Self-Employed,63255.4474,79,1277.866527,5,182.8621738,36,227.0768873,32,0,5,751,4,12706.80764,4,0,1,6327.935283,1,High Risk
CUST_01145,66,Female,Employed,38525.78256,16,781.8270404,9,480.7323551,32,530.3328823,70,2,7,483,3,10311.01616,7,1,0,13785.63577,1,High Risk
CUST_01146,48,Male,Employed,64551.40118,53,1232.521547,7,983.6847961,14,551.9274712,54,11,9,387,1,8660.731131,0,0,0,10130.22821,1,High Risk
CUST_01147,52,Other,Employed,47667.54,141,1321.550849,6,354.0308818,48,730.7799636,75,2,9,784,4,5766.843296,2,0,0,16945.71359,0,Low Risk
CUST_01148,49,Male,Unemployed,79421.93046,80,1689.077362,7,301.6987635,46,309.1752908,22,17,7,898,5,22817.02631,2,0,0,9585.498464,0,Low Risk
CUST_01149,58,Female,Employed,43993.3776,82,1236.903184,5,1633.680744,7,237.536158,69,13,8,880,2,5322.277951,6,0,0,7998.78466,1,High Risk
CUST_01150,46,Other,Employed,22299.99337,12,1696.389246,5,324.248832,20,944.3937741,13,4,7,639,0,10851.5736,4,0,0,7776.966713,1,High Risk
CUST_01151,55,Female,Self-Employed,46638.4808,214,1710.497122,5,1377.682316,2,532.7968187,48,0,4,471,4,8864.301569,3,0,0,6739.538016,1,High Risk
CUST_01152,48,Female,Employed,44003.22202,82,1158.049615,2,739.7292424,8,155.7277398,44,13,0,677,3,5655.04907,5,0,0,10500.29017,1,High Risk
CUST_01153,57,Other,Employed,25821.92034,126,1762.723328,9,616.3098075,13,486.1444333,76,11,8,476,5,16605.04567,5,0,0,14739.00894,1,High Risk
CUST_01154,52,Male,Employed,60546.41163,188,1031.00699,3,998.3752367,37,335.7839769,26,0,9,335,1,14668.89359,7,0,0,3111.948484,1,High Risk
CUST_01155,56,Male,Employed,75644.93895,36,3099.851254,10,1267.807926,26,589.5577373,74,1,9,752,1,9012.267449,1,0,0,11775.64906,0,Low Risk
CUST_01156,46,Male,Self-Employed,29795.28217,123,1739.298711,5,398.8762203,19,395.6602504,66,11,9,524,5,6477.842807,7,0,0,21761.4944,1,High Risk
CUST_01157,52,Male,Self-Employed,67508.78707,82,1989.859899,6,621.4125736,3,809.229083,48,12,9,592,0,15144.21592,4,0,1,3571.500396,1,High Risk
CUST_01158,23,Other,Unemployed,39080.64511,208,1343.724957,2,1096.404407,23,175.0031963,1,19,4,772,2,14615.63025,4,1,0,12197.02216,1,High Risk
CUST_01159,41,Other,Employed,49555.06598,55,923.523031,3,900.7980093,26,819.5782438,59,14,6,552,3,11128.68943,7,0,0,7544.294992,1,High Risk
CUST_01160,21,Other,Unemployed,47664.09996,158,2168.800313,5,1185.671241,11,685.7770651,65,15,6,350,2,20620.59226,5,0,0,1575.145288,1,High Risk
CUST_01161,29,Female,Unemployed,49555.20443,20,1763.909059,0,980.2891841,27,580.7066825,58,18,3,592,0,21423.59229,1,0,0,500.0,0,Low Risk
CUST_01162,24,Other,Employed,58515.4881,156,10.0,10,1432.878403,34,758.6152864,59,4,7,452,0,8949.772671,0,0,0,11226.07828,1,High Risk
CUST_01163,29,Male,Self-Employed,31564.71247,104,3040.518941,6,862.5060096,23,803.8710196,21,1,9,560,2,24530.15311,4,0,0,2282.406301,1,High Risk
CUST_01164,52,Female,Self-Employed,73279.40196,137,2090.260099,10,877.6339019,30,500.3355546,45,5,8,404,4,10348.37691,7,0,0,11838.25285,1,High Risk
CUST_01165,57,Male,Employed,59063.76962,175,1195.149927,0,912.6024802,2,907.4107295,52,7,3,666,4,10426.02299,3,0,0,8450.749099,0,Low Risk
CUST_01166,32,Male,Employed,65040.48997,100,1984.50594,10,750.1289019,29,654.4599884,18,6,1,582,0,16278.32992,0,0,0,16570.93196,0,Low Risk
CUST_01167,50,Other,Self-Employed,35958.81285,47,1837.315127,11,1096.830506,26,363.0726732,48,12,9,616,4,14087.23754,0,0,0,3904.066376,0,Low Risk
CUST_01168,66,Other,Employed,29934.0705,201,1896.227053,11,882.9644284,16,163.3301575,79,5,3,782,4,12195.75518,0,0,0,3436.488397,0,Low Risk
CUST_01169,55,Male,Employed,71288.84177,227,803.5753073,9,1075.863003,5,768.5017022,16,8,1,383,5,509.1962393,4,1,0,13258.10489,1,High Risk
CUST_01170,64,Male,Employed,29160.51357,37,1556.924487,10,1130.574949,46,499.8579803,26,11,0,344,1,2423.72403,5,0,0,6723.653302,1,High Risk
CUST_01171,43,Female,Self-Employed,52687.49434,182,1741.658316,10,949.9591385,42,52.12097738,18,9,0,686,2,4296.644103,0,0,0,12079.48861,0,Low Risk
CUST_01172,34,Other,Unemployed,68341.92497,116,2485.527612,8,975.6007135,17,583.3686098,29,10,3,488,1,12063.31766,2,0,0,13869.69284,1,High Risk
CUST_01173,48,Female,Unemployed,47717.56456,233,1582.084786,9,446.3845743,34,435.4864738,77,0,8,789,1,8890.233121,4,1,0,14960.06206,1,High Risk
CUST_01174,27,Female,Employed,71061.38713,23,1844.954704,8,607.3762443,26,332.422426,45,9,8,349,5,9734.440459,4,0,0,2292.81949,1,High Risk
CUST_01175,24,Female,Self-Employed,45111.95053,158,771.781022,10,1095.184209,16,752.2805639,63,15,6,500,0,10222.93128,1,0,0,6583.528134,1,High Risk
CUST_01176,48,Male,Employed,27006.47602,98,1553.825594,8,1298.270914,10,303.0706234,31,18,4,474,5,17865.47703,5,1,0,500.0,1,High Risk
CUST_01177,66,Female,Self-Employed,56735.10574,46,2193.657267,3,120.8494211,37,386.655543,52,9,5,441,0,16643.99514,0,0,0,13808.50659,1,High Risk
CUST_01178,23,Female,Employed,53569.32861,82,952.6546184,1,601.2478985,36,446.0603108,22,14,0,574,0,9504.757702,4,0,0,7373.68256,1,High Risk
CUST_01179,31,Male,Self-Employed,98383.57239,58,1189.52572,6,808.2672108,41,754.2052609,35,13,2,489,1,10173.33008,6,0,0,500.0,1,High Risk
CUST_01180,64,Other,Self-Employed,32988.04041,140,728.8666675,3,492.2539383,33,206.3787676,9,2,0,433,3,6821.0298,5,0,0,13257.11668,1,High Risk
CUST_01181,21,Other,Unemployed,45466.7521,153,415.6668434,4,512.1181245,46,341.8202578,58,3,9,844,1,9982.082266,3,0,0,12057.91556,0,Low Risk
CUST_01182,46,Female,Employed,36844.41884,178,811.4021414,0,966.2219558,31,606.2961577,28,7,4,396,5,19796.06779,3,0,0,3527.453551,1,High Risk
CUST_01183,50,Male,Unemployed,47435.27753,182,1949.857704,10,1353.481589,42,624.0083756,10,0,3,340,1,17513.95833,5,0,0,7141.921401,1,High Risk
CUST_01184,55,Other,Unemployed,46709.55622,145,1303.112324,11,88.86175529,45,218.4694152,37,19,2,628,5,14298.95844,7,0,0,10835.33712,1,High Risk
CUST_01185,55,Female,Self-Employed,34298.6032,57,814.0563877,9,740.3333479,45,401.5079602,78,14,5,800,1,5563.041823,4,0,0,12882.18167,1,High Risk
CUST_01186,45,Female,Employed,58428.27697,45,3243.273474,5,962.1481196,34,470.6698976,31,6,5,840,4,11682.45009,4,0,0,5222.31992,1,High Risk
CUST_01187,62,Male,Self-Employed,46145.4103,52,938.5790828,11,1073.07489,27,571.9933825,51,11,8,672,5,9691.980903,3,0,0,12536.52513,0,Low Risk
CUST_01188,46,Female,Self-Employed,74218.69342,8,1999.659601,6,911.6945701,21,447.5656865,0,2,3,810,4,11077.36797,6,1,0,6935.029295,1,High Risk
CUST_01189,24,Other,Self-Employed,38325.97178,163,1766.377974,2,1416.490892,15,884.6912795,13,4,8,394,0,16741.76689,3,0,0,9836.312722,1,High Risk
CUST_01190,39,Male,Employed,83504.71528,64,1698.543644,9,810.1173077,45,475.3636965,2,7,3,781,1,18466.27739,2,1,0,9416.022698,1,High Risk
CUST_01191,30,Other,Employed,54965.73211,57,35.2982455,1,1259.197477,41,877.2936938,29,10,7,310,1,26679.00131,3,1,0,500.0,1,High Risk
CUST_01192,29,Other,Self-Employed,72884.00191,169,2516.121649,11,573.7713154,39,383.7651035,30,18,7,853,0,6613.100404,6,0,0,4792.186692,1,High Risk
CUST_01193,59,Other,Employed,52078.16238,142,1755.583907,11,820.2940313,11,99.80050964,0,11,1,766,2,19381.59822,6,0,0,2527.550515,1,High Risk
CUST_01194,57,Female,Self-Employed,35948.2208,118,2235.171863,9,375.5497235,4,1127.722704,45,19,9,770,3,11180.02671,2,0,0,4347.141741,0,Low Risk
CUST_01195,25,Female,Employed,45256.62344,230,2410.942743,6,1115.302554,25,478.2889038,13,6,7,730,5,7716.454077,4,0,0,9405.448137,1,High Risk
CUST_01196,27,Other,Employed,25038.1722,33,2870.936181,0,757.8449981,25,592.4064198,35,13,1,813,3,25039.68944,7,0,0,4495.998689,1,High Risk
CUST_01197,42,Other,Unemployed,47992.39491,76,701.3189587,1,925.2373719,12,137.4613909,45,1,7,342,2,22568.14296,0,0,0,9478.079538,1,High Risk
CUST_01198,66,Male,Self-Employed,53097.67177,183,924.9853087,2,690.3209791,23,565.4842284,54,11,5,303,0,10313.77203,5,0,0,3014.490085,1,High Risk
CUST_01199,45,Male,Unemployed,50823.01032,36,1034.381976,3,1005.249976,43,705.3921738,35,8,2,636,2,7665.225347,5,0,0,6522.09504,1,High Risk
CUST_01200,65,Female,Unemployed,73942.83005,171,806.9710328,4,939.1018908,2,213.5946796,42,11,6,674,3,1442.286889,5,0,0,14669.56705,1,High Risk
CUST_01201,62,Female,Self-Employed,47315.59104,12,2557.342827,3,451.8719995,31,464.3501314,42,5,5,394,2,19526.98204,0,0,0,4325.34306,1,High Risk
CUST_01202,31,Male,Self-Employed,15908.11533,54,697.4412281,9,472.1313986,22,484.8647144,14,5,2,746,1,0.0,1,0,0,11490.12884,0,Low Risk
CUST_01203,45,Other,Employed,113793.1702,205,1196.597475,2,790.2809444,48,179.7337234,37,18,4,870,4,11126.92708,5,0,0,1405.878631,1,High Risk
CUST_01204,32,Female,Self-Employed,37569.04625,187,194.8024353,0,1030.850885,36,906.1469456,43,19,3,329,1,6639.091482,2,0,0,11750.55124,1,High Risk
CUST_01205,59,Other,Unemployed,67437.41196,80,2085.628823,6,1452.013444,37,0.0,54,5,5,387,3,20363.02616,3,0,0,4029.671839,1,High Risk
CUST_01206,37,Male,Unemployed,22923.55992,5,1397.890064,11,906.0467998,44,0.0,54,16,0,519,5,23068.55661,2,0,0,4792.21261,1,High Risk
CUST_01207,44,Female,Self-Employed,54413.81912,187,2206.648728,9,1152.635991,37,526.5787722,77,16,0,427,5,1776.323359,7,0,0,12687.43519,1,High Risk
CUST_01208,52,Female,Unemployed,35698.17545,163,2060.801014,5,235.5021728,12,251.2766105,57,16,7,470,5,12489.40081,1,0,0,500.0,1,High Risk
CUST_01209,66,Male,Employed,10000.0,137,186.8466701,1,1504.534547,14,669.2763995,56,9,7,524,4,13619.3247,6,0,0,7173.822269,1,High Risk
CUST_01210,59,Female,Unemployed,44909.42009,6,1647.940229,1,1011.990174,1,413.5906121,55,10,8,573,4,10271.43873,1,1,0,12228.20473,1,High Risk
CUST_01211,62,Male,Employed,49098.82355,169,627.4267324,2,782.6384211,10,599.620851,1,7,7,707,2,8152.684281,2,0,0,500.0,0,Low Risk
CUST_01212,31,Female,Unemployed,46060.05337,50,1612.902681,7,742.3563834,15,158.2391321,33,13,1,457,1,21386.91583,3,0,0,7293.935729,1,High Risk
CUST_01213,63,Male,Employed,54376.04027,76,1031.136475,7,412.4800707,17,400.6197271,48,18,4,706,5,8862.135871,4,0,0,2482.700347,1,High Risk
CUST_01214,55,Female,Employed,45148.85444,81,2966.886927,9,512.5496215,33,389.3695263,63,17,7,329,2,23895.42329,4,0,0,4874.807988,1,High Risk
CUST_01215,67,Other,Self-Employed,51244.69669,146,3630.741902,9,1468.652471,9,1086.009208,7,14,8,495,3,8028.151866,4,0,0,8458.599169,1,High Risk
CUST_01216,23,Other,Employed,53062.01603,168,1304.175243,9,453.8484466,12,386.7628952,68,17,5,468,4,16631.65814,5,0,0,10182.02071,1,High Risk
CUST_01217,24,Other,Self-Employed,49366.7944,6,1579.166875,11,447.1062847,31,0.0,57,19,3,643,2,17011.87353,1,0,0,10123.2678,0,Low Risk
CUST_01218,56,Female,Unemployed,46926.03502,6,10.0,9,554.2228299,7,775.2799947,42,16,8,878,4,8022.537749,5,0,0,13373.87728,1,High Risk
CUST_01219,27,Female,Unemployed,33914.23681,122,184.5669711,10,380.6367365,6,438.9554277,61,4,3,698,1,1330.485739,2,0,0,6924.164717,0,Low Risk
CUST_01220,61,Other,Unemployed,60700.02087,121,1808.96104,11,805.3573012,47,567.3657825,51,3,5,483,5,6844.562388,1,0,0,5237.606553,1,High Risk
CUST_01221,68,Other,Employed,44906.04775,230,1474.10733,7,1181.118679,16,413.6658073,32,10,4,811,3,4923.551375,3,0,0,9822.295521,0,Low Risk
CUST_01222,47,Male,Unemployed,43451.13694,157,1837.031217,6,586.3276858,40,180.9388621,19,15,0,501,1,16943.61825,5,0,0,12925.9244,1,High Risk
CUST_01223,50,Male,Unemployed,59221.29759,216,861.578688,1,319.3365021,26,826.7389048,79,6,3,517,2,9724.899055,0,0,0,4824.274454,1,High Risk
CUST_01224,28,Male,Self-Employed,53815.24449,216,1742.131182,0,902.1514596,7,255.5122217,58,15,9,375,2,20244.16591,1,0,0,9233.519499,1,High Risk
CUST_01225,48,Other,Self-Employed,37432.03422,19,10.0,5,780.4789818,28,129.4136283,59,5,2,620,0,15436.94644,3,0,0,9995.381794,0,Low Risk
CUST_01226,33,Other,Unemployed,72511.85557,239,1012.625128,10,1150.953593,36,617.5804532,62,19,7,301,1,10845.08549,6,1,0,8137.918304,1,High Risk
CUST_01227,59,Other,Unemployed,28593.96827,228,1873.248775,7,640.9220952,26,538.9281184,55,9,6,822,3,12502.73797,3,0,0,9608.879517,0,Low Risk
CUST_01228,60,Male,Employed,31433.45821,98,2857.254093,0,708.9451271,36,767.3442581,36,10,9,887,5,4037.257326,3,0,0,11121.47237,0,Low Risk
CUST_01229,41,Female,Employed,62030.37142,72,1406.418995,2,747.6643724,23,570.1159776,59,14,0,391,4,10833.93771,0,0,0,9093.69437,1,High Risk
CUST_01230,30,Other,Unemployed,81520.44075,184,1971.862293,0,831.1514387,44,481.2091092,50,11,7,469,0,12861.17178,4,0,0,7915.879186,1,High Risk
CUST_01231,42,Female,Self-Employed,39606.76054,99,964.5072099,9,662.6034129,15,726.9126804,28,15,6,604,3,9694.109335,7,0,0,7434.78769,1,High Risk
CUST_01232,20,Female,Unemployed,57430.78471,10,1854.869154,8,605.8745622,25,88.0404539,8,17,1,894,5,8623.33683,2,0,0,12605.75327,0,Low Risk
CUST_01233,65,Female,Employed,28537.45595,116,1104.870823,6,152.3678103,30,454.5763108,39,6,9,381,1,18033.06737,1,0,0,9632.832025,1,High Risk
CUST_01234,56,Male,Self-Employed,33278.26431,183,3063.760839,7,602.1144768,26,263.3667022,67,13,3,592,4,6340.514679,0,1,0,13080.16172,1,High Risk
CUST_01235,40,Female,Self-Employed,70379.56745,230,1236.905473,8,1050.328144,25,563.2645055,42,8,1,647,3,15508.71651,3,0,0,8521.650937,0,Low Risk
CUST_01236,45,Other,Employed,56583.73455,7,1364.1211,2,1097.585932,42,703.9253031,75,5,8,522,0,18600.90528,0,0,0,10912.66133,1,High Risk
CUST_01237,65,Male,Unemployed,70938.13559,199,2119.323806,9,635.1104417,14,569.7206129,22,10,7,337,5,14968.52188,1,0,0,10481.45428,1,High Risk
CUST_01238,55,Other,Unemployed,69553.55758,49,1901.956396,10,1254.820099,48,677.1941612,7,12,0,741,5,4774.593223,2,1,0,5383.705546,1,High Risk
CUST_01239,42,Other,Unemployed,12388.10552,204,1207.652706,1,789.9535749,14,809.7406253,73,17,0,432,4,12684.57383,1,0,0,500.0,1,High Risk
CUST_01240,20,Male,Employed,28472.82188,42,1827.860266,5,331.7537699,22,625.8564511,63,11,7,872,1,17360.78052,6,0,0,612.1070526,1,High Risk
CUST_01241,59,Other,Self-Employed,54940.56443,124,656.177461,4,221.6655802,24,685.324261,22,5,4,894,4,10267.49002,5,0,0,11772.25959,1,High Risk
CUST_01242,34,Other,Employed,19452.38034,137,1681.05803,3,1226.390273,43,968.6491093,55,8,0,504,1,6878.858157,0,0,1,10505.92305,1,High Risk
CUST_01243,40,Male,Unemployed,31022.50923,142,1939.420021,5,669.4486962,3,1159.933064,13,17,3,327,2,6669.064115,5,0,0,8014.664675,1,High Risk
CUST_01244,66,Other,Employed,75685.41328,96,1161.861483,5,375.0774169,35,460.7803683,79,14,1,484,2,13931.35692,3,0,0,9112.463714,1,High Risk
CUST_01245,28,Female,Self-Employed,40251.81422,155,1204.063281,11,20.0,15,264.9899722,16,8,8,429,1,10005.3041,5,0,0,5006.643284,1,High Risk
CUST_01246,28,Other,Employed,62785.37442,30,996.3904074,2,661.4993612,46,0.0,19,9,9,369,3,8291.663162,7,0,0,4732.713566,1,High Risk
CUST_01247,29,Female,Unemployed,49492.97114,173,351.296874,1,941.6628006,39,981.1909523,11,1,5,848,0,0.0,3,0,0,6719.246264,0,Low Risk
CUST_01248,45,Other,Self-Employed,37761.14742,79,1832.167781,8,555.8080996,20,357.9259951,72,13,8,516,2,22819.72164,4,0,0,11615.72272,1,High Risk
CUST_01249,60,Male,Employed,20044.23309,177,1119.84204,7,431.364194,39,615.6637333,71,10,0,548,3,10114.25852,7,0,1,12678.24442,1,High Risk
CUST_01250,54,Male,Employed,54199.43792,51,1945.150575,3,607.718481,42,665.0115981,40,12,0,771,4,16884.44371,4,0,0,9473.996463,1,High Risk
CUST_01251,44,Other,Self-Employed,76182.8997,88,1354.063895,5,1235.117207,16,701.3621758,31,1,3,637,2,20030.32807,2,0,0,8444.713487,0,Low Risk
CUST_01252,45,Male,Self-Employed,38272.50536,56,1991.836566,2,312.4564338,2,437.2831965,36,6,1,684,5,32433.86275,2,0,0,7757.865975,0,Low Risk
CUST_01253,30,Other,Unemployed,51234.77038,20,129.1349398,10,575.4046394,6,698.6510229,17,14,0,302,5,16091.33334,5,0,0,6234.787539,1,High Risk
CUST_01254,57,Male,Self-Employed,22643.80154,29,583.1685418,7,1223.765209,11,635.5313838,28,6,5,882,3,14010.95027,5,0,0,500.0,1,High Risk
CUST_01255,21,Female,Unemployed,37900.84656,74,826.4772835,2,972.9617013,0,330.496224,6,11,7,396,0,2701.327437,4,0,0,11920.10409,1,High Risk
CUST_01256,26,Other,Employed,56135.86987,136,2457.643295,1,862.6947348,42,906.6041501,39,6,0,896,5,0.0,4,1,0,11124.6297,1,High Risk
CUST_01257,37,Female,Unemployed,63386.88477,205,1822.491911,6,573.0438526,36,669.2124522,5,4,9,806,4,0.0,1,0,0,9326.684512,0,Low Risk
CUST_01258,46,Female,Employed,60007.0775,223,1289.190897,2,810.6766851,5,179.053777,19,14,9,739,2,10984.00128,1,0,0,10793.43755,0,Low Risk
CUST_01259,53,Other,Self-Employed,13432.07641,124,1117.924413,8,611.759826,45,407.1026576,54,6,5,545,5,6011.909639,5,0,0,15931.69706,1,High Risk
CUST_01260,46,Female,Employed,41775.1729,107,1976.881469,2,499.2148541,48,401.4912396,55,1,0,652,2,9086.433431,3,0,0,5698.508286,0,Low Risk
CUST_01261,36,Other,Self-Employed,32588.94001,71,1028.687905,7,421.9798836,22,357.4792485,72,1,7,568,0,20624.19273,6,0,0,9402.232234,1,High Risk
CUST_01262,62,Female,Employed,44437.49104,73,2088.480732,1,1074.433459,24,652.8185665,52,18,5,480,1,15100.55392,5,0,0,2415.235716,1,High Risk
CUST_01263,63,Other,Employed,47998.55416,152,1328.518631,8,778.8578537,24,822.7860369,72,8,0,776,5,11917.09065,3,0,0,15826.84319,0,Low Risk
CUST_01264,43,Other,Employed,69194.33404,189,2534.419303,0,910.0798103,2,226.4332171,71,1,8,702,2,13173.63207,4,0,0,8355.288807,1,High Risk
CUST_01265,44,Male,Employed,55314.26666,177,744.2954097,11,853.085615,3,410.7178638,32,13,0,480,1,7820.12553,1,0,0,500.0,1,High Risk
CUST_01266,26,Other,Unemployed,75520.97551,119,1397.620496,2,954.3215897,29,786.5603356,21,14,8,356,0,9127.206705,4,0,0,6324.642034,1,High Risk
CUST_01267,25,Other,Employed,37408.81434,198,764.8487231,10,710.8484235,32,289.9933549,49,11,2,721,5,3702.059064,4,0,0,13839.39171,1,High Risk
CUST_01268,43,Female,Unemployed,24492.62196,34,2802.561735,1,631.4198921,28,321.5759518,26,18,7,345,0,16664.26093,2,0,0,11268.54094,1,High Risk
CUST_01269,52,Other,Self-Employed,76194.36753,213,1516.686315,11,514.6518847,3,0.0,47,14,7,385,5,22624.12444,4,0,0,15443.77191,1,High Risk
CUST_01270,68,Male,Self-Employed,57802.19428,111,694.1220583,6,305.1108033,13,692.1873984,65,5,6,687,3,20169.41663,3,0,0,7505.534556,0,Low Risk
CUST_01271,48,Female,Unemployed,36621.10819,99,778.3150597,4,407.2883903,20,550.562318,12,9,1,893,2,12148.92638,2,0,0,11730.64182,0,Low Risk
CUST_01272,62,Female,Self-Employed,57880.81181,3,1911.239935,7,672.1037976,6,416.4698017,1,9,2,477,4,17740.67529,1,0,0,9682.289219,1,High Risk
CUST_01273,41,Male,Self-Employed,65034.67221,184,45.19494426,1,238.9361804,20,98.60810296,45,2,4,392,5,15265.08462,3,0,0,9573.785417,1,High Risk
CUST_01274,45,Female,Employed,52145.43463,176,1357.423689,7,316.1999336,6,414.3092329,70,8,4,461,4,13036.60836,0,1,0,3606.114348,1,High Risk
CUST_01275,47,Female,Employed,36877.3443,171,818.0567602,6,1164.748962,0,19.30697284,10,4,1,525,5,14112.29364,1,0,0,500.0,1,High Risk
CUST_01276,69,Female,Employed,42057.26951,110,1372.284352,11,878.4628197,33,456.1617944,25,6,0,492,0,4090.422724,5,0,0,7748.236584,1,High Risk
CUST_01277,40,Female,Unemployed,55231.18696,116,1580.996879,10,641.8571451,22,980.183318,62,18,4,445,4,9119.374355,0,0,0,500.0,1,High Risk
CUST_01278,68,Male,Unemployed,53579.9832,43,1421.241387,4,1595.051061,2,549.05085,48,9,4,553,4,7906.592749,3,0,0,10699.09087,1,High Risk
CUST_01279,26,Male,Self-Employed,71820.68104,10,1287.078882,1,223.1125985,17,808.1088569,62,10,2,821,5,2928.339294,7,0,0,6110.941992,1,High Risk
CUST_01280,36,Female,Employed,45033.61618,162,1632.466068,9,1141.463947,42,826.3449285,20,5,7,786,4,15461.31121,1,0,0,4233.320281,0,Low Risk
CUST_01281,39,Female,Unemployed,32652.30923,32,2899.923178,10,760.986871,11,367.9519126,48,18,5,766,3,16214.17584,0,0,0,4113.501896,0,Low Risk
CUST_01282,60,Male,Unemployed,96386.97793,48,2519.108821,6,1074.766458,13,654.6173419,78,6,1,744,3,0.0,0,0,0,8350.263839,0,Low Risk
CUST_01283,68,Male,Employed,53140.78759,222,1229.826462,9,838.133801,40,0.0,79,15,1,705,5,11911.58176,1,0,0,12309.19731,0,Low Risk
CUST_01284,39,Male,Unemployed,65016.72964,107,2080.012963,3,144.7142282,27,570.3067427,8,11,3,614,0,9965.724706,4,1,0,6669.431897,1,High Risk
CUST_01285,41,Female,Employed,59393.2707,182,2040.809305,3,833.4111636,41,768.9134499,20,17,5,390,5,8253.510593,6,0,0,4594.453685,1,High Risk
CUST_01286,47,Female,Self-Employed,53358.33989,98,1196.744236,7,917.4445491,44,630.6083312,52,13,8,695,4,2113.473977,3,1,0,4656.270856,1,High Risk
CUST_01287,59,Other,Self-Employed,45900.61285,219,1474.58526,5,32.80514552,23,410.3229924,54,15,7,362,0,12364.59007,3,1,0,15290.7423,1,High Risk
CUST_01288,68,Male,Self-Employed,10000.0,228,1930.012873,8,1480.416903,23,813.9241606,40,5,7,314,0,12112.27927,7,0,0,7789.702325,1,High Risk
CUST_01289,26,Female,Employed,30862.01767,63,915.7270127,10,908.922658,2,784.3309483,5,0,1,721,0,9738.027466,2,0,0,500.0,0,Low Risk
CUST_01290,20,Male,Unemployed,55924.14584,227,1307.522849,1,1035.195709,8,487.6917796,0,12,3,515,3,16851.43103,1,0,0,6233.774255,1,High Risk
CUST_01291,51,Female,Self-Employed,10000.0,143,1341.855606,4,392.0647136,23,872.6957067,63,5,5,433,3,16589.16202,3,0,0,1546.43629,1,High Risk
CUST_01292,32,Male,Self-Employed,51289.13107,91,1284.256031,5,1041.716133,1,629.5153202,4,5,5,593,2,821.6701219,0,0,0,5221.84457,0,Low Risk
CUST_01293,49,Female,Self-Employed,61902.1492,236,1252.772779,7,1181.326561,39,97.54659755,25,5,9,826,5,16576.6476,1,0,0,2701.5189,0,Low Risk
CUST_01294,42,Other,Unemployed,64999.01511,170,1853.746897,3,888.7488798,27,580.0538149,0,11,5,627,4,6264.846939,5,0,0,16580.85991,1,High Risk
CUST_01295,38,Other,Unemployed,60766.79445,233,1521.191801,10,796.7199545,6,320.7888571,0,8,7,840,5,10363.0876,7,0,0,9433.804468,1,High Risk
CUST_01296,51,Male,Employed,67251.05513,128,2011.469283,6,487.2441563,8,624.2397985,37,19,7,557,1,21889.92423,0,0,0,12800.80959,1,High Risk
CUST_01297,49,Female,Self-Employed,78901.0049,63,3516.102088,10,724.3275788,44,0.0,40,6,6,741,3,11740.579,1,0,0,16513.08249,0,Low Risk
CUST_01298,48,Female,Unemployed,69730.12284,122,1071.977907,6,620.78967,38,898.5344945,27,2,4,899,5,18165.20244,7,0,0,9313.365718,1,High Risk
CUST_01299,68,Male,Employed,53542.96518,174,1674.150643,3,1000.198473,38,779.1952667,4,14,5,461,5,10477.57655,0,0,1,19481.02023,1,High Risk
CUST_01300,64,Female,Self-Employed,47576.84261,192,1906.864827,0,502.5434262,32,897.515953,20,1,5,726,1,17618.26923,0,0,0,1108.247004,0,Low Risk
CUST_01301,48,Male,Unemployed,52063.48174,123,2373.549185,2,997.6277525,33,497.4448768,62,17,2,323,4,11673.96856,1,0,0,14345.45414,1,High Risk
CUST_01302,49,Female,Unemployed,45041.03327,174,1847.564072,1,506.355053,20,789.0432199,11,0,2,540,4,10386.2988,2,0,0,8888.729247,1,High Risk
CUST_01303,35,Male,Employed,70116.45318,50,625.7193849,11,708.176606,28,552.891882,5,0,6,401,3,12736.89283,6,0,0,11920.04703,1,High Risk
CUST_01304,59,Female,Self-Employed,60297.80375,204,970.065726,2,1015.615539,26,254.0786873,28,10,5,580,1,5287.232564,7,0,0,7356.100823,1,High Risk
CUST_01305,38,Male,Self-Employed,43140.62382,61,1617.164763,4,553.671148,16,297.1668234,60,2,4,724,5,8907.179776,7,0,0,10946.20524,1,High Risk
CUST_01306,37,Female,Unemployed,73833.58011,187,947.3129825,10,1027.687771,41,413.7006955,34,9,5,844,0,15666.20948,6,0,0,9911.692774,1,High Risk
CUST_01307,20,Other,Self-Employed,44746.18063,225,318.8569108,11,993.5479552,46,812.5223684,74,11,5,598,0,17027.93121,0,1,0,7566.35092,1,High Risk
CUST_01308,33,Female,Employed,32976.11037,238,854.892285,0,705.1672643,47,804.0911853,51,5,3,316,5,6530.86034,1,0,0,8647.00776,1,High Risk
CUST_01309,66,Male,Unemployed,49806.63416,13,859.2296398,4,1206.62412,22,338.2950968,32,6,4,306,3,22337.92609,4,0,0,15908.42541,1,High Risk
CUST_01310,69,Other,Unemployed,35165.59729,27,692.5035855,1,827.2245197,44,679.4048175,24,16,6,838,1,22845.93546,5,0,0,4720.881783,1,High Risk
CUST_01311,21,Female,Employed,66851.70328,191,3521.401649,3,1185.796784,20,504.0600036,13,16,0,847,3,6452.582495,4,0,0,14937.76809,1,High Risk
CUST_01312,47,Other,Unemployed,34782.22069,48,1752.236345,5,1427.712724,7,263.8821213,52,3,9,702,0,9263.897484,5,0,0,4633.634476,1,High Risk
CUST_01313,68,Female,Self-Employed,47923.34669,56,1592.455112,8,715.5446424,8,204.5942121,60,0,5,570,4,11817.03014,6,0,0,10999.91521,1,High Risk
CUST_01314,69,Other,Self-Employed,66914.73486,239,2235.604714,9,1025.734244,32,442.2292372,12,0,4,369,3,19287.09528,6,0,0,7754.259414,1,High Risk
CUST_01315,49,Male,Unemployed,37180.36475,36,2938.631366,5,576.8512261,3,733.3282511,14,16,5,484,0,15438.19323,6,1,0,10830.45299,1,High Risk
CUST_01316,57,Female,Employed,57400.5836,86,1809.336908,9,438.5149567,17,373.2622848,54,10,0,527,4,10162.75302,2,0,1,9367.634124,1,High Risk
CUST_01317,23,Female,Employed,32478.52355,137,2314.041391,10,731.5891199,31,697.5388921,52,2,3,368,5,4418.038184,1,0,0,10345.37539,1,High Risk
CUST_01318,20,Male,Self-Employed,54398.89629,227,1098.384406,11,323.0899021,29,577.5354183,71,9,7,864,3,259.8222581,5,0,0,10865.43314,1,High Risk
CUST_01319,27,Other,Employed,60210.44328,64,774.95349,1,471.8372771,24,90.52200408,46,1,3,536,3,13714.78651,2,0,0,8867.510835,1,High Risk
CUST_01320,48,Male,Unemployed,49241.29043,59,2227.346499,7,1007.00141,32,1001.984685,44,15,9,496,0,22922.4639,5,0,0,13624.34445,1,High Risk
CUST_01321,58,Male,Unemployed,50603.47317,229,2212.02319,4,620.2228446,34,798.7337913,74,15,7,813,0,12022.86967,0,0,0,10355.69213,0,Low Risk
CUST_01322,22,Other,Self-Employed,57991.74479,95,2136.963518,8,1048.67993,41,147.8753413,63,7,7,406,4,14491.07504,7,0,0,15889.76152,1,High Risk
CUST_01323,51,Male,Self-Employed,44950.84548,118,1600.467825,9,904.7941783,33,599.8170059,14,6,1,445,2,13265.08607,5,0,0,7001.485705,1,High Risk
CUST_01324,29,Female,Self-Employed,66011.96536,78,876.3676986,8,1447.903922,49,868.9832542,20,9,5,459,4,2166.847953,5,1,0,4695.540812,1,High Risk
CUST_01325,29,Female,Employed,74680.53885,135,1115.553832,3,983.51805,1,602.6255124,35,3,6,538,3,21427.35637,4,0,0,10071.53777,1,High Risk
CUST_01326,38,Female,Unemployed,33335.87613,78,2424.057339,0,1189.976325,12,396.3387285,69,8,6,668,3,7272.182621,2,0,0,1565.585477,0,Low Risk
CUST_01327,65,Male,Unemployed,81807.07234,223,1027.309761,10,940.6596321,40,469.2837103,24,4,0,425,3,7200.696677,0,0,0,12908.0828,1,High Risk
CUST_01328,53,Female,Unemployed,44537.22033,165,1649.00214,8,908.9877254,22,437.2172047,43,6,3,456,5,14798.80412,6,0,0,6417.09577,1,High Risk
CUST_01329,52,Female,Self-Employed,85898.20909,214,883.283886,8,1207.656565,22,464.6180334,0,3,6,767,0,7689.732232,4,1,0,12134.26984,1,High Risk
CUST_01330,42,Female,Unemployed,44781.49245,39,1347.05599,7,1034.079113,30,781.1001582,41,0,5,766,3,4179.800334,2,0,0,9641.412189,0,Low Risk
CUST_01331,47,Female,Employed,62732.81435,190,635.5657853,4,873.5222645,1,618.163219,58,11,2,615,3,17807.27904,0,0,0,7812.53588,0,Low Risk
CUST_01332,51,Female,Employed,62636.19101,195,1440.318654,4,871.9791331,1,284.2356157,32,15,9,641,4,12767.50891,7,1,0,9464.811333,1,High Risk
CUST_01333,69,Female,Unemployed,43028.39231,146,1117.969849,9,988.3802591,4,431.918931,31,15,9,454,0,17756.1685,7,0,0,1562.044888,1,High Risk
CUST_01334,26,Male,Self-Employed,51307.29299,32,134.7611472,5,565.0192682,13,400.8599829,65,7,0,435,4,9792.114616,5,0,0,6160.84959,1,High Risk
CUST_01335,48,Female,Unemployed,75918.21001,203,2023.863337,0,550.1701869,22,572.3299282,24,12,4,755,2,9271.553967,3,0,0,11612.86739,0,Low Risk
CUST_01336,27,Female,Employed,44200.7159,44,1987.451834,8,1298.892076,34,220.7624511,39,8,7,331,4,13515.76786,4,0,0,2023.146935,1,High Risk
CUST_01337,20,Other,Employed,42484.17081,63,1544.904725,4,1452.544782,45,123.2953313,57,9,2,314,4,14109.06263,7,0,0,10652.41239,1,High Risk
CUST_01338,22,Male,Employed,29237.59038,204,600.6692637,6,474.8911396,0,268.0262026,74,7,4,427,2,8147.33379,0,0,0,11888.37331,1,High Risk
CUST_01339,43,Male,Unemployed,78215.93996,207,611.7296571,10,565.8519486,40,109.938854,63,0,8,678,4,7430.9249,6,1,0,5097.024957,1,High Risk
CUST_01340,42,Male,Employed,41346.02189,50,3364.459435,7,1199.882987,47,118.1438437,18,2,7,723,3,17440.76198,7,0,0,13982.24732,1,High Risk
CUST_01341,27,Male,Self-Employed,71599.64392,192,10.0,4,986.7319976,48,806.1031044,27,4,8,395,3,14003.18938,3,0,0,11654.61525,1,High Risk
CUST_01342,66,Female,Unemployed,39175.61329,86,627.498402,2,1036.749837,39,467.8492305,73,6,4,612,1,13648.59104,2,0,0,14213.00905,0,Low Risk
CUST_01343,56,Female,Unemployed,71034.52307,95,3219.671806,5,1113.810453,14,592.9721249,79,15,2,417,0,149.8302495,3,0,0,9654.193542,1,High Risk
CUST_01344,22,Other,Employed,64519.5761,194,3470.096911,6,715.7437434,29,515.1996229,41,7,8,821,3,13548.03579,5,0,0,6145.818889,1,High Risk
CUST_01345,52,Other,Employed,45888.22542,187,2859.309697,3,915.4894737,20,529.2007828,49,0,3,416,5,14232.99143,4,0,0,13263.46811,1,High Risk
CUST_01346,47,Male,Self-Employed,36783.03252,70,1925.478638,8,888.2672527,7,574.6310815,75,2,0,647,0,10079.89091,1,1,0,8054.818338,1,High Risk
CUST_01347,66,Other,Unemployed,38245.44964,48,990.8672564,10,499.5279399,6,646.9049001,47,5,1,479,4,15387.34698,2,0,0,12227.3317,1,High Risk
CUST_01348,27,Other,Employed,38015.60234,115,153.8864688,3,910.2818301,40,592.3182902,56,11,7,523,1,7843.134894,3,0,0,5970.974845,1,High Risk
CUST_01349,53,Male,Self-Employed,69173.29724,30,1824.919962,10,1233.198744,33,1197.094756,8,14,1,523,5,14056.25231,0,0,0,5550.727289,1,High Risk
CUST_01350,54,Male,Employed,52884.14656,231,889.5590964,9,683.0533664,41,243.6814729,29,16,5,547,3,2849.227628,1,0,0,4659.251591,1,High Risk
CUST_01351,51,Other,Unemployed,29927.79621,79,2661.297796,1,853.3992371,36,235.0000055,17,17,4,553,5,17426.1746,1,0,0,14368.4567,1,High Risk
CUST_01352,43,Female,Employed,45461.5986,123,17.2041941,8,872.3481206,47,363.229273,44,16,8,618,4,7367.113851,2,0,0,10939.98404,0,Low Risk
CUST_01353,33,Other,Unemployed,47641.63817,5,1660.340262,3,700.3674073,31,169.2502874,77,11,7,852,1,14606.44815,3,0,0,1333.871292,0,Low Risk
CUST_01354,51,Other,Employed,11498.19991,39,2242.995581,3,1036.915433,32,427.9473884,65,15,0,851,5,19459.73362,4,0,0,6605.343594,1,High Risk
CUST_01355,65,Female,Unemployed,46462.76754,178,2310.128903,9,561.9770291,5,260.8649439,10,11,2,324,4,17923.6036,3,0,0,9007.411945,1,High Risk
CUST_01356,62,Female,Self-Employed,63017.47357,149,2166.903674,0,1266.425932,41,520.3648018,71,3,4,437,0,14583.03051,3,0,0,14814.85125,1,High Risk
CUST_01357,35,Male,Unemployed,47522.69812,94,1772.369006,1,1019.171947,9,518.3547579,66,8,7,308,4,16931.37946,2,0,0,6722.886955,1,High Risk
CUST_01358,23,Male,Self-Employed,54579.32382,85,1602.176299,11,472.1309898,25,173.7586924,14,14,6,868,4,20965.7832,2,0,0,12763.08422,0,Low Risk
CUST_01359,56,Other,Unemployed,58721.23635,19,2226.380204,2,1394.30339,44,691.6079173,39,4,1,601,4,12721.41204,0,0,0,15635.40193,0,Low Risk
CUST_01360,40,Female,Self-Employed,43833.15967,212,1772.490931,6,858.8355114,25,299.4597975,12,10,6,470,1,17821.58709,4,0,0,2424.102942,1,High Risk
CUST_01361,33,Male,Employed,63153.5839,212,1798.265925,11,546.968369,18,265.5238833,79,17,4,811,5,4928.574481,6,0,0,8291.115232,1,High Risk
CUST_01362,50,Other,Unemployed,76234.71736,123,1527.501184,8,1186.594084,34,609.8372623,32,0,5,668,4,7673.520067,2,0,0,5088.928614,0,Low Risk
CUST_01363,67,Female,Employed,22570.54453,89,1191.916775,11,973.1350318,44,500.009043,1,15,7,810,1,21039.88052,0,0,0,14565.62283,0,Low Risk
CUST_01364,37,Other,Self-Employed,43792.70446,42,420.0488937,4,179.8141035,3,500.3251945,33,17,4,674,1,10511.52973,5,0,0,10581.22647,1,High Risk
CUST_01365,26,Male,Unemployed,91933.1147,180,558.0660261,3,616.018889,24,251.8210313,15,12,8,503,2,8852.967373,1,0,0,6043.018379,1,High Risk
CUST_01366,29,Male,Unemployed,53070.1769,75,1193.437412,1,897.684068,7,221.7344723,13,19,0,356,4,10286.24598,7,0,0,3618.95173,1,High Risk
CUST_01367,26,Female,Employed,49372.66489,31,1403.597656,11,44.15166283,11,699.3886251,45,15,4,324,3,7728.164446,0,0,0,5196.769522,1,High Risk
CUST_01368,52,Other,Unemployed,45355.23626,181,725.8484794,6,829.7745299,23,481.5632383,49,15,0,690,1,10977.35488,4,0,0,3749.212543,1,High Risk
CUST_01369,42,Female,Unemployed,72939.8326,44,666.0781845,5,855.2927804,23,557.2858013,4,2,0,354,4,5706.224716,7,0,0,5495.039826,1,High Risk
CUST_01370,40,Male,Employed,33098.12247,31,1208.313382,11,385.7778412,16,538.1483799,42,17,0,446,3,8590.782501,0,0,0,5203.75248,1,High Risk
CUST_01371,38,Male,Unemployed,66671.14148,68,2221.646597,11,894.7257102,24,669.4170122,17,10,4,843,0,12471.63887,5,0,0,10438.66451,1,High Risk
CUST_01372,67,Other,Employed,45018.48145,126,10.0,6,802.6123437,32,485.6356497,47,12,8,386,3,21434.60275,0,0,0,4443.691523,1,High Risk
CUST_01373,38,Other,Employed,36502.82739,147,749.3366368,7,383.0470629,26,442.0148899,63,1,1,371,1,11732.19776,2,0,0,10283.08088,1,High Risk
CUST_01374,55,Other,Employed,45840.15229,122,1629.276255,8,1121.846191,1,679.2838443,25,2,5,833,1,1647.931466,4,0,0,4957.041356,1,High Risk
CUST_01375,48,Female,Employed,49165.15125,111,2529.35348,9,1093.248828,8,1058.666883,73,0,4,435,1,18036.38598,0,0,0,2711.470296,1,High Risk
CUST_01376,37,Other,Employed,41040.61474,161,3228.664823,4,698.5920196,32,189.4850684,69,0,6,345,5,16834.74893,7,0,0,6882.51624,1,High Risk
CUST_01377,21,Other,Self-Employed,70029.90532,94,1226.254114,10,730.4965368,18,362.8399962,13,14,6,816,2,7235.111411,6,0,0,5176.057431,1,High Risk
CUST_01378,20,Male,Self-Employed,36642.48629,237,1214.583149,4,1054.192378,48,573.2425489,65,2,2,311,3,16736.11799,3,0,0,2820.285795,1,High Risk
CUST_01379,66,Male,Employed,52521.34726,114,1389.843033,3,729.7678999,4,0.0,60,3,5,326,5,11210.87196,0,0,0,5240.667864,1,High Risk
CUST_01380,24,Other,Self-Employed,59673.78664,54,1681.688396,10,124.1821298,46,777.5927847,72,11,2,383,4,20665.45014,6,0,0,15122.91186,1,High Risk
CUST_01381,39,Other,Self-Employed,52335.01488,169,1464.079896,2,970.4277951,19,698.7327863,76,11,1,847,4,26326.57096,1,0,0,6150.790121,0,Low Risk
CUST_01382,30,Male,Unemployed,63900.1388,62,1593.244229,6,515.3592377,23,507.5130953,20,13,4,351,1,14390.27159,1,0,0,9312.995246,1,High Risk
CUST_01383,61,Other,Employed,42195.84741,96,430.9144614,4,663.554931,30,616.5926652,54,10,3,373,3,16606.94,0,0,0,4935.278621,1,High Risk
CUST_01384,21,Female,Self-Employed,61207.28672,229,170.4066388,6,1310.254699,43,876.7140813,1,5,3,789,5,21617.59937,5,0,0,11522.89636,1,High Risk
CUST_01385,22,Female,Unemployed,61740.1076,181,2072.24816,1,753.1075341,3,572.2981713,2,13,3,754,0,17768.54952,0,0,0,2083.075515,0,Low Risk
CUST_01386,42,Female,Unemployed,67426.16139,214,1345.7748,8,800.6072276,31,183.7146163,12,1,7,547,3,14729.25038,3,1,0,13164.61271,1,High Risk
CUST_01387,31,Other,Employed,16058.15693,146,2166.808219,8,978.3835464,46,740.1079966,20,2,0,311,4,11344.5499,0,0,0,12117.73526,1,High Risk
CUST_01388,39,Male,Employed,59162.8305,100,1679.020782,8,976.8668804,34,731.616277,32,17,2,866,1,5194.518579,2,0,0,7470.251023,0,Low Risk
CUST_01389,24,Other,Unemployed,66222.85585,16,353.5638231,4,478.2807814,13,552.060592,19,7,8,635,3,10336.96444,6,1,0,15262.50075,1,High Risk
CUST_01390,56,Other,Employed,42593.74465,220,2742.57845,9,778.8955196,35,1153.76459,17,1,2,553,2,10584.06875,4,0,0,11607.82249,1,High Risk
CUST_01391,57,Male,Employed,40139.21436,214,1525.086007,11,812.6533848,5,473.784829,37,19,0,403,1,12129.19645,5,0,0,18574.51335,1,High Risk
CUST_01392,49,Male,Unemployed,37375.20311,172,902.2018464,8,895.2094138,16,51.44719722,24,15,4,614,2,1003.058272,3,0,0,11482.79161,0,Low Risk
CUST_01393,28,Male,Unemployed,31423.89819,53,1072.639346,0,901.2276793,17,564.8596432,37,13,3,367,5,9838.044456,0,0,1,3075.249726,1,High Risk
CUST_01394,53,Female,Employed,61983.68097,26,530.9219399,1,1705.60443,7,536.6956159,14,18,9,800,1,10445.96029,5,0,0,5114.963182,1,High Risk
CUST_01395,63,Other,Self-Employed,91074.2525,109,1766.16736,9,388.4490803,11,1056.682783,28,19,7,471,4,3643.3608,2,0,0,12137.83791,1,High Risk
CUST_01396,54,Male,Employed,39991.6396,212,1411.051945,4,1143.032067,16,589.185208,63,3,8,442,0,14436.82683,7,1,0,1300.020371,1,High Risk
CUST_01397,41,Other,Self-Employed,41602.12797,173,3114.895242,4,1214.181532,30,439.6705636,31,5,9,496,3,17559.87115,5,0,0,7713.297439,1,High Risk
CUST_01398,63,Female,Unemployed,50277.13766,75,1915.950364,5,972.4743909,0,186.1792371,71,11,4,472,5,11975.30945,0,1,0,500.0,1,High Risk
CUST_01399,43,Female,Self-Employed,21164.44978,149,3066.42993,7,572.3896118,10,951.955649,42,9,0,821,3,4549.544577,3,0,0,12231.54139,0,Low Risk
CUST_01400,36,Male,Unemployed,37480.12998,86,730.9931661,11,1382.633811,41,0.0,12,8,3,489,1,11380.47525,3,0,0,7504.260674,1,High Risk
CUST_01401,29,Male,Employed,48974.61776,63,1235.353836,0,32.80599734,15,617.3256903,77,2,2,311,5,16400.33171,1,0,1,6066.089328,1,High Risk
CUST_01402,49,Other,Employed,33909.29019,108,2212.09072,9,560.856656,36,0.0,24,0,5,328,0,16191.20441,1,0,0,7639.138593,1,High Risk
CUST_01403,65,Male,Unemployed,71553.94478,96,1971.127576,11,1210.088769,48,427.0552906,48,13,1,854,0,11720.30221,0,0,0,4804.07668,0,Low Risk
CUST_01404,42,Other,Unemployed,26711.28743,65,1487.497314,8,670.4609388,27,411.1420502,7,7,4,387,5,14459.19148,6,0,0,3068.809607,1,High Risk
CUST_01405,51,Male,Unemployed,66218.09584,156,638.8170029,3,1358.762584,8,328.3606542,27,17,7,772,4,8189.534753,7,0,0,8208.549642,1,High Risk
CUST_01406,36,Other,Employed,76433.04089,97,10.0,7,270.8683394,7,407.479685,10,11,4,410,2,16470.35871,4,0,0,6139.492576,1,High Risk
CUST_01407,69,Other,Employed,56871.04541,37,1324.054637,11,410.7643371,24,535.0501491,54,11,4,720,3,9546.211938,2,0,0,3545.671464,0,Low Risk
CUST_01408,36,Other,Self-Employed,47525.88997,69,1358.218031,11,613.9266405,9,384.7653472,9,9,7,368,1,7414.136198,1,1,0,16564.78005,1,High Risk
CUST_01409,33,Other,Unemployed,54433.07263,58,1602.438239,4,946.0897471,39,470.4757086,58,3,4,418,0,17711.59874,6,0,0,7563.593294,1,High Risk
CUST_01410,28,Female,Self-Employed,42069.85639,42,343.5089873,0,722.2929474,2,326.3190593,64,19,3,723,3,12800.27447,1,0,0,6080.34897,0,Low Risk
CUST_01411,59,Other,Employed,13350.77243,159,796.5713609,8,628.3602616,22,439.4652827,4,4,9,546,3,12493.54902,6,0,0,7825.205317,1,High Risk
CUST_01412,21,Male,Self-Employed,32373.45801,136,1813.484843,7,1297.138751,22,743.2135859,79,7,8,321,3,15202.31692,4,0,0,7579.827314,1,High Risk
CUST_01413,64,Female,Self-Employed,49798.77592,182,1968.031964,4,1329.705741,43,384.6402647,19,18,1,698,5,11594.24765,5,0,0,7061.840227,1,High Risk
CUST_01414,44,Female,Employed,33067.63607,131,1660.76796,10,654.967082,3,890.3539426,4,5,0,797,0,6408.692739,3,0,0,1594.87221,0,Low Risk
CUST_01415,58,Other,Employed,42563.78806,182,1222.756101,3,201.5812674,49,742.8463402,66,15,3,625,4,10651.76354,0,0,0,13967.08054,0,Low Risk
CUST_01416,28,Female,Unemployed,58625.22487,26,550.3484795,7,44.88065978,22,705.3317841,29,8,9,491,3,3062.94056,0,0,0,4307.932922,1,High Risk
CUST_01417,41,Other,Self-Employed,52610.4351,104,2263.113195,8,883.7515402,8,501.8473504,33,10,2,651,0,19034.83895,2,0,0,15133.47615,0,Low Risk
CUST_01418,62,Male,Employed,69052.5459,164,2081.579865,6,1029.584468,3,262.2447374,0,2,8,703,0,5345.208794,4,0,0,2717.387095,1,High Risk
CUST_01419,65,Other,Employed,55295.01568,117,1040.685543,3,822.049225,33,524.7296857,26,13,2,726,1,23661.54854,6,0,0,12145.86036,1,High Risk
CUST_01420,23,Female,Self-Employed,56353.4735,137,2166.574382,6,775.1821625,38,939.716521,62,4,2,622,4,7265.775334,6,0,0,12667.71701,1,High Risk
CUST_01421,45,Male,Employed,37178.79286,77,1444.737503,5,518.4100849,17,293.7190763,33,5,9,893,4,15698.15276,5,0,0,8341.855916,1,High Risk
CUST_01422,48,Other,Unemployed,26040.09022,13,954.1419457,10,1029.242928,33,573.4595415,31,0,6,526,4,23267.47137,4,0,0,500.0,1,High Risk
CUST_01423,64,Male,Unemployed,42567.40139,38,2241.381305,11,1387.364883,33,273.0410687,70,12,1,479,5,13568.04869,4,0,0,8490.622268,1,High Risk
CUST_01424,53,Male,Self-Employed,36910.67211,150,1580.133808,2,24.09281293,41,399.2878276,45,8,7,777,0,10067.23164,3,0,0,13894.11668,0,Low Risk
CUST_01425,42,Female,Unemployed,46998.18264,65,1157.515081,9,772.8745839,2,575.0014062,67,2,5,714,0,12194.15212,4,0,0,1806.925866,1,High Risk
CUST_01426,56,Male,Employed,30811.30947,82,474.1507825,2,460.3780777,18,591.0881901,56,5,8,612,4,6807.994765,3,0,0,6275.604693,0,Low Risk
CUST_01427,30,Female,Employed,65164.79727,193,548.2284193,0,278.3369021,33,529.2931934,21,19,7,453,5,0.0,0,0,1,3824.157836,1,High Risk
CUST_01428,25,Male,Employed,36844.25132,199,2177.606189,4,404.5084452,25,651.6212302,28,7,3,335,0,15576.89922,6,0,0,10400.4087,1,High Risk
CUST_01429,37,Other,Employed,43452.15762,90,1862.330873,7,932.8854995,34,613.5977166,44,3,7,421,4,0.0,7,0,0,15370.19775,1,High Risk
CUST_01430,40,Male,Self-Employed,49636.54215,32,564.2854431,11,941.7367692,40,418.0270725,44,5,3,481,1,3789.592561,6,0,0,7976.291345,1,High Risk
CUST_01431,61,Other,Unemployed,70217.18504,160,549.1079344,5,1311.100716,42,680.8343457,66,11,4,725,2,12345.53565,3,0,0,4704.532669,0,Low Risk
CUST_01432,55,Other,Unemployed,81656.47107,105,3182.027237,7,803.0735415,30,258.2933439,20,11,9,403,5,8041.505442,0,0,0,16500.46937,1,High Risk
CUST_01433,60,Male,Employed,82893.95494,114,1871.700165,6,184.6224295,42,435.3842404,20,6,6,381,2,14943.71613,7,0,0,9025.139563,1,High Risk
CUST_01434,57,Other,Self-Employed,26927.67883,231,2467.633856,1,716.6406602,26,383.9047998,59,15,5,835,2,21594.08211,6,0,0,7863.659233,1,High Risk
CUST_01435,53,Male,Employed,43283.47143,227,2693.803883,7,314.7673247,2,593.081201,28,6,4,637,2,10463.96322,2,0,0,7068.148001,0,Low Risk
CUST_01436,36,Male,Employed,39859.04389,86,757.4635581,3,377.6214398,36,0.0,32,2,1,402,1,8352.36156,4,0,0,3005.971196,1,High Risk
CUST_01437,56,Other,Self-Employed,56665.5643,152,2894.207147,10,1003.19567,11,400.1443956,38,12,4,563,0,22610.49747,2,0,0,11110.42707,1,High Risk
CUST_01438,44,Other,Self-Employed,55567.08686,107,637.7453079,4,867.963317,46,614.1527143,61,19,9,530,1,16101.09118,4,0,0,12074.24333,1,High Risk
CUST_01439,57,Female,Employed,39505.96673,191,2083.360357,10,1005.647958,22,1117.493456,70,8,6,481,3,17543.13533,5,0,0,6806.566919,1,High Risk
CUST_01440,31,Other,Unemployed,38085.14464,23,1407.215833,7,674.8775035,16,512.4329226,44,10,5,526,5,17067.51056,2,0,0,11145.12168,1,High Risk
CUST_01441,42,Female,Employed,32046.1927,39,2078.793339,4,1076.685347,15,229.4878083,57,6,5,799,0,10520.61779,1,0,0,500.0,0,Low Risk
CUST_01442,61,Other,Unemployed,10000.0,29,1331.433722,4,655.3089856,16,668.5963238,72,14,4,810,4,9744.850035,1,0,0,6807.478128,0,Low Risk
CUST_01443,41,Male,Unemployed,26633.0384,104,1939.218108,5,1190.838991,14,329.9341296,0,0,8,302,3,6294.466669,3,0,0,5208.345304,1,High Risk
CUST_01444,40,Other,Self-Employed,65601.94397,165,2589.520641,6,920.6236288,25,160.5251653,10,1,0,775,3,16360.26009,5,0,0,8859.993911,1,High Risk
CUST_01445,46,Male,Self-Employed,76364.68071,40,2395.72134,8,727.5510953,44,545.6696988,31,0,3,629,5,14312.47657,7,0,0,2993.630942,1,High Risk
CUST_01446,50,Male,Employed,74261.43657,234,1450.476426,10,874.2325655,1,830.6482001,73,14,6,620,1,15875.7425,2,0,0,500.0,0,Low Risk
CUST_01447,25,Male,Unemployed,66366.21096,62,737.1430532,6,793.7487547,16,299.5645673,48,3,0,847,3,771.9082225,4,0,0,6697.448465,1,High Risk
CUST_01448,46,Female,Unemployed,31785.04496,72,1261.957644,5,1358.63728,0,447.1464161,75,3,3,483,1,17584.72266,0,0,0,7640.821741,1,High Risk
CUST_01449,59,Other,Employed,28737.99594,34,1855.336407,11,885.9031679,29,673.2120357,29,13,5,479,3,9243.032671,3,0,0,13414.70871,1,High Risk
CUST_01450,53,Male,Employed,17401.58343,82,2021.601015,9,799.4355647,31,755.6785872,59,4,9,424,1,0.0,7,0,0,10399.24929,1,High Risk
CUST_01451,31,Male,Employed,39502.45116,222,2356.015812,3,716.5282,29,856.5568837,9,0,7,739,0,4205.383387,5,0,1,11185.45283,1,High Risk
CUST_01452,64,Female,Self-Employed,51567.91195,210,915.1544872,10,1095.114477,41,325.6872334,75,14,6,694,3,8992.914991,3,1,0,500.0,1,High Risk
CUST_01453,26,Other,Employed,31859.88311,157,754.1258944,9,1047.769669,3,468.712069,20,6,8,684,1,7699.585483,5,0,0,12894.46668,1,High Risk
CUST_01454,29,Other,Employed,57759.58533,133,684.175199,11,704.1554294,41,0.0,5,15,6,411,2,12076.48345,1,0,0,12392.23048,1,High Risk
CUST_01455,64,Female,Unemployed,61733.43985,179,1342.352041,1,395.5254699,43,401.3278789,37,13,2,501,2,14751.21193,7,0,0,10186.05397,1,High Risk
CUST_01456,36,Female,Employed,41459.17199,215,1671.375447,10,484.3111516,31,237.8415422,57,14,9,627,3,11313.17627,5,0,0,500.0,1,High Risk
CUST_01457,45,Other,Unemployed,25879.6809,104,1795.965908,10,735.5431112,34,535.1275498,7,14,3,707,5,9165.207967,2,0,0,8464.598997,0,Low Risk
CUST_01458,40,Female,Unemployed,74856.67815,104,368.4982995,8,1272.124627,0,721.4342049,69,19,2,888,1,12851.3252,2,0,0,5326.32978,0,Low Risk
CUST_01459,47,Other,Self-Employed,50632.56004,32,737.3088665,9,712.4381798,18,672.560513,62,0,8,564,0,12934.94674,7,0,0,6347.440725,1,High Risk
CUST_01460,65,Other,Employed,84941.70815,24,937.9560466,10,592.0567365,32,210.0850132,33,18,7,742,5,19612.56231,5,0,0,4539.534841,1,High Risk
CUST_01461,21,Male,Employed,51662.82469,21,2906.082794,4,183.7482404,18,400.4181155,48,6,9,553,5,8335.143571,3,0,0,9595.523957,1,High Risk
CUST_01462,62,Male,Unemployed,52919.83251,33,1195.123086,4,1329.739502,35,615.2784467,39,17,8,369,3,11333.49678,6,0,0,2615.336787,1,High Risk
CUST_01463,20,Other,Self-Employed,32639.05724,22,318.612451,10,999.1598511,26,531.2538551,28,14,9,834,0,21887.0214,1,0,0,8467.330872,0,Low Risk
CUST_01464,55,Other,Self-Employed,42376.22,149,1805.189592,11,1078.60349,12,324.1234303,8,12,9,641,1,4682.953473,7,0,0,13833.98773,1,High Risk
CUST_01465,45,Other,Employed,21941.55015,132,1413.103467,2,1136.590818,26,593.6577576,20,18,1,512,2,9809.995598,0,0,0,5598.74614,1,High Risk
CUST_01466,48,Other,Unemployed,25814.76146,42,560.072639,2,742.3444199,45,691.5353506,31,17,4,422,1,6513.504553,1,0,0,6159.964777,1,High Risk
CUST_01467,40,Other,Employed,63340.97085,169,1121.081709,0,829.6067218,13,452.6060159,71,3,4,836,5,4475.278188,2,0,0,2329.22876,0,Low Risk
CUST_01468,30,Other,Employed,44913.4991,93,1226.895011,11,1321.01068,23,252.401298,54,17,6,849,0,13351.66147,0,0,0,11634.56856,0,Low Risk
CUST_01469,59,Female,Employed,42392.15548,74,1401.495184,10,862.8533113,34,594.3264073,42,3,3,494,2,19982.34084,6,0,0,3775.077684,1,High Risk
CUST_01470,30,Other,Employed,36672.33235,111,2243.976795,4,1005.633852,18,284.3882699,9,15,3,569,3,24586.11297,6,0,0,4981.287355,1,High Risk
CUST_01471,55,Female,Unemployed,43060.57332,184,1948.41988,2,1104.692751,24,830.5865132,48,13,7,789,2,11747.53306,3,0,1,11364.00791,1,High Risk
CUST_01472,68,Female,Self-Employed,70395.14195,29,1600.026297,10,1025.025966,10,0.0,12,13,0,365,5,15028.91805,6,0,0,9942.86888,1,High Risk
CUST_01473,58,Other,Employed,52595.99162,81,2288.886966,1,755.1407904,8,418.7820806,40,6,5,498,5,15248.65346,0,0,0,516.7858778,1,High Risk
CUST_01474,59,Other,Employed,28759.73216,142,1172.154756,10,788.140655,5,277.4322767,78,12,8,441,3,10763.78918,3,0,0,10431.05641,1,High Risk
CUST_01475,54,Female,Employed,68546.92449,80,919.8954661,8,1072.174153,35,678.0711495,30,13,1,540,5,19683.69023,7,0,0,6820.470272,1,High Risk
CUST_01476,53,Female,Employed,81050.69462,201,1746.991158,9,1071.601001,36,858.3141991,31,9,4,508,3,11013.00077,1,1,0,7520.639833,1,High Risk
CUST_01477,66,Other,Self-Employed,58904.68402,19,1685.232209,5,1208.88141,28,336.4367481,44,12,9,425,2,18515.47721,0,0,0,14556.19553,1,High Risk
CUST_01478,43,Other,Self-Employed,66043.22381,220,319.2741343,2,992.8839442,8,265.540921,12,5,9,565,2,9860.706827,4,0,0,11846.68084,1,High Risk
CUST_01479,41,Female,Self-Employed,71974.09251,231,2694.58749,6,1008.811965,32,660.9799292,24,10,8,654,5,5081.506304,2,0,0,13476.658,0,Low Risk
CUST_01480,24,Female,Self-Employed,20181.11147,86,685.0017595,11,643.8183216,22,52.59588793,67,5,3,475,0,5454.946757,3,0,0,3670.284572,1,High Risk
CUST_01481,52,Female,Employed,83556.86662,140,1923.57759,8,596.5976711,14,561.6241936,14,10,8,686,2,2289.244696,0,1,0,14632.93003,1,High Risk
CUST_01482,55,Male,Unemployed,69778.65327,149,1942.209342,8,1073.220736,10,491.5598953,63,18,7,346,4,19580.86026,0,0,0,4443.62308,1,High Risk
CUST_01483,66,Female,Self-Employed,58799.38462,212,10.0,0,599.0352262,22,445.2831778,59,16,8,871,2,19663.12236,6,0,0,4761.4329,1,High Risk
CUST_01484,39,Male,Self-Employed,47741.7103,160,1681.775122,1,792.7546489,25,290.2827474,7,2,1,466,0,7714.093675,5,0,0,7567.770484,1,High Risk
CUST_01485,38,Other,Employed,25929.63651,160,2809.931615,7,1282.658134,0,0.0,73,0,9,854,4,5594.556623,4,0,0,10447.25435,1,High Risk
CUST_01486,54,Other,Employed,44034.78013,155,931.8974233,10,1227.199602,29,743.4596986,16,15,4,857,4,7341.738826,6,0,0,13647.3942,1,High Risk
CUST_01487,62,Female,Employed,58071.1463,90,10.0,0,905.6260908,16,657.3501277,4,11,9,516,1,13068.08947,5,0,0,7778.778606,1,High Risk
CUST_01488,36,Other,Employed,30121.54918,76,1406.251815,10,696.3511471,46,485.538653,12,13,8,598,4,6384.706052,5,0,0,15868.51541,1,High Risk
CUST_01489,64,Other,Unemployed,48744.54919,129,1872.840999,11,756.8173814,45,557.3776958,20,17,4,638,5,15299.21997,5,0,0,17298.79805,1,High Risk
CUST_01490,62,Other,Unemployed,28696.25533,196,1430.213086,10,1103.681049,40,462.3255981,43,2,3,402,3,10175.34986,1,0,0,2705.583991,1,High Risk
CUST_01491,53,Other,Self-Employed,43076.76483,104,739.735768,2,787.2252529,22,745.5507305,75,7,7,385,0,18502.48849,4,0,0,14080.30777,1,High Risk
CUST_01492,28,Male,Unemployed,25652.70741,98,675.7708779,10,604.6011624,35,450.3166226,52,17,5,525,1,16046.745,0,0,0,8569.777203,1,High Risk
CUST_01493,45,Male,Self-Employed,23760.03042,165,202.2675446,6,1225.521165,40,492.0913176,27,15,1,800,2,5267.639649,2,0,0,12588.08439,0,Low Risk
CUST_01494,21,Female,Self-Employed,56121.60941,53,10.0,7,863.5600487,4,536.8255901,65,14,7,667,4,4436.747995,0,1,0,3190.493454,1,High Risk
CUST_01495,28,Female,Unemployed,39564.36395,103,1225.557178,4,597.9604627,34,403.7733665,20,1,4,302,5,13245.63541,0,0,0,13557.5828,1,High Risk
CUST_01496,28,Female,Self-Employed,41255.76926,73,1839.225095,1,967.6290661,49,476.8112249,56,15,6,619,1,10908.5833,0,0,0,5561.559376,0,Low Risk
CUST_01497,59,Other,Employed,38598.01457,73,1627.328636,2,1139.926445,8,467.0915543,54,9,3,323,3,19644.22926,5,0,0,12988.19534,1,High Risk
CUST_01498,36,Other,Self-Employed,99016.12378,157,1700.712733,8,447.3144273,3,328.7014448,1,10,8,773,1,14339.20307,4,0,0,7800.60143,1,High Risk
CUST_01499,20,Male,Employed,60932.60754,12,2005.462494,10,729.8411303,6,261.7802026,64,18,1,824,3,9253.479262,7,0,0,7425.091964,1,High Risk
CUST_01500,44,Male,Unemployed,62865.38371,99,2546.580784,9,713.6608213,0,450.5951596,76,18,9,517,1,22088.87826,6,1,0,7995.961316,1,High Risk
CUST_01501,62,Female,Unemployed,36042.52035,173,1522.112943,6,958.300508,15,424.2961947,2,9,8,795,5,9427.622783,4,0,0,11366.38698,1,High Risk
CUST_01502,59,Male,Self-Employed,59085.51239,185,1775.793274,0,1021.202913,24,764.6221581,58,16,3,889,1,3968.62008,3,0,0,7995.120341,0,Low Risk
CUST_01503,61,Male,Employed,45901.02194,201,1781.118908,2,606.9841311,5,259.4541793,62,0,5,401,2,10765.30308,3,0,0,10712.17112,1,High Risk
CUST_01504,44,Male,Self-Employed,35897.90466,136,1617.847524,8,277.5370884,37,360.5117339,4,6,4,329,5,7165.624226,5,0,0,8032.129662,1,High Risk
CUST_01505,58,Male,Unemployed,84723.64522,8,1515.387144,6,1161.129564,13,546.1309728,65,15,2,766,2,17923.86335,6,0,0,2541.109073,1,High Risk
CUST_01506,54,Male,Self-Employed,60310.24452,79,1580.250817,11,408.0191553,36,599.5492623,17,10,6,502,5,5224.209799,5,0,0,9454.952643,1,High Risk
CUST_01507,22,Female,Self-Employed,59402.09535,178,2749.217044,1,894.9144718,10,465.2286912,8,17,3,452,5,17094.33629,3,0,0,9877.267405,1,High Risk
CUST_01508,69,Female,Employed,32508.79483,79,2645.96519,5,753.8066854,0,704.6219488,21,0,0,342,2,10437.01815,0,0,0,1626.530062,1,High Risk
CUST_01509,56,Male,Unemployed,27136.23362,4,134.3058207,8,856.8553668,41,473.8848302,27,1,7,713,5,2491.154139,3,0,0,6537.831287,0,Low Risk
CUST_01510,63,Female,Self-Employed,48964.07354,213,1674.894006,3,1377.93189,0,282.9179543,59,1,2,851,1,14558.05657,6,0,0,11196.28523,1,High Risk
CUST_01511,63,Other,Employed,39676.74763,53,1505.596757,9,1863.398565,35,490.1943833,11,5,5,742,4,19119.03954,3,0,0,8601.26658,0,Low Risk
CUST_01512,49,Male,Self-Employed,61027.53697,191,2508.13786,1,228.296906,7,686.2964356,36,7,1,450,1,12614.91755,7,0,0,9866.986197,1,High Risk
CUST_01513,57,Other,Employed,62226.69586,149,1471.37031,2,1144.367154,31,743.0988864,41,19,8,343,2,10855.35199,1,0,0,6158.888231,1,High Risk
CUST_01514,53,Female,Employed,51179.05883,123,1701.192574,6,745.3132796,32,736.1255024,53,13,3,892,1,23152.18074,7,1,0,5014.036873,1,High Risk
CUST_01515,31,Female,Self-Employed,64898.83712,130,980.063127,3,1166.74908,7,548.420958,41,19,6,556,4,19199.58571,5,0,0,9476.531141,1,High Risk
CUST_01516,38,Other,Unemployed,53479.47917,232,2150.749929,6,1135.042077,13,565.6494528,66,7,8,789,5,16627.47951,5,0,0,500.0,1,High Risk
CUST_01517,56,Female,Unemployed,34309.58692,4,504.8663841,4,1293.410683,23,647.4499075,55,16,2,402,3,0.0,4,0,0,10221.02363,1,High Risk
CUST_01518,63,Male,Employed,46431.0551,53,1255.720463,7,899.7377203,48,92.90894205,45,4,2,852,0,7812.931116,3,0,0,12652.27506,0,Low Risk
CUST_01519,68,Other,Unemployed,52443.19477,156,656.6197712,7,488.6482303,40,320.5686529,4,2,2,507,2,10718.23629,4,0,0,11219.54821,1,High Risk
CUST_01520,36,Male,Employed,66720.65109,72,1259.270807,4,1124.677321,28,574.6703827,55,17,4,693,1,14778.73449,2,0,0,8038.314544,0,Low Risk
CUST_01521,29,Other,Unemployed,54049.1152,22,1060.835377,6,841.2991517,24,253.529241,22,9,9,407,4,17376.04852,5,0,0,13004.36485,1,High Risk
CUST_01522,68,Female,Self-Employed,39713.88912,25,2169.525976,10,718.1548747,5,787.8688833,61,3,5,628,2,5751.151321,1,0,0,12918.80015,0,Low Risk
CUST_01523,66,Other,Unemployed,67391.08351,56,1324.867719,5,633.3216418,0,766.873684,12,9,2,633,5,15476.89769,2,0,0,1282.388932,0,Low Risk
CUST_01524,31,Other,Employed,56853.60522,145,2693.454987,7,1152.217449,22,364.5136533,58,17,9,807,2,5013.237484,5,0,0,6250.764852,1,High Risk
CUST_01525,35,Male,Employed,77822.12706,136,1307.263772,8,1361.179322,40,273.4015215,27,12,8,868,3,16265.4514,4,0,0,8446.882135,1,High Risk
CUST_01526,43,Female,Unemployed,51570.99444,222,633.7899888,4,381.6266045,32,607.5053277,5,16,0,896,5,5382.213161,4,0,0,8788.449768,1,High Risk
CUST_01527,38,Male,Self-Employed,31328.08315,165,1305.835987,6,1017.683285,13,180.725695,60,13,6,725,0,19455.20633,2,0,0,10426.861,0,Low Risk
CUST_01528,27,Female,Employed,71185.62854,205,1881.456186,0,669.6644851,27,534.9496722,60,18,8,877,1,13525.93895,3,0,0,10327.22678,0,Low Risk
CUST_01529,50,Male,Employed,39617.78066,138,2849.239998,10,286.4546606,28,1207.565622,44,17,4,881,1,9695.540321,1,0,0,8739.993814,0,Low Risk
CUST_01530,40,Other,Employed,55317.63429,59,984.130922,7,851.6970373,42,247.8942959,11,7,2,532,2,13821.69599,7,0,0,10890.98407,1,High Risk
CUST_01531,36,Male,Employed,53342.90041,180,2826.959326,2,508.4017769,39,304.4651942,34,17,9,750,4,8072.731337,4,0,0,7203.060939,1,High Risk
CUST_01532,42,Female,Employed,50821.32794,179,1348.065245,0,247.7863703,22,345.6346462,61,15,3,566,2,12135.64145,0,0,0,14231.2872,1,High Risk
CUST_01533,56,Female,Self-Employed,46943.2405,117,1143.836394,5,526.3908347,43,275.5008337,4,10,7,815,3,6011.214205,1,0,0,16304.82171,0,Low Risk
CUST_01534,35,Other,Unemployed,20261.40563,218,2120.528899,7,440.2791287,37,288.1729142,65,16,2,890,0,13780.11899,2,0,0,13704.06046,0,Low Risk
CUST_01535,25,Female,Self-Employed,31962.12936,151,2638.686236,10,573.6596014,48,929.7476043,74,17,4,678,3,10484.90808,4,0,1,11275.55314,1,High Risk
CUST_01536,27,Male,Self-Employed,70198.3818,125,1945.699318,2,335.9405731,42,515.6819849,67,18,2,783,4,10761.72391,7,0,0,9625.267339,1,High Risk
CUST_01537,44,Other,Employed,57718.41292,38,368.0745935,0,661.700962,9,727.3377014,64,17,5,378,1,11748.25436,4,0,0,7813.735417,1,High Risk
CUST_01538,37,Female,Self-Employed,84367.34691,73,1766.428547,2,550.3628052,26,799.8584398,79,13,0,541,4,6663.217759,5,0,0,11027.758,1,High Risk
CUST_01539,44,Female,Employed,31321.3132,71,3239.73119,4,931.464857,7,48.96390947,65,16,6,705,3,24467.33429,2,0,0,9162.771126,0,Low Risk
CUST_01540,31,Male,Self-Employed,49448.1901,60,10.0,10,1007.738645,43,307.6721501,40,7,5,575,1,10774.78847,0,0,0,12908.06879,1,High Risk
CUST_01541,34,Male,Employed,70937.48334,65,1798.735124,7,891.0520019,3,273.2829601,26,14,5,477,0,18592.64547,5,0,0,6042.135817,1,High Risk
CUST_01542,45,Other,Employed,39815.17681,223,1272.348152,8,717.5944397,20,0.0,75,16,2,842,2,5012.897034,0,0,1,13055.75901,1,High Risk
CUST_01543,60,Female,Self-Employed,41263.39321,18,751.3289019,11,708.1503415,20,606.4881384,4,10,0,630,0,0.0,4,0,0,9771.04273,1,High Risk
CUST_01544,64,Male,Self-Employed,44719.88244,136,2326.708924,8,507.0237544,29,575.9222448,4,5,0,783,2,13543.15511,3,0,0,10622.25861,0,Low Risk
CUST_01545,45,Other,Unemployed,41983.73969,80,109.7651801,3,515.4518692,12,830.586245,12,18,6,852,0,18395.92473,0,0,0,6900.466568,0,Low Risk
CUST_01546,66,Female,Unemployed,59572.35317,124,1219.833162,7,1046.261354,2,618.5301654,79,15,3,815,5,19290.96034,0,0,0,7785.040069,0,Low Risk
CUST_01547,51,Female,Unemployed,17956.21694,182,2300.902042,10,184.1040905,19,0.0,8,11,5,569,1,17602.33077,6,0,0,11622.18868,1,High Risk
CUST_01548,29,Other,Self-Employed,79569.06633,4,2209.442865,4,771.7462716,35,324.4945676,47,14,3,473,1,10732.80673,3,0,0,14383.84429,1,High Risk
CUST_01549,35,Other,Self-Employed,32726.06012,219,1977.167098,2,686.7648285,39,342.5965129,31,10,7,776,1,15455.44871,6,0,0,500.0,1,High Risk
CUST_01550,26,Male,Employed,11890.90962,225,1638.222202,4,1009.696235,4,627.8406348,35,6,8,391,5,8180.853036,5,0,0,7918.641578,1,High Risk
CUST_01551,36,Female,Unemployed,49815.69084,116,1400.803379,1,301.2458058,21,0.0,14,9,1,809,5,8328.289689,0,0,0,1564.661074,0,Low Risk
CUST_01552,42,Female,Employed,43206.78265,116,1123.839057,10,804.3682469,1,635.9907951,8,18,0,898,2,13314.1697,3,0,0,6783.631248,0,Low Risk
CUST_01553,45,Female,Employed,46796.36452,207,722.9450369,10,920.0445195,24,697.0255358,15,4,0,844,5,13422.33462,6,0,0,11580.07781,1,High Risk
CUST_01554,40,Other,Employed,55626.37836,126,2150.607653,10,133.3440735,39,437.4536521,5,16,6,713,1,8819.2909,2,0,0,11304.30614,0,Low Risk
CUST_01555,41,Male,Employed,61607.14321,148,1668.769157,5,423.9852095,23,300.2476787,71,18,1,436,4,13094.62818,5,0,1,14334.95904,1,High Risk
CUST_01556,26,Female,Unemployed,80359.72437,211,2174.34088,0,767.8735536,4,794.5398006,32,3,2,388,2,18848.56178,1,0,0,9015.431104,1,High Risk
CUST_01557,33,Other,Employed,37577.46492,239,874.9741646,5,979.9514177,15,154.1083489,41,0,3,893,1,6679.327141,1,0,0,500.0,0,Low Risk
CUST_01558,34,Female,Self-Employed,63937.23905,222,857.5415304,4,863.8747589,14,786.4272662,58,13,8,342,1,16038.53423,2,1,0,8804.459893,1,High Risk
CUST_01559,26,Male,Self-Employed,62760.85612,206,1897.295764,8,996.1589885,12,727.1464655,35,16,9,643,5,3815.069755,0,0,0,13164.80706,0,Low Risk
CUST_01560,28,Female,Self-Employed,10000.0,165,10.0,6,422.2196206,10,640.1720008,33,13,1,595,0,1915.007347,1,0,0,12572.87736,0,Low Risk
CUST_01561,67,Male,Unemployed,35002.50075,88,10.0,5,243.9373776,15,954.2064003,1,5,9,640,4,13816.24413,2,0,0,11268.62963,0,Low Risk
CUST_01562,27,Male,Employed,26834.34984,169,2310.517643,10,829.577032,17,504.2329599,12,4,1,617,4,11612.44642,1,1,0,6773.877432,1,High Risk
CUST_01563,69,Female,Unemployed,58062.07145,131,934.2496904,11,369.7263666,24,655.251037,42,2,0,334,5,12691.96991,0,0,0,13928.32485,1,High Risk
CUST_01564,42,Female,Employed,56080.86649,167,1654.43046,6,497.1371859,46,487.9825703,73,14,7,470,2,12594.66303,5,0,0,8612.180356,1,High Risk
CUST_01565,48,Male,Unemployed,56442.6986,23,1803.718954,9,1126.297424,37,419.698292,56,6,7,822,4,17735.56555,3,0,0,1941.427716,0,Low Risk
CUST_01566,37,Other,Unemployed,44499.33918,3,2328.104691,4,866.1848449,39,632.1678035,6,10,4,685,1,15191.47873,6,0,0,5544.066571,1,High Risk
CUST_01567,50,Male,Employed,46314.38194,134,1148.027717,0,601.1492832,3,424.1664212,58,9,2,634,2,14810.18352,2,0,0,9796.834717,0,Low Risk
CUST_01568,49,Female,Unemployed,49485.54647,226,1191.754543,8,555.6889734,47,515.6412922,58,13,0,378,5,20300.27354,5,0,0,3075.435795,1,High Risk
CUST_01569,58,Female,Employed,42779.96112,60,1007.676399,4,1017.322545,20,516.9980595,50,2,1,432,3,17418.6486,1,0,0,5492.886148,1,High Risk
CUST_01570,54,Other,Self-Employed,63989.2809,3,1996.88111,3,874.1898275,10,398.7915846,2,13,8,671,0,13077.14007,0,0,0,3872.558237,0,Low Risk
CUST_01571,37,Male,Self-Employed,30746.05473,143,2032.39558,5,374.9051752,33,683.6594831,26,16,7,467,0,18333.90145,5,1,0,9663.579379,1,High Risk
CUST_01572,61,Male,Self-Employed,35927.35046,176,2522.589538,4,118.2616934,29,57.18209645,77,3,9,535,3,10345.23781,1,1,0,5030.444412,1,High Risk
CUST_01573,58,Male,Unemployed,52183.74618,177,502.7987415,0,1458.630641,3,326.2183315,53,5,3,832,5,10503.89902,0,0,0,10856.92995,0,Low Risk
CUST_01574,36,Female,Self-Employed,43377.27407,211,3287.00998,1,372.1322711,13,256.5894019,63,19,2,792,2,19887.90812,7,0,0,8155.195144,1,High Risk
CUST_01575,33,Male,Employed,30041.93157,206,1250.042859,3,984.6937762,10,576.7937569,33,4,4,626,3,10636.52979,0,0,0,500.0,0,Low Risk
CUST_01576,50,Other,Self-Employed,59574.65578,9,1461.314153,7,1328.742526,3,440.5722524,22,9,7,454,4,14429.13135,0,0,0,7780.885896,1,High Risk
CUST_01577,43,Female,Self-Employed,39698.82729,53,1630.741929,4,851.6591491,25,145.2957133,47,6,9,365,1,14110.48501,0,0,0,3743.168284,1,High Risk
CUST_01578,54,Female,Unemployed,34795.02253,5,771.3697735,6,589.8471632,2,617.5191687,54,14,5,837,3,12930.41738,2,0,1,10513.64538,1,High Risk
CUST_01579,63,Male,Employed,46861.16527,180,1170.704533,1,300.8828354,36,556.8707938,16,17,9,664,3,22803.43744,5,1,0,5951.166914,1,High Risk
CUST_01580,64,Other,Unemployed,33921.50904,156,2668.481174,7,295.9963123,37,509.1174619,78,0,3,499,4,11261.43989,3,0,0,12301.88178,1,High Risk
CUST_01581,53,Female,Unemployed,49384.73608,33,2680.952223,4,931.843197,40,695.1633159,61,3,7,811,2,22639.19701,2,0,0,13630.81828,0,Low Risk
CUST_01582,22,Female,Employed,43525.42095,102,1664.088055,3,1307.841713,3,630.501263,60,10,3,811,1,5546.906077,1,0,0,4805.890875,0,Low Risk
CUST_01583,56,Male,Unemployed,40773.55813,64,2335.029641,8,661.5893162,25,441.736828,60,9,4,797,1,11715.87618,2,0,0,12355.10757,0,Low Risk
CUST_01584,62,Male,Employed,40885.99587,156,1828.676661,5,605.4978382,38,604.0558253,43,12,1,339,0,10561.60678,2,0,0,4164.761158,1,High Risk
CUST_01585,59,Other,Self-Employed,67921.07295,197,1454.279537,3,1044.118382,44,842.3875071,70,18,9,571,1,16648.91853,1,0,0,7570.016142,1,High Risk
CUST_01586,45,Male,Employed,56645.9134,110,896.992765,7,559.9184611,41,461.6530498,2,9,3,523,1,3857.131312,3,0,0,7105.553657,1,High Risk
CUST_01587,42,Other,Employed,19234.46253,57,810.8358739,2,896.0690177,43,811.6152147,72,17,9,459,1,14290.50972,2,0,1,5738.007806,1,High Risk
CUST_01588,63,Female,Employed,65893.7517,158,893.8488115,9,814.6305075,41,973.8022817,66,8,9,334,1,17548.77545,0,0,0,9636.095252,1,High Risk
CUST_01589,58,Other,Unemployed,59298.02681,46,2791.885736,1,656.6861795,10,582.5059405,7,8,2,698,4,10036.83113,2,0,0,13406.66213,0,Low Risk
CUST_01590,34,Other,Employed,58235.26823,83,2198.590054,6,794.5616444,10,248.6352003,25,19,7,725,5,8271.889991,6,0,0,10091.23741,1,High Risk
CUST_01591,68,Other,Employed,65982.39595,168,2652.783177,11,1417.10324,37,425.673861,14,11,7,420,0,8316.208943,1,0,0,7661.947778,1,High Risk
CUST_01592,23,Female,Employed,50270.54066,32,1819.74337,3,1011.58653,37,540.7065203,4,13,6,733,5,14965.87805,6,0,0,1923.554391,1,High Risk
CUST_01593,48,Male,Self-Employed,61161.50627,68,795.6028944,3,1182.375281,19,505.0388066,12,1,5,715,3,2485.935169,3,1,0,500.0,1,High Risk
CUST_01594,41,Female,Employed,41639.50508,138,1982.657021,9,478.4569737,25,532.2174156,78,9,8,585,0,4149.299146,6,0,0,6588.958978,1,High Risk
CUST_01595,44,Male,Unemployed,65256.44573,16,2515.793057,8,1183.577652,37,803.7463788,11,17,3,707,2,12500.24035,2,0,0,614.7836774,0,Low Risk
CUST_01596,32,Other,Employed,53926.04399,103,2011.801163,1,1023.657166,11,287.4779662,62,5,3,704,5,15505.51865,2,0,0,2924.376138,0,Low Risk
CUST_01597,37,Other,Employed,25214.69022,229,446.5675529,0,275.1413662,28,592.0289428,7,1,5,469,5,13651.25125,6,0,0,9028.229428,1,High Risk
CUST_01598,52,Other,Self-Employed,68654.92942,108,320.6057521,6,988.9267567,13,730.3188542,73,16,0,807,3,15607.51512,1,0,0,3014.635129,0,Low Risk
CUST_01599,35,Other,Employed,47679.71632,105,2009.116133,11,620.3540521,49,437.3061034,33,17,1,635,0,5718.095714,4,0,0,4949.333183,1,High Risk
CUST_01600,64,Other,Unemployed,45173.79124,64,1249.98416,7,258.9687133,24,243.5083027,71,17,1,787,0,1510.168275,4,0,0,9116.568671,1,High Risk
CUST_01601,61,Male,Employed,42031.98571,77,1749.911153,2,845.4215063,41,448.6624071,21,13,9,530,0,17297.28935,5,0,0,9167.542419,1,High Risk
CUST_01602,63,Male,Unemployed,43351.45486,193,921.2046322,1,988.6649069,41,239.6352082,49,10,3,399,0,4393.744474,6,0,0,6276.32453,1,High Risk
CUST_01603,21,Other,Self-Employed,54133.43567,81,1601.391697,3,853.062824,38,323.3650727,11,18,4,301,0,15089.54586,2,0,0,1108.805155,1,High Risk
CUST_01604,54,Female,Employed,32223.56009,196,619.7729867,1,761.8014953,25,645.3497781,21,15,1,808,5,1026.675738,5,0,0,6132.209119,1,High Risk
CUST_01605,61,Female,Self-Employed,21764.97186,231,1697.697919,11,684.2951315,9,566.0915044,57,7,7,827,0,16060.83506,0,0,0,8626.855491,0,Low Risk
CUST_01606,53,Other,Employed,30839.6203,109,2082.67538,1,1663.305803,13,678.0056888,18,17,4,562,4,11989.62176,7,1,0,8132.976935,1,High Risk
CUST_01607,49,Male,Unemployed,56870.92132,98,2126.995847,4,386.100714,4,620.9549581,4,2,7,698,4,18245.30856,2,0,0,12627.39661,0,Low Risk
CUST_01608,32,Female,Self-Employed,47085.11336,42,454.6509395,9,1105.522694,21,448.4965141,15,3,8,322,3,16753.66418,5,0,0,5670.868193,1,High Risk
CUST_01609,32,Female,Employed,70037.47624,143,1875.161602,4,805.3980398,10,247.5070049,40,4,8,546,1,9929.634642,6,0,0,1830.916281,1,High Risk
CUST_01610,37,Female,Unemployed,48831.57081,109,1029.929916,7,500.9367228,28,580.9191453,73,3,3,556,0,8715.753878,4,0,0,6569.911014,1,High Risk
CUST_01611,51,Other,Self-Employed,65165.23595,19,2721.593116,8,783.0603323,6,366.3911117,18,6,9,368,5,13896.64914,2,0,0,6337.436181,1,High Risk
CUST_01612,51,Female,Employed,37529.33706,17,2264.871301,1,312.4735768,17,465.1715595,64,19,1,863,1,8990.615132,0,0,0,8514.467389,0,Low Risk
CUST_01613,54,Female,Self-Employed,42167.44023,163,1520.684837,0,591.5783576,30,321.2746304,21,5,1,696,4,0.0,7,0,0,14026.07449,1,High Risk
CUST_01614,58,Female,Employed,50171.43484,18,3245.62173,2,783.572986,42,725.979555,16,16,4,866,2,10315.46629,3,0,0,3065.936374,0,Low Risk
CUST_01615,65,Female,Unemployed,47354.41432,15,917.8439394,5,257.1090295,19,0.0,34,13,9,584,5,6836.555864,2,0,0,9511.739963,0,Low Risk
CUST_01616,48,Male,Unemployed,45673.42943,216,1454.410216,4,977.2338885,34,628.797944,38,4,3,445,0,8788.460974,1,0,0,9883.694538,1,High Risk
CUST_01617,68,Other,Self-Employed,34301.93805,153,1933.061243,7,462.6836357,6,537.2822701,72,14,5,685,5,13783.21601,0,0,0,6999.764834,0,Low Risk
CUST_01618,48,Other,Self-Employed,21459.88317,38,3127.589639,7,291.8976647,29,721.7149817,54,9,8,582,3,19446.58524,2,0,0,8277.388253,0,Low Risk
CUST_01619,63,Male,Employed,61358.2983,45,2670.888315,1,421.8537925,3,194.3584396,4,1,6,861,1,23025.90364,4,0,0,7802.527854,1,High Risk
CUST_01620,35,Male,Unemployed,59346.68638,180,2141.392139,8,1561.583957,29,488.4877699,72,11,3,597,3,14937.75294,5,1,0,8161.740082,1,High Risk
CUST_01621,63,Other,Employed,38950.35398,116,798.0579089,3,107.6775503,29,393.044176,10,10,6,800,0,8429.616352,2,1,0,17520.79397,1,High Risk
CUST_01622,66,Female,Unemployed,56819.90818,76,796.8893306,0,952.6430811,29,460.4540606,77,6,1,521,1,17816.21244,5,0,0,10327.37173,1,High Risk
CUST_01623,29,Female,Self-Employed,47003.97183,83,2056.308825,1,536.9273051,17,504.4058284,39,6,4,437,5,2934.091229,4,0,0,3628.805244,1,High Risk
CUST_01624,49,Other,Employed,69911.09153,96,498.0228024,10,677.45514,42,380.1092101,3,18,8,820,5,7855.605092,6,0,0,8350.179586,1,High Risk
CUST_01625,44,Female,Employed,26379.32732,143,1756.292352,5,1011.375825,45,472.951142,79,6,8,814,1,10622.22879,1,0,0,19394.35139,0,Low Risk
CUST_01626,58,Male,Unemployed,47718.92585,32,2143.38216,4,994.1865502,9,809.7536816,57,13,3,641,5,448.3105585,3,0,1,7233.970254,1,High Risk
CUST_01627,39,Female,Unemployed,46282.15878,187,317.8309445,11,561.7562533,13,861.8039136,64,11,7,337,0,13481.31745,4,0,0,500.0,1,High Risk
CUST_01628,24,Female,Unemployed,52900.08726,32,2018.287143,6,324.7615977,35,559.6813687,63,9,4,758,2,7066.937777,2,0,1,4812.372049,1,High Risk
CUST_01629,20,Female,Self-Employed,77668.4806,201,2216.705824,8,1017.749341,22,866.6271278,66,4,2,369,0,13470.88918,7,0,0,7042.823703,1,High Risk
CUST_01630,49,Other,Employed,47773.09094,12,1209.375111,5,993.3320176,11,139.0449013,33,6,5,880,3,10405.91479,1,0,0,7200.008689,0,Low Risk
CUST_01631,68,Male,Unemployed,63376.37924,101,1374.669492,5,700.2606719,11,701.1933321,57,5,3,301,4,6952.075144,7,0,0,14857.43226,1,High Risk
CUST_01632,22,Female,Self-Employed,47339.30723,196,69.89170938,1,954.6805343,33,553.1029732,66,19,2,435,4,6005.070342,0,0,0,10138.68595,1,High Risk
CUST_01633,64,Other,Unemployed,69276.43298,96,1412.274882,6,643.9596817,25,407.2353006,6,1,3,512,4,11709.58685,2,0,0,5607.965036,1,High Risk
CUST_01634,33,Female,Employed,63551.26996,213,279.4968923,1,510.5368522,5,653.268156,34,12,0,382,1,16349.14403,7,0,0,9856.133339,1,High Risk
CUST_01635,49,Male,Unemployed,44000.3301,41,948.0360034,6,801.3867634,36,539.1144006,28,15,9,654,1,16163.73672,5,0,0,6810.762931,1,High Risk
CUST_01636,69,Female,Employed,42704.58091,39,1178.202507,7,981.6614594,14,350.1670988,24,7,7,440,0,13761.04122,7,0,0,6895.562621,1,High Risk
CUST_01637,23,Male,Self-Employed,58765.29151,133,575.3219299,11,908.2375943,41,674.8754389,27,12,8,899,1,15435.49859,6,0,0,14388.68587,1,High Risk
CUST_01638,37,Female,Self-Employed,38202.69129,91,502.4106431,0,978.206938,38,488.7210809,68,13,5,695,5,12445.93451,7,0,0,15464.73852,1,High Risk
CUST_01639,56,Male,Unemployed,53431.38672,164,541.6966573,8,533.7973943,18,321.4063881,26,4,4,540,3,8053.244389,6,1,0,10440.93948,1,High Risk
CUST_01640,44,Female,Employed,43595.6616,216,2476.569716,7,1353.658394,39,702.6290021,73,2,8,600,5,20426.45603,5,0,0,5267.514269,1,High Risk
CUST_01641,67,Male,Employed,56625.84767,168,1443.962063,8,680.1667006,46,73.92526245,75,13,3,440,0,8069.157199,6,0,0,15468.25799,1,High Risk
CUST_01642,20,Female,Employed,47101.68364,16,2513.070286,4,758.379522,22,910.7744442,7,12,0,451,3,21455.51949,5,0,0,10075.15445,1,High Risk
CUST_01643,65,Female,Unemployed,37533.53881,194,1176.115128,3,338.4704318,35,726.6625812,37,16,6,513,4,15817.84646,7,0,0,8906.571368,1,High Risk
CUST_01644,34,Other,Employed,69895.52433,41,1193.28947,0,732.1506953,12,27.26620178,8,8,0,773,3,10481.98664,6,0,0,4904.077429,1,High Risk
CUST_01645,28,Other,Employed,54312.01227,184,1161.160201,8,986.2832079,30,803.462187,42,6,8,488,5,4291.465692,0,0,0,7327.140151,1,High Risk
CUST_01646,34,Male,Employed,49035.46324,132,10.0,3,1066.878714,36,521.2497285,24,17,3,432,4,14020.9562,5,1,0,18299.46708,1,High Risk
CUST_01647,68,Female,Employed,57559.79741,226,1905.239548,3,1346.679258,25,0.0,65,10,2,379,1,11714.71637,7,0,0,500.0,1,High Risk
CUST_01648,43,Male,Unemployed,19918.62801,45,1414.457924,3,982.0822135,42,34.6121095,16,15,3,400,0,19280.41906,7,0,0,20719.94264,1,High Risk
CUST_01649,23,Other,Unemployed,87623.32685,183,1541.123239,1,896.9196185,47,643.1190003,6,17,0,657,2,5769.156313,5,1,0,15549.97708,1,High Risk
CUST_01650,31,Male,Employed,50444.37975,133,10.0,11,643.796711,17,226.8699112,21,6,5,363,3,18341.62986,4,0,0,14632.7268,1,High Risk
CUST_01651,56,Male,Employed,14662.88762,171,1477.095694,10,568.3908571,46,281.258064,9,3,6,823,0,20849.19327,5,0,0,9886.490771,1,High Risk
CUST_01652,56,Other,Self-Employed,71547.70147,10,1149.158573,3,1139.58698,32,526.3149953,12,18,6,664,5,7683.925397,6,0,0,5880.051523,1,High Risk
CUST_01653,62,Female,Self-Employed,36475.00695,220,1600.497849,1,1132.874623,39,626.4482579,41,10,4,408,2,16427.82461,7,0,0,5725.846902,1,High Risk
CUST_01654,25,Male,Employed,68786.84036,98,1439.257265,7,423.0455547,31,553.1698735,27,12,9,486,0,20422.11116,1,1,0,2234.608575,1,High Risk
CUST_01655,58,Other,Employed,52188.21478,205,1111.684487,6,1053.083561,3,273.3864132,58,5,9,704,2,20166.27669,6,0,0,6705.932982,1,High Risk
CUST_01656,65,Female,Self-Employed,21732.53315,193,1950.490822,10,1027.634292,40,312.5169288,10,12,4,651,0,18315.24759,7,1,0,7067.665149,1,High Risk
CUST_01657,43,Other,Self-Employed,54702.71075,67,2319.757123,9,410.1668902,18,234.8426626,8,1,5,505,4,22318.9991,3,0,1,10254.42017,1,High Risk
CUST_01658,30,Male,Employed,53378.77007,81,1173.762489,1,989.1598817,6,557.6008848,79,13,9,346,2,12400.41397,2,0,0,2197.283853,1,High Risk
CUST_01659,32,Female,Unemployed,70731.88645,134,341.3152574,1,432.6587392,46,544.9649128,54,12,7,398,0,11730.85585,1,0,0,3622.397098,1,High Risk
CUST_01660,53,Female,Unemployed,59398.94967,70,393.9692486,1,20.0,34,599.5830352,4,4,8,804,2,21415.66283,1,0,0,2289.700061,0,Low Risk
CUST_01661,44,Other,Employed,27690.59035,94,1838.260111,0,743.9641552,25,546.0007434,68,2,5,533,4,0.0,3,0,0,9530.635257,1,High Risk
CUST_01662,26,Other,Employed,68040.84691,12,2536.650541,5,890.2351468,43,528.2182427,37,3,2,722,2,10291.45487,5,0,0,11015.74981,1,High Risk
CUST_01663,23,Other,Self-Employed,42546.84021,77,49.12117643,5,759.7252183,22,723.355975,65,13,5,889,2,7101.794705,4,0,0,13926.66486,1,High Risk
CUST_01664,27,Female,Self-Employed,80964.77556,180,685.7096468,0,1803.487386,33,524.3784314,63,17,3,516,0,12250.77542,5,0,0,4312.679331,1,High Risk
CUST_01665,39,Female,Unemployed,43613.96203,153,1233.998392,10,932.5979302,6,720.9581001,24,10,3,473,3,14502.03547,5,1,0,6970.973205,1,High Risk
CUST_01666,48,Male,Employed,46196.75556,63,10.0,0,851.4996368,10,401.8735281,51,18,6,740,4,15522.76083,3,0,0,3797.225865,0,Low Risk
CUST_01667,64,Female,Self-Employed,35205.43401,49,1422.669743,5,950.3569562,7,303.3643375,37,1,5,405,5,12470.45332,3,0,0,4140.083876,1,High Risk
CUST_01668,65,Male,Unemployed,41025.23536,5,1790.496639,10,645.5383485,12,800.1958777,76,1,7,710,0,13034.31665,6,0,0,10100.93028,1,High Risk
CUST_01669,29,Other,Unemployed,36267.0677,233,1883.838659,5,1125.317672,31,382.5663581,18,2,7,712,1,17815.39036,3,0,0,20013.01236,0,Low Risk
CUST_01670,62,Other,Unemployed,71176.07886,105,1180.17159,3,926.3506812,40,472.65284,24,15,2,412,2,8571.658421,5,0,0,5616.265614,1,High Risk
CUST_01671,53,Female,Self-Employed,26032.85061,19,1214.827198,2,910.3100964,33,293.1458012,47,0,3,445,1,9932.541824,0,0,0,500.0,1,High Risk
CUST_01672,45,Other,Self-Employed,64482.43344,24,682.9859782,8,581.557922,17,996.8118297,72,9,1,383,5,6507.904665,6,0,0,16709.22722,1,High Risk
CUST_01673,60,Other,Employed,64915.88219,118,82.98222742,5,252.4843857,14,117.3290891,60,5,0,812,0,11922.58566,7,0,0,500.0,1,High Risk
CUST_01674,68,Female,Employed,74795.85541,93,1349.993142,0,624.5148688,42,745.6565192,34,16,6,835,5,2270.390334,6,0,0,6443.824931,1,High Risk
CUST_01675,22,Male,Unemployed,50787.70751,146,1826.675705,2,898.9218497,23,34.77288472,50,18,7,597,5,19797.91817,5,0,0,8186.425011,1,High Risk
CUST_01676,25,Female,Unemployed,31519.51235,210,1512.814799,0,644.3551821,46,405.4642319,14,11,7,487,3,16774.72904,2,0,0,12419.87762,1,High Risk
CUST_01677,24,Male,Self-Employed,46908.35515,106,2387.223916,2,902.1045085,20,685.0639333,76,19,5,410,4,6108.490027,3,0,0,14240.37638,1,High Risk
CUST_01678,24,Female,Self-Employed,60704.57354,5,1776.309745,1,718.6733431,17,919.8398536,48,15,6,835,0,19411.62546,2,0,0,6883.290882,0,Low Risk
CUST_01679,66,Female,Employed,51525.13889,54,2027.603863,4,950.7028196,13,440.3045926,29,1,7,355,3,10403.80742,5,0,0,16646.57146,1,High Risk
CUST_01680,42,Other,Employed,56601.09954,113,1634.162694,2,458.1115559,18,364.8772345,20,14,3,880,5,7793.437324,7,0,0,7007.672991,1,High Risk
CUST_01681,68,Female,Employed,74575.15045,163,2987.327776,6,867.5115042,12,550.9141312,40,18,7,773,0,14241.86571,5,0,0,2014.923052,1,High Risk
CUST_01682,28,Female,Self-Employed,60476.06038,44,1108.14016,7,575.6660488,15,912.8088241,2,0,5,829,5,2093.146961,7,0,0,7705.980308,1,High Risk
CUST_01683,54,Male,Unemployed,53571.94751,132,2043.016925,6,261.6009703,1,542.4420065,72,5,6,748,3,9921.87612,3,0,0,6818.602232,0,Low Risk
CUST_01684,39,Other,Employed,16801.49008,41,1698.242678,1,742.1960569,33,627.7074496,23,17,9,693,1,14237.81158,4,0,0,5923.444421,1,High Risk
CUST_01685,68,Male,Employed,35890.68948,48,2090.414201,9,1337.711151,48,340.0100241,16,18,6,807,3,22695.3312,4,0,0,12355.70721,1,High Risk
CUST_01686,61,Male,Self-Employed,42715.84787,50,1766.806437,9,289.4982573,25,727.2869584,7,2,7,869,4,4364.265875,3,0,0,1123.929977,0,Low Risk
CUST_01687,54,Other,Employed,14411.96277,29,1466.086267,6,841.7872876,21,108.4204642,5,4,4,462,1,4844.290013,1,0,0,10641.05549,1,High Risk
CUST_01688,69,Other,Unemployed,30033.16544,17,1802.579423,9,1079.151972,19,813.1807723,8,2,1,518,2,10559.39956,2,0,0,8286.589561,1,High Risk
CUST_01689,37,Other,Self-Employed,45167.8539,9,1902.682199,2,1605.01074,28,832.2269631,14,6,7,630,1,10059.35507,7,0,0,2989.638864,1,High Risk
CUST_01690,36,Female,Employed,48097.07556,111,2006.900222,6,627.4734561,17,1005.196861,63,6,0,750,1,16704.65264,4,0,0,8696.240924,1,High Risk
CUST_01691,43,Other,Employed,59104.58478,187,2670.629145,0,578.7997884,28,831.693986,49,0,1,583,2,21137.79439,0,0,0,14857.7101,0,Low Risk
CUST_01692,22,Other,Self-Employed,46304.73331,44,1654.948677,1,391.6577314,41,365.115534,10,12,4,438,1,18163.05547,1,0,0,10822.34994,1,High Risk
CUST_01693,51,Other,Self-Employed,54464.73157,11,622.1003345,11,1199.180717,43,866.3642351,45,12,3,814,1,9352.1902,7,0,0,5424.292343,1,High Risk
CUST_01694,54,Male,Employed,42479.78992,107,1631.672656,9,496.4049848,26,782.5499988,44,14,1,803,5,20708.70455,6,0,0,11799.40654,1,High Risk
CUST_01695,57,Male,Unemployed,50756.23813,136,1144.064789,0,670.2912489,34,318.8155113,76,18,3,655,2,11538.96695,4,0,0,2165.901677,1,High Risk
CUST_01696,32,Female,Self-Employed,58117.51059,187,1122.146099,8,152.8717429,28,552.1161257,58,6,6,580,5,15111.96736,1,0,0,10070.39597,0,Low Risk
CUST_01697,66,Male,Unemployed,76507.34451,78,1242.864025,1,1109.390145,5,0.0,24,16,4,311,2,14514.44279,7,1,0,15435.00897,1,High Risk
CUST_01698,44,Female,Employed,40736.42945,32,777.8167188,1,1205.390398,36,155.1548732,11,9,3,739,4,14684.21035,5,1,0,2334.142955,1,High Risk
CUST_01699,28,Male,Unemployed,52595.27585,185,10.0,5,1096.021272,24,705.2404401,25,18,1,864,1,17243.19899,7,0,0,12452.15589,1,High Risk
CUST_01700,23,Other,Employed,65644.29567,86,2680.162271,6,238.1361515,20,908.735242,75,17,1,395,1,16833.62869,2,0,0,3274.937362,1,High Risk
CUST_01701,33,Male,Employed,24087.31506,128,1109.178975,1,1012.502864,30,706.205538,36,7,0,531,1,16353.87946,5,0,0,7800.607437,1,High Risk
CUST_01702,56,Female,Employed,85960.87025,86,128.4279483,3,214.5653653,39,513.8376782,22,7,9,411,4,8852.225368,5,0,0,1099.770133,1,High Risk
CUST_01703,53,Male,Employed,71222.55355,56,1643.045659,2,820.3141057,49,241.7322893,64,8,5,346,5,6786.559775,1,0,0,13209.0238,1,High Risk
CUST_01704,30,Other,Unemployed,19193.20726,112,1992.512573,4,871.777153,15,661.089252,44,12,5,553,1,16466.01334,7,0,0,2925.335071,1,High Risk
CUST_01705,60,Female,Employed,56684.87315,29,1357.5486,8,908.5641263,13,20.92621597,73,12,3,818,2,14008.71109,0,0,0,6821.636593,0,Low Risk
CUST_01706,22,Other,Employed,39839.83819,86,469.1105645,1,987.1227864,5,628.7400294,34,1,8,722,2,17271.72656,7,0,0,13631.09782,1,High Risk
CUST_01707,47,Other,Unemployed,42847.73543,189,367.5087651,4,797.1882388,10,274.5905177,47,6,3,587,2,9225.01612,6,0,0,10465.87733,1,High Risk
CUST_01708,48,Female,Self-Employed,56309.02694,9,3325.288776,7,113.1496705,26,688.8276537,27,6,2,605,2,16449.64387,7,0,0,12118.15889,1,High Risk
CUST_01709,28,Other,Unemployed,68907.19165,170,371.7043382,5,987.2923531,37,700.9393483,0,19,9,673,5,10180.09708,1,0,0,12617.0003,0,Low Risk
CUST_01710,22,Other,Unemployed,41614.28704,106,196.7992897,3,834.1628494,4,358.637327,71,0,8,494,5,9809.877972,5,0,0,9820.527402,1,High Risk
CUST_01711,44,Male,Unemployed,41855.9323,224,1252.990338,9,484.083073,14,733.4554631,40,13,0,324,5,19041.60301,6,0,0,16719.95618,1,High Risk
CUST_01712,53,Other,Employed,56699.00172,74,2157.478497,7,250.7109026,37,61.45746761,22,5,1,305,3,18598.4353,4,0,0,10517.92924,1,High Risk
CUST_01713,31,Other,Employed,60295.2138,4,2826.797872,2,1339.007765,15,464.1096348,31,12,0,780,2,13311.62953,6,0,0,7310.805233,1,High Risk
CUST_01714,61,Other,Employed,31871.63531,144,1329.361254,3,1230.955188,17,697.7641237,6,0,6,442,4,9921.347579,0,0,0,6646.327212,1,High Risk
CUST_01715,28,Other,Self-Employed,81026.11223,140,1318.316611,10,1047.085093,32,655.4263689,74,19,0,470,5,11501.92257,5,0,0,6542.320775,1,High Risk
CUST_01716,34,Female,Employed,38420.34211,52,472.8272133,8,563.2950311,34,361.07627,54,2,0,789,5,12885.75929,2,0,0,7720.654599,0,Low Risk
CUST_01717,59,Male,Self-Employed,67364.13631,148,2370.601186,4,20.0,23,720.5261784,71,14,5,395,3,9674.752472,4,0,0,12211.1899,1,High Risk
CUST_01718,44,Other,Employed,58130.6837,20,1444.222912,5,1067.637711,34,729.8006303,42,17,5,494,5,13931.54258,2,0,0,1986.324479,1,High Risk
CUST_01719,24,Other,Unemployed,60913.8306,18,1470.360375,11,928.3403708,6,206.658173,13,9,4,559,1,8966.202621,5,0,0,500.0,1,High Risk
CUST_01720,30,Female,Employed,38768.87451,54,1846.751197,10,668.8681918,13,472.0090013,13,14,3,535,2,21320.74895,7,0,0,500.0,1,High Risk
CUST_01721,53,Other,Self-Employed,18970.69606,199,1741.468792,1,1193.682207,49,548.7614415,40,7,7,817,5,102.0439963,3,0,0,3818.835899,0,Low Risk
CUST_01722,43,Female,Self-Employed,49614.77304,182,1387.774827,8,1096.799137,29,545.1872146,13,4,2,358,1,8197.903928,4,0,0,8159.544594,1,High Risk
CUST_01723,34,Male,Employed,49688.95755,161,2556.783667,7,861.6334209,23,702.859984,27,8,0,351,2,16637.94959,1,1,0,14201.61814,1,High Risk
CUST_01724,57,Male,Unemployed,32755.60566,231,217.0502835,6,812.2704463,14,396.689932,29,0,0,421,2,21461.83508,2,0,0,8043.126073,1,High Risk
CUST_01725,27,Other,Employed,66522.97745,86,1669.035082,8,817.8387012,12,908.9542568,78,18,4,837,5,8410.039383,1,0,0,9191.459694,0,Low Risk
CUST_01726,24,Other,Employed,49072.47011,153,1825.735425,4,1037.978955,18,401.5126902,53,7,2,516,3,10618.04382,6,0,0,10565.69461,1,High Risk
CUST_01727,67,Other,Employed,35436.69209,98,1170.085409,4,499.8832787,28,216.4981914,58,4,2,388,2,14757.502,6,0,0,11333.81527,1,High Risk
CUST_01728,45,Female,Unemployed,60531.2842,44,1993.159758,10,949.0940926,21,443.3252861,11,17,1,742,2,14996.85928,7,0,0,13983.78196,1,High Risk
CUST_01729,37,Other,Self-Employed,61009.16002,211,2030.470958,10,477.7931694,1,563.5335717,74,8,8,337,0,12815.09755,5,0,0,5949.730889,1,High Risk
CUST_01730,25,Other,Unemployed,37105.7371,192,2387.851492,8,1267.79431,38,205.323407,38,0,5,383,4,16683.97859,0,0,0,6198.718608,1,High Risk
CUST_01731,56,Male,Self-Employed,72201.05478,207,1410.752258,10,986.2450001,12,423.184197,69,18,6,407,4,13775.05043,2,0,0,5904.995451,1,High Risk
CUST_01732,67,Other,Self-Employed,90378.39134,115,1326.280961,4,559.1201084,35,189.9577892,66,13,1,302,1,13896.55845,2,0,0,14670.99604,1,High Risk
CUST_01733,32,Male,Self-Employed,30379.45108,180,1931.355585,8,828.2085384,37,675.7882678,14,13,0,591,1,21409.96875,0,0,0,11748.48759,0,Low Risk
CUST_01734,47,Other,Unemployed,46693.50861,207,1342.013413,0,501.174767,17,455.6312387,3,3,7,329,3,11004.0974,0,0,0,8657.642879,1,High Risk
CUST_01735,24,Male,Employed,56066.17642,211,282.924838,9,1326.439493,14,0.0,43,6,9,466,1,10551.73534,0,0,0,18015.88674,1,High Risk
CUST_01736,32,Other,Employed,91044.68415,126,2189.938698,9,1368.006595,34,759.509751,38,19,3,392,0,10175.31323,5,0,0,6468.76501,1,High Risk
CUST_01737,36,Male,Employed,36792.00891,17,32.57185528,10,1043.678289,16,207.3554091,69,10,8,517,1,8460.955667,0,0,0,3638.87765,1,High Risk
CUST_01738,69,Female,Employed,33087.47921,92,1821.341543,7,1344.829799,47,1166.731848,36,1,8,388,2,11308.40167,6,0,0,1861.972943,1,High Risk
CUST_01739,59,Male,Employed,32964.45535,174,3530.794767,2,853.1285821,12,329.1415246,57,17,3,487,1,8307.968984,7,0,0,10350.32531,1,High Risk
CUST_01740,64,Male,Unemployed,71985.62468,222,1926.571803,7,1067.229399,21,355.4147246,31,9,9,581,5,14769.91586,7,0,0,2277.756037,1,High Risk
CUST_01741,51,Male,Unemployed,37259.03699,44,944.715135,4,1228.653583,39,540.1031867,27,0,2,688,1,14850.49515,3,0,0,10968.28791,0,Low Risk
CUST_01742,48,Other,Unemployed,34697.58435,47,1138.908661,1,797.9897416,20,0.0,3,13,4,436,2,13450.73475,7,0,0,6698.617538,1,High Risk
CUST_01743,22,Other,Unemployed,54157.41192,96,1796.499013,8,824.8863501,25,610.1048731,9,9,5,587,0,14391.65231,2,0,0,5020.750844,0,Low Risk
CUST_01744,59,Other,Unemployed,55547.98361,109,1482.902592,3,1126.779811,45,675.3016037,26,17,9,632,4,16872.44688,5,0,0,11717.71729,1,High Risk
CUST_01745,53,Female,Unemployed,69278.3685,165,2105.002023,6,1026.274288,3,726.5690899,35,6,3,711,0,5847.553599,5,1,0,5278.631327,1,High Risk
CUST_01746,59,Female,Unemployed,51654.66867,24,2660.066921,11,535.5887479,6,570.1824377,4,18,0,706,0,13636.95033,6,0,0,4678.962105,1,High Risk
CUST_01747,46,Male,Employed,54480.77791,130,2551.529672,7,34.60972005,9,522.7695648,49,3,6,899,3,21638.54169,3,0,0,7875.173509,0,Low Risk
CUST_01748,32,Female,Self-Employed,48105.12892,204,575.3482355,6,738.5651781,14,120.6354519,31,13,4,424,3,8809.924585,6,0,0,5365.16976,1,High Risk
CUST_01749,64,Male,Unemployed,26522.47538,205,1512.799016,10,66.08003727,25,623.2882597,22,8,1,496,2,27037.6951,3,0,0,11594.56639,1,High Risk
CUST_01750,52,Male,Self-Employed,46407.1159,40,1894.24131,5,453.1439324,15,489.5452654,76,3,8,806,3,10184.48391,7,0,0,14367.60358,1,High Risk
CUST_01751,25,Male,Unemployed,51131.00431,99,2713.554564,11,493.999565,39,393.2389009,60,5,7,347,5,13489.40396,6,0,0,18408.19459,1,High Risk
CUST_01752,43,Female,Unemployed,42011.17737,200,1787.339575,6,600.9751912,33,241.7734725,0,1,9,621,4,13753.70129,1,0,0,6021.522912,0,Low Risk
CUST_01753,38,Other,Employed,21839.82824,194,953.0397706,3,1087.15335,16,619.9715728,30,0,6,489,2,3413.275924,2,0,0,5094.111004,1,High Risk
CUST_01754,35,Female,Self-Employed,29570.17158,103,1848.034188,9,1163.187839,37,419.3418282,18,16,8,796,5,7203.07999,2,0,0,1641.475333,0,Low Risk
CUST_01755,59,Male,Employed,49291.13664,9,2955.428321,0,978.0592519,15,29.4759267,53,3,9,368,3,15962.85456,7,0,0,9721.262185,1,High Risk
CUST_01756,47,Male,Employed,66789.55573,46,1298.078822,4,1021.377442,33,444.2399772,33,4,1,629,1,10608.37747,5,1,1,13667.12523,1,High Risk
CUST_01757,52,Female,Self-Employed,80281.11373,78,938.9309979,7,1029.64216,28,307.3947829,3,17,2,794,5,6782.419784,2,0,0,2280.005001,0,Low Risk
CUST_01758,67,Male,Employed,46691.04955,9,1474.022744,9,20.0,17,718.9952976,47,12,8,591,3,19294.44593,2,0,0,1407.788759,0,Low Risk
CUST_01759,60,Male,Unemployed,37096.26313,196,979.2997082,5,803.5691887,10,458.5511741,47,19,5,818,4,13852.57236,0,0,0,21001.87531,0,Low Risk
CUST_01760,32,Female,Unemployed,43294.82903,62,2161.590728,4,171.2394476,11,434.318747,48,10,1,715,3,11152.00821,6,0,0,2130.513045,1,High Risk
CUST_01761,62,Female,Unemployed,31164.52575,3,985.1258383,1,978.1988165,36,577.1828381,59,19,5,518,2,25706.89347,4,0,0,4839.374854,1,High Risk
CUST_01762,64,Female,Unemployed,64179.41974,64,2534.026373,9,67.41214844,1,918.730734,43,0,4,869,5,6001.77692,7,0,0,500.0,1,High Risk
CUST_01763,44,Male,Unemployed,88477.00933,89,1896.229035,11,736.8465126,17,601.5143794,33,11,9,801,1,5802.681078,1,1,0,500.0,1,High Risk
CUST_01764,61,Male,Employed,37534.37208,91,2057.598211,4,991.7194216,37,302.5913167,55,12,4,575,5,9612.770004,1,0,0,7051.235617,1,High Risk
CUST_01765,55,Other,Employed,28543.25221,20,2051.470125,9,408.7847181,32,110.7637864,73,3,4,717,2,13673.65027,0,0,0,13830.77655,0,Low Risk
CUST_01766,46,Other,Unemployed,68116.69994,110,2181.495707,11,1136.600586,8,832.5577496,5,11,1,862,1,14712.2676,6,1,0,7937.706842,1,High Risk
CUST_01767,57,Female,Unemployed,55724.92787,137,1252.501689,2,977.3177595,14,0.0,75,5,5,719,5,7636.326808,3,0,0,500.0,0,Low Risk
CUST_01768,26,Other,Employed,56028.72247,117,717.5469268,1,933.2886435,27,494.5859345,75,12,6,460,1,3647.638012,4,0,0,7699.768875,1,High Risk
CUST_01769,24,Male,Self-Employed,78587.13071,56,1119.072998,2,1044.300556,7,1087.344724,35,13,8,300,4,15504.3158,1,0,0,500.0,1,High Risk
CUST_01770,62,Other,Employed,25403.24623,69,2241.083018,3,674.2799693,45,55.5877503,34,11,4,366,5,9349.660446,7,0,0,3278.291997,1,High Risk
CUST_01771,64,Male,Employed,24900.50183,95,86.81516468,1,853.1716023,35,220.7461115,24,19,4,861,0,12047.89885,3,0,0,8366.195763,0,Low Risk
CUST_01772,50,Female,Employed,47089.14231,140,10.0,3,803.5180503,38,549.8056197,48,1,8,846,4,12517.80737,6,1,0,7294.871044,1,High Risk
CUST_01773,42,Female,Employed,51141.2632,191,1679.65302,3,795.6078694,7,298.5600717,54,11,5,462,0,17738.18846,7,1,0,9073.783789,1,High Risk
CUST_01774,61,Male,Employed,43610.9312,61,2175.393608,5,564.7891232,41,471.0787615,40,5,6,614,5,8924.106083,2,0,0,12730.7539,0,Low Risk
CUST_01775,29,Other,Self-Employed,94293.55272,189,2283.99253,11,365.1137598,49,606.2800333,56,3,3,632,0,21532.54902,5,0,0,7796.609757,1,High Risk
CUST_01776,51,Female,Unemployed,44415.64295,237,739.3626698,4,682.0995777,49,642.312746,21,0,3,824,5,11120.20066,4,0,0,4516.953657,1,High Risk
CUST_01777,62,Female,Unemployed,40086.94492,71,556.3504581,6,662.8182325,18,776.9962474,43,7,0,577,4,3946.961678,4,0,0,10542.91269,1,High Risk
CUST_01778,49,Other,Self-Employed,52238.18453,193,951.1035002,10,542.1441544,3,104.605771,28,7,4,355,3,5951.712562,5,0,0,500.0,1,High Risk
CUST_01779,58,Other,Unemployed,67475.96442,100,1185.761051,6,1098.218824,26,816.5678852,70,11,1,688,4,5682.033662,2,0,0,8232.875612,0,Low Risk
CUST_01780,50,Male,Unemployed,36942.30062,10,1231.759327,2,389.7276838,12,836.6588164,47,3,4,892,2,7630.011556,7,0,0,13812.72396,1,High Risk
CUST_01781,37,Other,Unemployed,47354.2403,208,1596.94242,8,739.9717944,37,711.4267223,2,15,4,550,2,13548.93869,7,0,0,4869.756894,1,High Risk
CUST_01782,55,Other,Self-Employed,67987.12352,234,2624.500096,6,1208.218899,20,217.0978177,44,13,3,826,2,18036.82394,1,0,0,5272.31823,0,Low Risk
CUST_01783,21,Other,Self-Employed,68986.5158,57,1451.419276,6,1118.195273,25,204.2732114,19,13,9,597,2,0.0,6,0,0,16348.48509,1,High Risk
CUST_01784,33,Male,Unemployed,53917.3058,136,2250.119861,1,1225.70286,44,574.1506405,72,1,8,692,0,17369.92532,4,0,0,9023.927978,1,High Risk
CUST_01785,32,Male,Unemployed,93531.04196,131,2023.728541,11,593.2267979,22,660.9628404,35,16,4,423,0,20479.49741,0,0,0,8461.295105,1,High Risk
CUST_01786,48,Female,Unemployed,85651.71884,58,931.8022523,9,1074.500844,29,793.86472,59,7,5,370,4,24307.58657,0,0,0,9226.855163,1,High Risk
CUST_01787,31,Male,Employed,24689.90874,227,2014.475711,2,427.9603611,30,379.779071,77,6,0,693,1,14518.30773,0,0,0,3795.653735,0,Low Risk
CUST_01788,58,Female,Employed,19544.69805,106,1959.512292,2,703.4441155,30,656.6508996,17,12,4,724,1,1330.470413,5,1,0,13176.83534,1,High Risk
CUST_01789,21,Other,Employed,64322.86006,205,1499.559874,11,736.3854662,15,643.0526031,65,10,8,627,5,3936.96681,4,0,0,15004.37133,1,High Risk
CUST_01790,51,Female,Self-Employed,74576.5816,116,1639.065743,5,598.4559257,41,336.3931126,30,18,5,359,0,17353.99118,1,0,0,6718.338661,1,High Risk
CUST_01791,32,Female,Unemployed,45954.33827,90,1453.751744,3,673.3651042,40,389.8302387,8,18,8,842,3,12559.92146,5,0,1,9836.250768,1,High Risk
CUST_01792,65,Other,Self-Employed,40960.47575,140,626.3774133,3,627.3184254,6,100.8406013,19,9,3,866,0,8219.891999,3,0,0,12338.21761,0,Low Risk
CUST_01793,46,Female,Self-Employed,35234.76931,110,3392.540569,0,456.1621661,16,234.0106351,19,10,1,754,3,3047.451752,1,0,0,12551.77014,0,Low Risk
CUST_01794,68,Male,Self-Employed,28975.78537,25,2344.40153,5,1099.744727,23,342.5002105,46,15,8,431,1,5540.746885,3,0,0,13164.13717,1,High Risk
CUST_01795,60,Male,Unemployed,70454.17033,146,1921.767333,7,736.142499,19,630.4788307,0,7,3,401,0,15149.22215,6,1,0,1351.740845,1,High Risk
CUST_01796,36,Male,Employed,43136.69071,103,1175.801084,7,870.5027904,38,1065.657418,13,1,1,530,5,14874.98925,4,0,0,11049.53476,1,High Risk
CUST_01797,59,Male,Unemployed,55432.41363,146,1426.564804,7,857.3219049,26,621.1959432,0,13,0,870,4,17797.91895,6,0,0,14894.35194,1,High Risk
CUST_01798,50,Female,Unemployed,17135.49665,58,562.7725398,4,819.1542488,1,188.8511161,68,16,1,517,2,19919.15899,2,0,0,10647.50818,1,High Risk
CUST_01799,53,Female,Self-Employed,68040.87864,110,1875.951104,9,832.4815911,0,380.6563004,9,16,4,582,1,6733.87041,3,0,0,14944.96296,0,Low Risk
CUST_01800,43,Other,Self-Employed,60580.0081,97,1768.947247,5,693.103973,33,762.5607874,72,10,2,890,0,17537.06147,7,0,0,7971.49465,1,High Risk
CUST_01801,64,Female,Self-Employed,25795.5944,8,1334.754462,4,1296.438904,26,299.2212486,48,0,5,667,0,7548.46683,3,0,0,9718.272335,0,Low Risk
CUST_01802,54,Female,Employed,54662.51879,32,1523.93234,3,1066.260667,36,874.8001276,13,18,3,390,2,11250.04735,1,0,0,7841.506453,1,High Risk
CUST_01803,67,Female,Employed,50085.38047,193,1261.181667,11,806.4337115,49,671.1317437,59,0,1,668,1,7604.472775,4,0,0,10413.62516,1,High Risk
CUST_01804,25,Other,Employed,41897.21144,231,1104.692873,3,643.5309474,5,437.1184894,41,3,6,438,4,16620.51243,7,0,0,11575.53673,1,High Risk
CUST_01805,38,Male,Unemployed,10000.0,131,878.8901025,3,758.412705,37,21.72314743,58,6,5,642,4,8522.420988,7,0,0,2672.611026,1,High Risk
CUST_01806,49,Female,Self-Employed,38114.07329,53,683.3460262,3,946.1675307,26,751.8750904,24,19,7,413,4,15885.79664,1,0,0,8334.859479,1,High Risk
CUST_01807,26,Other,Unemployed,55443.76062,108,938.4769668,5,1324.979032,47,660.9205504,35,0,9,321,1,14872.87112,4,0,0,8124.684908,1,High Risk
CUST_01808,29,Other,Employed,40125.83089,91,999.8970218,5,319.4333594,15,618.1549944,34,10,4,322,5,18833.06517,6,0,0,5552.096493,1,High Risk
CUST_01809,60,Other,Self-Employed,46009.48934,129,2371.359542,4,1030.921166,34,1168.775116,10,12,2,364,4,15506.81182,3,1,0,9440.987613,1,High Risk
CUST_01810,51,Male,Employed,76941.62215,48,1005.086414,11,1194.353273,26,265.9836147,9,2,3,870,3,23214.88018,2,0,0,4051.051602,0,Low Risk
CUST_01811,53,Female,Self-Employed,48604.8558,123,10.0,10,279.6485355,34,880.3969477,7,7,4,759,0,8144.601886,5,1,0,4018.318172,1,High Risk
CUST_01812,47,Other,Self-Employed,12257.60935,151,1733.353614,10,736.5971931,35,453.3740654,22,11,4,413,3,16769.91521,4,0,1,5107.376545,1,High Risk
CUST_01813,34,Male,Unemployed,46672.69351,101,1998.886894,8,427.4187094,37,563.7874864,5,1,5,796,1,14407.43834,3,0,0,2414.164656,0,Low Risk
CUST_01814,49,Other,Unemployed,51789.09361,168,2275.012482,7,950.6853641,27,578.0343666,77,0,8,781,4,7472.64588,5,0,0,4796.058469,1,High Risk
CUST_01815,56,Other,Employed,35143.61617,71,1632.931346,9,674.5771737,2,708.6493099,63,19,3,839,4,17740.35651,5,0,0,16182.25588,1,High Risk
CUST_01816,48,Other,Unemployed,63225.47472,65,587.9129118,5,754.4513266,40,321.3711193,72,13,6,538,4,17105.84073,2,0,0,2996.590707,1,High Risk
CUST_01817,41,Other,Unemployed,23679.87849,52,860.8562997,10,656.1304675,30,1098.449836,45,14,6,556,2,8129.882171,1,0,0,3936.22668,1,High Risk
CUST_01818,23,Other,Unemployed,47520.66022,14,1980.131311,8,1052.057201,2,223.6087507,37,3,5,584,2,1970.211652,1,0,0,8583.556251,0,Low Risk
CUST_01819,39,Male,Self-Employed,23472.33978,71,2667.231824,4,880.1615362,37,410.8113063,24,19,0,703,5,11373.60953,4,0,0,3270.246565,1,High Risk
CUST_01820,51,Female,Unemployed,44677.62109,75,585.6853324,9,880.8243674,23,960.8440922,1,6,8,345,4,7885.797975,4,0,0,3940.273703,1,High Risk
CUST_01821,55,Female,Employed,62746.33749,46,1669.534235,3,856.2176388,25,794.9549501,23,0,5,755,0,12977.56,4,0,0,2541.288757,1,High Risk
CUST_01822,69,Female,Self-Employed,47089.76131,54,1056.047652,5,1000.371808,40,410.8282763,66,4,2,691,2,12065.85293,1,0,0,8066.73839,0,Low Risk
CUST_01823,23,Female,Self-Employed,46039.03687,11,840.7439296,3,708.3098508,46,670.0773905,70,13,1,765,5,22689.35079,7,1,1,6948.490659,1,High Risk
CUST_01824,46,Male,Unemployed,50499.86141,229,1527.997445,7,1395.271176,27,230.6534421,60,5,2,512,1,7574.254087,4,0,0,10016.85544,1,High Risk
CUST_01825,36,Male,Self-Employed,51399.81444,195,1393.082239,6,367.8218371,8,297.3548587,8,6,0,711,4,15550.31014,3,0,0,8926.610548,0,Low Risk
CUST_01826,31,Male,Employed,62487.53457,120,10.0,4,195.9285431,36,408.9673868,44,11,2,458,0,3889.428592,5,1,0,13219.06969,1,High Risk
CUST_01827,41,Other,Employed,62596.68302,12,1661.273836,9,166.961801,26,856.6021621,15,6,4,850,2,6125.632116,0,1,0,5603.219131,1,High Risk
CUST_01828,36,Other,Self-Employed,75590.5259,48,1762.476567,5,72.14415825,47,0.0,13,17,3,770,1,9344.93661,7,0,0,2740.243515,1,High Risk
CUST_01829,29,Other,Unemployed,53017.10574,105,2097.85739,10,1035.609435,2,720.1324959,25,15,9,771,2,6927.70781,0,0,0,4167.243316,0,Low Risk
CUST_01830,20,Female,Unemployed,20106.95909,230,1041.835639,6,992.9786947,40,401.1098101,45,8,0,409,5,14618.05157,4,0,0,16130.87643,1,High Risk
CUST_01831,41,Other,Self-Employed,65443.07479,188,229.7339888,1,1222.721772,48,655.2912082,57,6,4,742,5,11832.29137,3,0,0,500.0,0,Low Risk
CUST_01832,45,Female,Employed,74296.84027,39,1162.952344,8,430.1766249,27,645.9624433,73,13,2,764,1,16947.67135,3,1,0,13004.21697,1,High Risk
CUST_01833,37,Other,Self-Employed,94310.51031,54,2064.74093,6,1060.911509,31,493.2910161,29,1,9,634,4,5842.487383,3,0,0,12972.1731,0,Low Risk
CUST_01834,69,Female,Unemployed,76130.70585,101,1439.307344,7,819.8884218,34,311.1198135,55,12,6,872,0,13072.35352,5,0,0,9194.963141,1,High Risk
CUST_01835,33,Other,Unemployed,41174.62862,83,2179.445909,4,858.3052747,6,333.2784889,31,6,9,843,3,7535.468469,2,1,0,3903.241204,1,High Risk
CUST_01836,66,Other,Self-Employed,53369.31249,15,459.277419,2,1018.968013,6,421.6067058,77,18,7,534,2,19633.95436,6,0,0,10362.57035,1,High Risk
CUST_01837,48,Male,Employed,45128.71856,136,2149.677848,1,535.3013871,20,93.51719953,22,1,4,322,0,5843.151853,5,0,0,4287.598919,1,High Risk
CUST_01838,31,Other,Self-Employed,42682.51535,188,1699.236237,1,1705.537197,31,522.3596182,16,5,9,443,3,1453.955301,3,0,0,5805.695649,1,High Risk
CUST_01839,55,Other,Employed,47957.26296,103,1216.078576,2,1266.158106,37,323.5563372,23,11,7,605,4,8478.904294,7,0,0,9011.3434,1,High Risk
CUST_01840,54,Male,Employed,73143.37584,130,2356.282431,0,613.9029161,19,384.2506385,46,1,5,791,5,5271.200181,1,0,0,5730.848004,0,Low Risk
CUST_01841,31,Female,Self-Employed,21394.91688,50,1692.01934,0,418.2416798,7,448.5227571,10,16,5,694,1,12859.19125,6,0,0,3056.517337,1,High Risk
CUST_01842,26,Male,Self-Employed,31954.17862,162,712.6346083,6,769.2335434,3,687.5705801,40,11,4,883,4,15491.27758,1,0,0,7122.705481,0,Low Risk
CUST_01843,48,Male,Employed,71950.87441,13,2285.499229,9,863.7904553,25,809.5527659,14,19,9,524,0,16378.65244,7,0,0,10248.78096,1,High Risk
CUST_01844,30,Female,Employed,76166.02713,83,1306.628703,11,1172.965341,14,843.187971,51,8,5,347,0,0.0,3,0,0,13150.4745,1,High Risk
CUST_01845,52,Other,Employed,38129.07725,7,1529.55716,10,390.947681,5,602.6576814,33,13,0,845,2,16333.64644,0,1,0,10989.47272,1,High Risk
CUST_01846,25,Female,Employed,79713.4702,8,809.3651456,7,899.9204301,47,402.5774888,59,2,7,704,5,13362.95648,2,0,0,14969.34075,0,Low Risk
CUST_01847,66,Other,Unemployed,67565.8775,204,1458.657874,5,264.8447415,31,173.0404928,56,2,4,874,3,16208.99836,7,0,0,9121.008403,1,High Risk
CUST_01848,34,Other,Self-Employed,45180.29955,119,743.150547,6,952.7251577,4,1110.221359,32,15,7,401,3,17276.70996,5,0,0,7176.293625,1,High Risk
CUST_01849,51,Female,Employed,10000.0,227,1362.244964,0,762.3735228,43,945.2381528,20,5,2,828,2,8297.634786,1,0,0,16003.49011,0,Low Risk
CUST_01850,30,Male,Self-Employed,19975.72741,224,1524.543738,0,1477.837917,45,722.9897686,23,7,9,540,5,6571.092742,6,1,0,6294.238567,1,High Risk
CUST_01851,42,Female,Employed,38152.81962,151,1984.619286,8,258.8991095,5,664.515842,19,12,5,589,4,13965.23923,1,0,0,11936.89241,0,Low Risk
CUST_01852,45,Other,Self-Employed,63678.86568,44,374.7127984,4,1279.712934,2,411.5003772,67,7,0,555,3,17789.10228,6,0,0,13654.53084,1,High Risk
CUST_01853,53,Female,Self-Employed,63735.80044,83,2302.398814,6,203.6590327,28,532.6146305,59,7,0,660,5,4489.725275,1,0,0,500.0,0,Low Risk
CUST_01854,65,Female,Employed,41603.91455,157,2327.441792,5,335.476404,18,730.1570982,45,6,3,366,4,12379.39835,5,0,0,8205.013467,1,High Risk
CUST_01855,53,Other,Employed,45837.06322,5,1348.808782,3,213.0169045,9,27.2780045,32,4,9,579,1,8887.25317,7,1,0,3057.231548,1,High Risk
CUST_01856,48,Male,Self-Employed,49415.3357,62,1603.244035,0,887.623413,6,346.9582231,30,19,5,705,0,8865.674066,2,0,0,2790.925907,0,Low Risk
CUST_01857,23,Female,Self-Employed,46062.71577,223,1745.219235,3,389.2054162,44,502.645756,33,0,2,304,1,9661.509672,3,0,0,4234.842622,1,High Risk
CUST_01858,36,Other,Self-Employed,52945.40775,196,1566.695471,9,328.0839732,0,19.21890016,21,12,4,842,2,15930.18657,2,1,0,500.0,1,High Risk
CUST_01859,54,Other,Unemployed,49459.25918,95,1982.74351,9,870.9686606,0,128.1216082,29,7,9,451,3,15472.60155,7,0,0,11669.69821,1,High Risk
CUST_01860,32,Female,Employed,19863.91132,51,1190.208391,7,958.1213851,16,335.4490022,4,10,3,566,1,6671.760123,3,0,0,6769.978442,1,High Risk
CUST_01861,60,Male,Unemployed,46263.89181,230,891.8972694,11,813.9472565,21,521.5015783,40,19,9,862,0,3757.294783,4,0,0,12857.57585,1,High Risk
CUST_01862,58,Female,Unemployed,49593.23901,36,1842.534428,10,743.2232978,35,877.5776046,44,6,2,347,3,18446.68616,7,0,0,9276.261547,1,High Risk
CUST_01863,34,Male,Employed,67816.38823,39,279.3269726,0,1440.118371,13,388.2034708,60,18,8,633,4,16814.6426,7,0,0,7769.709391,1,High Risk
CUST_01864,48,Male,Employed,35036.48963,44,1995.235611,1,851.0426932,5,970.2822399,12,6,3,435,3,19431.58768,1,0,0,4119.459659,1,High Risk
CUST_01865,48,Male,Unemployed,53670.29632,195,2078.066479,7,1081.992016,29,318.182331,8,15,9,818,5,15286.76365,5,0,0,6331.241353,1,High Risk
CUST_01866,30,Male,Employed,60131.11993,190,874.1659427,1,850.022744,45,468.5589748,77,11,6,782,0,19998.23638,6,0,0,9823.203502,1,High Risk
CUST_01867,51,Female,Self-Employed,47329.75078,220,2637.669364,10,415.7432991,46,129.7538443,34,10,4,418,3,0.0,0,0,0,6694.668375,1,High Risk
CUST_01868,21,Other,Self-Employed,18413.63806,3,1219.07297,11,992.4606887,32,391.0233129,17,8,6,587,1,11304.00946,2,0,0,5288.239924,0,Low Risk
CUST_01869,66,Other,Unemployed,68181.24237,189,1150.207367,9,570.470941,19,24.2271998,11,6,4,641,2,7836.198893,5,1,0,7967.670654,1,High Risk
CUST_01870,33,Other,Unemployed,63448.54218,134,977.183,8,768.1548517,15,1346.444882,40,19,2,577,1,23911.52739,2,0,0,13276.65833,1,High Risk
CUST_01871,39,Other,Employed,54117.92084,105,1858.483388,2,906.8909387,3,238.732758,15,13,5,793,5,4804.503898,5,0,0,8738.774637,1,High Risk
CUST_01872,41,Other,Employed,50725.94722,144,1186.910948,2,120.5036766,33,589.7525639,12,3,8,463,3,3940.347206,1,1,0,12824.66012,1,High Risk
CUST_01873,30,Other,Unemployed,17934.35181,112,350.2928614,5,236.6742566,0,380.7593364,17,2,5,584,5,8237.309245,6,0,0,500.0,1,High Risk
CUST_01874,46,Female,Unemployed,63943.81945,148,1773.295151,2,1118.31071,12,441.1955435,75,8,3,522,4,8849.072589,1,0,0,8539.007268,1,High Risk
CUST_01875,22,Male,Self-Employed,76755.12878,36,1266.96645,8,567.6887437,47,480.8904049,50,4,0,897,3,9741.726758,5,0,0,7433.918115,1,High Risk
CUST_01876,36,Other,Self-Employed,29952.58063,3,2368.740888,10,584.2873038,7,737.3661184,32,2,2,676,5,17421.42507,0,0,0,3844.471817,0,Low Risk
CUST_01877,63,Female,Employed,74210.33581,55,1747.013819,7,858.2534391,21,627.0463242,69,0,2,352,0,20891.60178,0,0,0,8790.015248,1,High Risk
CUST_01878,47,Other,Self-Employed,70366.24033,24,1712.923856,3,665.014591,3,560.4477091,66,17,1,627,1,17820.2496,1,0,0,11657.41567,0,Low Risk
CUST_01879,48,Other,Employed,29422.48418,210,2311.605623,5,946.1559336,33,644.9199272,53,12,9,640,1,26869.75588,5,0,0,8399.93653,1,High Risk
CUST_01880,40,Male,Employed,42905.41521,191,1628.012385,7,782.1073739,44,592.7811686,5,3,1,826,3,19703.02787,7,1,0,2404.924883,1,High Risk
CUST_01881,66,Male,Employed,24882.12242,152,2125.758854,3,869.5110326,36,180.9609711,35,17,7,417,2,8202.834787,3,0,0,10083.21243,1,High Risk
CUST_01882,35,Male,Self-Employed,48827.50996,180,980.1222925,4,554.3495634,22,437.9569864,54,8,7,481,3,11325.22927,1,0,0,13214.89558,1,High Risk
CUST_01883,56,Other,Unemployed,58069.71612,18,2816.831193,6,867.7581881,19,670.9513584,49,6,2,879,2,16745.30424,0,0,0,8689.71805,0,Low Risk
CUST_01884,39,Other,Unemployed,26231.57364,158,1720.345298,7,1186.78118,23,351.1925083,70,14,3,789,3,5061.189413,1,0,0,7733.051827,0,Low Risk
CUST_01885,25,Other,Self-Employed,56944.44995,222,538.6141442,6,601.2881244,26,589.2842787,65,12,4,805,1,10129.65169,0,0,0,4949.198683,0,Low Risk
CUST_01886,38,Male,Unemployed,61504.26374,121,1610.28517,7,1120.361405,12,775.5997987,14,1,8,624,5,15904.09271,4,0,0,9716.904158,1,High Risk
CUST_01887,24,Female,Employed,61762.61581,88,1649.332895,3,781.9538886,4,326.5193726,21,10,4,493,2,23472.49159,3,0,0,6362.598537,1,High Risk
CUST_01888,22,Other,Unemployed,58181.0463,200,1599.836454,0,1057.06858,15,754.5616386,48,3,5,477,0,12200.05528,5,0,0,24722.94191,1,High Risk
CUST_01889,20,Other,Self-Employed,27887.16783,219,10.0,5,845.0699614,37,473.5207095,37,17,6,858,5,13157.76696,0,0,0,13091.83665,0,Low Risk
CUST_01890,57,Other,Unemployed,47813.46767,44,1061.533246,4,788.306178,47,518.3108254,7,2,1,308,2,15097.97201,5,0,0,9164.672627,1,High Risk
CUST_01891,34,Female,Employed,56342.33799,196,393.719375,10,922.4053887,28,711.6141173,7,1,3,711,4,1595.317209,6,0,0,10144.12557,1,High Risk
CUST_01892,53,Other,Employed,76298.4612,73,405.3148344,3,1224.759147,25,648.3167957,36,11,5,823,5,9834.37075,6,0,0,7376.215995,1,High Risk
CUST_01893,54,Female,Self-Employed,50044.38493,119,1633.135178,1,882.634053,21,0.0,71,3,3,312,0,6871.351233,7,0,0,10101.08128,1,High Risk
CUST_01894,68,Other,Self-Employed,57659.7433,211,1051.327825,0,967.4857908,23,41.28097721,77,13,4,576,3,16664.54569,2,1,0,10679.39316,1,High Risk
CUST_01895,44,Female,Self-Employed,33223.51735,165,1209.009135,8,671.0302802,12,632.9329993,24,15,2,738,4,9368.327863,2,1,0,4443.470276,1,High Risk
CUST_01896,43,Other,Employed,29211.90735,22,784.0497902,11,1349.810266,42,464.7124735,53,3,1,337,0,19296.82764,5,0,0,6884.285597,1,High Risk
CUST_01897,31,Male,Unemployed,26904.70418,110,2603.449556,1,1024.117989,20,99.22200968,20,11,0,734,3,14615.70758,3,0,0,9443.621508,0,Low Risk
CUST_01898,37,Male,Unemployed,42435.17107,132,1531.904878,8,827.197961,0,335.1867223,58,18,2,543,2,11044.01251,3,1,0,9872.150445,1,High Risk
CUST_01899,34,Male,Self-Employed,87116.92075,9,281.4456061,5,757.0712147,3,75.98889356,30,18,9,848,3,8626.400836,2,0,0,6836.455288,0,Low Risk
CUST_01900,63,Male,Unemployed,42762.62733,226,2015.238573,5,1142.267894,2,473.6545909,5,11,8,472,1,7717.859917,5,0,0,6181.952136,1,High Risk
CUST_01901,35,Other,Unemployed,56563.27437,179,1225.98181,1,587.828573,49,814.5628499,41,14,0,550,0,21673.68414,5,1,0,10617.98721,1,High Risk
CUST_01902,46,Male,Self-Employed,60027.76325,213,2454.927249,5,175.9937443,22,321.2623545,51,2,7,641,2,0.0,7,0,0,10497.01085,1,High Risk
CUST_01903,27,Female,Self-Employed,30352.47604,206,1493.509464,2,825.3398598,15,561.4315228,46,18,4,313,3,11498.05278,5,0,0,6002.375092,1,High Risk
CUST_01904,65,Male,Employed,42168.07669,11,943.2782073,6,1216.501601,44,473.8933361,27,14,3,573,2,12513.69855,5,0,0,500.0,1,High Risk
CUST_01905,44,Male,Employed,61239.4725,29,1066.362827,9,1356.958084,12,900.2903954,35,19,4,652,2,0.0,7,1,0,10645.87358,1,High Risk
CUST_01906,36,Male,Employed,57709.89346,208,1178.093723,3,762.4471198,38,817.0542317,39,6,6,434,5,19853.63554,5,0,0,11940.42126,1,High Risk
CUST_01907,48,Other,Employed,14108.09672,132,1891.804981,8,815.2556824,30,102.7661607,12,3,7,741,0,13264.90247,4,0,0,10725.34918,1,High Risk
CUST_01908,27,Male,Unemployed,60699.38637,87,871.9194801,4,981.8356514,23,452.1516293,48,0,1,678,2,16386.01433,7,0,0,15894.24465,1,High Risk
CUST_01909,34,Female,Unemployed,40082.17296,198,2494.944527,11,707.4777034,46,278.5577568,3,8,5,866,0,16462.30157,6,0,0,11656.34707,1,High Risk
CUST_01910,46,Male,Employed,40553.29047,62,1794.855757,9,980.7420819,14,349.771618,63,6,3,426,2,17461.58531,4,0,0,9179.753392,1,High Risk
CUST_01911,65,Male,Employed,57287.58247,215,1679.521696,2,770.1093871,4,696.3422748,79,4,7,600,2,16858.00652,0,0,0,3891.370034,0,Low Risk
CUST_01912,69,Male,Self-Employed,77412.84664,114,1558.436654,0,1153.97889,48,548.2751893,22,8,3,458,3,16854.69411,3,0,0,7686.891612,1,High Risk
CUST_01913,26,Female,Unemployed,46392.17672,88,1483.918687,0,1053.04318,21,692.877992,57,5,2,834,4,14342.78827,2,0,0,7074.956152,0,Low Risk
CUST_01914,22,Male,Unemployed,71222.90388,179,484.3804839,3,1083.579741,21,0.0,14,11,4,499,0,17933.20645,7,0,0,9050.092893,1,High Risk
CUST_01915,48,Female,Employed,24063.39018,132,1734.026716,9,728.1388243,10,732.6111155,78,12,3,364,1,28354.05654,5,0,0,2372.922395,1,High Risk
CUST_01916,63,Female,Unemployed,52353.38023,147,3040.587928,9,1474.074562,23,607.0216524,45,0,4,378,5,6876.050583,7,1,0,10513.05527,1,High Risk
CUST_01917,43,Male,Self-Employed,40261.00269,85,2053.457128,3,969.3691798,44,901.7391084,38,14,8,391,0,15088.17023,5,0,0,5315.175934,1,High Risk
CUST_01918,22,Female,Self-Employed,55076.12576,106,1850.764703,8,886.5529187,9,347.2967551,46,15,2,439,2,17031.79606,6,0,0,9494.935597,1,High Risk
CUST_01919,39,Other,Unemployed,44666.46675,90,272.0269896,7,533.6699568,46,769.0273099,36,1,1,300,5,2767.89858,3,0,0,5803.341885,1,High Risk
CUST_01920,65,Male,Employed,25860.89446,22,2368.907821,3,766.0248629,33,573.0135145,40,8,1,566,4,23358.6356,2,1,0,7413.375334,1,High Risk
CUST_01921,34,Male,Unemployed,34026.63147,232,2142.0017,5,840.0329162,10,533.2619832,44,9,8,350,5,15902.86389,2,0,0,3915.53075,1,High Risk
CUST_01922,44,Female,Self-Employed,20422.38056,206,2433.942217,6,524.3129463,42,378.0290622,29,19,6,528,0,13870.90395,0,0,0,4179.395356,1,High Risk
CUST_01923,49,Female,Employed,26475.77788,219,776.9146245,9,697.688999,28,476.3513764,70,15,9,668,2,9841.602976,7,0,0,10240.61814,1,High Risk
CUST_01924,33,Male,Unemployed,58645.83875,128,1180.105998,7,741.9699937,21,255.1738863,67,14,3,749,5,17073.68639,3,1,0,12170.14743,1,High Risk
CUST_01925,26,Other,Employed,45481.33166,217,311.3844755,3,819.5722313,32,400.5631499,6,2,5,856,1,5298.94627,4,0,0,7759.905307,1,High Risk
CUST_01926,36,Female,Employed,54155.55938,100,243.9527263,0,183.0525535,7,352.3083582,46,1,9,398,5,22380.53331,6,1,0,13620.423,1,High Risk
CUST_01927,63,Female,Self-Employed,82680.39467,162,1038.465387,4,752.6553108,48,428.4573249,46,7,5,792,5,18286.83336,3,0,0,12562.05979,0,Low Risk
CUST_01928,39,Other,Employed,44672.50772,53,1874.212299,0,667.9288359,31,454.5671726,78,15,2,371,3,11262.3279,6,0,0,9070.86201,1,High Risk
CUST_01929,55,Other,Unemployed,61417.1108,90,1166.864558,10,792.6905476,39,460.8355771,59,8,8,896,3,20648.18761,6,0,0,3546.112017,1,High Risk
CUST_01930,28,Male,Employed,50506.43922,172,964.682247,10,1162.346798,44,498.0424953,4,2,3,480,0,1557.433807,7,0,0,9115.819593,1,High Risk
CUST_01931,57,Other,Employed,99728.32159,65,1771.548941,3,1518.338422,22,495.6153702,47,16,0,455,0,5955.588652,2,0,0,9576.25216,1,High Risk
CUST_01932,67,Male,Unemployed,10000.0,91,10.0,6,1037.43202,4,527.0166196,73,12,1,876,1,12375.18658,4,0,0,10402.21248,1,High Risk
CUST_01933,41,Other,Self-Employed,37082.07903,191,1066.069144,6,367.9522398,30,492.4979191,21,15,4,691,3,12629.38271,2,0,0,6390.056553,0,Low Risk
CUST_01934,21,Female,Self-Employed,61772.43154,192,1770.639221,0,679.1075669,28,432.381598,22,4,7,659,2,14720.21072,6,0,0,4799.826134,1,High Risk
CUST_01935,43,Male,Unemployed,36447.70288,133,1177.258048,8,1008.587158,5,607.5643691,44,4,6,641,0,13269.44638,3,1,0,606.0167907,1,High Risk
CUST_01936,27,Male,Unemployed,60189.28803,91,2539.363744,1,969.1516738,24,803.096991,78,2,8,319,4,19502.3573,6,0,0,8521.241264,1,High Risk
CUST_01937,30,Male,Self-Employed,48918.57453,94,970.965041,4,1145.564007,24,416.0996111,51,12,0,632,3,3281.666244,2,0,0,7574.647113,0,Low Risk
CUST_01938,32,Other,Employed,65569.07908,78,1026.276727,5,765.927152,30,366.2504308,70,7,1,491,2,537.5276558,7,0,0,13455.51648,1,High Risk
CUST_01939,36,Female,Unemployed,29621.78905,28,711.1618637,0,672.7749145,13,594.1402594,45,7,9,645,3,3638.590006,5,1,0,3566.4258,1,High Risk
CUST_01940,27,Male,Employed,53111.16159,178,893.8416882,11,1413.348401,16,526.9432978,37,16,3,594,5,4242.373007,1,1,0,7839.711291,1,High Risk
CUST_01941,40,Male,Unemployed,58388.32814,110,1721.608962,1,820.5347112,15,258.2878143,39,14,6,434,1,12278.36888,6,0,0,3096.715061,1,High Risk
CUST_01942,37,Male,Self-Employed,52372.20485,10,2146.485024,6,444.1639684,27,312.1871198,14,3,0,502,4,11220.12492,4,0,0,15346.63677,1,High Risk
CUST_01943,49,Male,Employed,52689.42473,135,3223.934295,5,1316.29678,8,351.3542921,68,17,4,387,2,14014.89622,7,1,0,6378.753691,1,High Risk
CUST_01944,37,Female,Employed,71643.7563,141,1961.932873,5,276.366578,1,240.8028539,11,6,1,644,2,14272.12188,7,0,0,1795.659437,1,High Risk
CUST_01945,65,Other,Unemployed,19761.69656,44,557.727744,5,20.0,3,609.5759918,76,9,1,862,0,13767.87087,5,0,0,8228.645239,1,High Risk
CUST_01946,66,Female,Employed,52249.40943,229,2493.320886,6,1069.285365,19,691.1854462,66,0,1,549,1,2895.285192,0,0,1,8813.04564,1,High Risk
CUST_01947,50,Male,Unemployed,28235.33361,221,1889.711796,9,1118.74534,40,297.1322201,56,3,8,618,1,10838.34769,1,1,0,5128.509163,1,High Risk
CUST_01948,57,Female,Self-Employed,63636.99686,121,1522.954688,11,944.9045297,35,159.8894183,18,10,9,796,2,9078.135601,5,0,0,7904.3353,1,High Risk
CUST_01949,51,Male,Employed,34917.19552,171,2353.846854,11,344.1403706,36,543.1682216,29,14,4,588,3,19506.2035,2,0,0,3422.456304,0,Low Risk
CUST_01950,30,Other,Unemployed,10000.0,110,3394.363247,8,779.3955507,5,507.7052303,78,14,7,600,2,14268.69437,3,0,0,5494.950015,0,Low Risk
CUST_01951,64,Other,Employed,64066.41346,232,1348.807005,8,702.6409993,0,1075.463961,17,2,9,305,2,23345.84523,6,0,1,5488.295958,1,High Risk
CUST_01952,44,Other,Unemployed,45169.31671,149,833.625226,1,611.9488462,44,666.8786966,62,18,5,848,2,6259.431867,2,1,0,20104.78725,1,High Risk
CUST_01953,52,Male,Unemployed,56419.33309,178,2561.943965,1,1294.224301,49,218.1826747,6,19,0,557,2,10392.64052,0,0,0,13025.13846,1,High Risk
CUST_01954,57,Female,Unemployed,75686.16025,183,3625.049801,4,433.6668795,2,262.0903813,59,13,9,521,2,17679.59093,3,0,0,8001.165094,1,High Risk
CUST_01955,60,Other,Self-Employed,56685.21955,185,1615.907734,9,910.6365586,36,578.8385628,77,2,8,612,2,9219.241212,4,0,0,7247.988869,1,High Risk
CUST_01956,27,Male,Employed,53049.70551,122,1524.729677,6,1217.916444,44,486.2980168,62,7,6,647,3,14454.62994,4,0,0,13487.44161,1,High Risk
CUST_01957,30,Male,Self-Employed,49149.13317,191,1637.693877,11,933.5045339,41,472.399408,56,9,1,390,4,8549.496948,2,0,0,13218.11333,1,High Risk
CUST_01958,41,Female,Unemployed,29348.48329,162,1859.464026,11,1234.39143,2,516.7200103,74,8,7,470,5,19191.99757,1,1,0,6446.287278,1,High Risk
CUST_01959,43,Other,Unemployed,46125.53855,48,373.2222672,2,997.3001529,42,693.83807,38,14,1,593,4,3772.408718,3,0,0,18507.02304,0,Low Risk
CUST_01960,60,Male,Self-Employed,85530.17441,94,1744.718381,2,950.2723847,32,963.5183835,42,8,1,491,0,23698.55427,5,0,0,6445.801778,1,High Risk
CUST_01961,36,Female,Self-Employed,43246.05386,166,1718.765013,3,928.3922041,14,832.3574567,55,3,3,848,4,16821.65107,7,0,0,6767.87453,1,High Risk
CUST_01962,31,Other,Employed,47191.75413,148,1672.743321,2,1014.705143,3,246.3741833,9,11,7,399,3,15191.96301,1,0,0,10533.90141,1,High Risk
CUST_01963,65,Female,Unemployed,72627.52806,76,1633.603819,2,665.0613159,14,366.3526189,19,18,6,330,2,14568.55456,2,0,0,8619.028762,1,High Risk
CUST_01964,51,Female,Self-Employed,22256.8041,98,1577.0219,7,344.3441518,6,0.0,63,0,1,803,1,8041.341558,7,0,0,5663.421885,1,High Risk
CUST_01965,34,Male,Unemployed,61162.23292,20,10.0,6,1133.915194,46,552.7354033,38,13,9,397,3,16466.33684,5,0,0,6706.222656,1,High Risk
CUST_01966,35,Male,Unemployed,21400.16144,142,923.1647947,6,1206.609805,3,368.7290326,27,9,5,351,1,9111.369457,5,0,0,5213.953464,1,High Risk
CUST_01967,41,Male,Employed,57185.3969,117,2184.686706,9,888.1925838,2,495.1504798,29,0,3,774,0,0.0,3,0,0,8331.307953,0,Low Risk
CUST_01968,47,Female,Employed,49596.62993,74,2372.359121,1,608.0685331,22,294.2794467,57,3,9,642,5,12782.23195,4,0,0,7242.302201,1,High Risk
CUST_01969,39,Male,Employed,61023.20289,227,1161.708618,10,254.7990092,13,291.6284522,69,9,0,649,3,7765.062685,4,0,0,10023.70941,1,High Risk
CUST_01970,52,Female,Self-Employed,31775.46134,48,734.7802623,8,830.032485,5,114.9084323,61,2,7,818,2,13100.46646,7,0,0,9169.286947,1,High Risk
CUST_01971,29,Female,Unemployed,40369.40448,185,2073.572382,5,327.8673793,32,420.1978712,0,15,7,317,2,12132.77394,2,0,0,4057.587475,1,High Risk
CUST_01972,59,Male,Self-Employed,61952.95316,40,1718.268449,2,278.8543741,8,642.2330591,67,17,5,529,5,3727.660079,3,0,0,5820.710167,1,High Risk
CUST_01973,51,Other,Self-Employed,40823.0147,208,1402.344374,8,792.7439652,11,331.5114358,24,11,9,855,5,21823.3628,7,0,0,12950.34122,1,High Risk
CUST_01974,69,Other,Employed,63599.27469,132,2189.483088,8,532.6806746,49,662.9094438,38,18,6,780,3,8229.476432,5,1,0,7516.610729,1,High Risk
CUST_01975,52,Other,Unemployed,53765.05659,11,557.0202908,5,920.8583447,34,327.1742218,10,8,2,874,3,18629.87908,2,0,0,3462.731554,0,Low Risk
CUST_01976,21,Female,Unemployed,41976.46836,110,2428.767692,9,744.2465391,30,500.1717897,58,19,8,459,2,7944.089135,4,0,0,6790.475618,1,High Risk
CUST_01977,52,Female,Employed,44323.6248,135,298.3748722,5,587.6779018,2,838.8910565,36,4,3,711,1,12299.89475,5,0,0,7972.241219,1,High Risk
CUST_01978,52,Female,Unemployed,50063.08697,100,839.8150522,7,203.2797217,45,378.0377557,75,4,1,687,3,13901.14781,5,0,0,17739.13018,1,High Risk
CUST_01979,60,Male,Employed,46036.72195,21,667.2830818,7,501.489156,35,556.2697959,28,7,3,301,5,5.607015466,0,0,0,6312.734084,1,High Risk
CUST_01980,32,Female,Self-Employed,63144.49557,73,1034.034764,5,514.3522285,12,564.9284493,8,6,1,450,2,8490.153334,1,0,0,6514.49508,1,High Risk
CUST_01981,49,Male,Self-Employed,43316.97207,41,1744.863709,6,371.1423143,12,568.206784,45,18,3,834,4,13770.92717,2,0,0,8979.358543,0,Low Risk
CUST_01982,52,Male,Employed,39685.44333,44,2042.739105,3,684.8344967,33,632.5434989,75,17,1,646,3,12537.71279,5,0,0,10975.32014,1,High Risk
CUST_01983,32,Other,Self-Employed,66384.53027,147,1434.764704,0,398.4618031,20,561.5722392,8,14,7,717,0,12399.34404,0,0,0,16947.97939,0,Low Risk
CUST_01984,45,Other,Self-Employed,42401.67505,193,477.9103856,3,742.6900384,33,243.2557546,64,0,5,467,5,17659.49182,4,0,0,6908.404566,1,High Risk
CUST_01985,41,Other,Employed,40273.31084,92,10.0,7,884.1439248,41,396.632872,70,6,7,309,0,7329.812179,6,0,0,7109.369485,1,High Risk
CUST_01986,58,Male,Self-Employed,10000.0,176,2177.097718,11,510.840516,42,643.9057829,41,18,0,637,5,12584.63745,2,0,0,2675.98079,0,Low Risk
CUST_01987,21,Male,Unemployed,31288.93937,221,2078.067849,7,948.8930203,27,676.1536348,33,4,8,410,3,4019.078085,7,0,0,2302.748333,1,High Risk
CUST_01988,57,Male,Self-Employed,34904.70538,109,2356.699018,1,323.5247451,46,314.2885589,27,7,1,479,2,9128.88028,7,0,0,8138.115996,1,High Risk
CUST_01989,58,Female,Employed,40277.64933,222,1394.04065,6,410.7379106,34,743.1457417,60,4,7,710,1,19528.4949,4,0,0,4033.551591,1,High Risk
CUST_01990,45,Male,Unemployed,37001.4941,150,2034.524096,0,760.3739458,13,380.6925797,39,4,3,480,3,12226.69186,6,0,0,1035.702999,1,High Risk
CUST_01991,65,Other,Unemployed,67694.90268,200,988.3633917,1,1040.464382,17,583.1437609,53,4,1,666,0,9313.21164,4,1,0,4675.467591,1,High Risk
CUST_01992,69,Other,Self-Employed,36047.3424,138,1884.474218,7,1103.58984,18,548.7983019,58,10,0,824,1,7251.322331,2,0,0,2477.302597,0,Low Risk
CUST_01993,34,Male,Unemployed,37388.72534,98,1116.257647,10,1364.336718,18,271.733646,77,6,3,473,4,3848.425984,0,0,0,7714.015372,1,High Risk
CUST_01994,53,Male,Employed,52801.77555,149,848.5980351,9,668.1938938,32,431.4334978,44,1,9,385,1,17846.87694,2,0,0,2314.254803,1,High Risk
CUST_01995,61,Other,Unemployed,30169.72616,34,1685.597781,3,755.3745385,34,0.0,79,16,0,847,4,24822.61934,6,0,0,6275.791503,1,High Risk
CUST_01996,63,Male,Self-Employed,78151.85879,128,1643.816155,2,438.5635648,19,401.5919804,38,10,7,362,5,9538.70822,7,1,0,10130.874,1,High Risk
CUST_01997,68,Other,Self-Employed,64438.82224,149,2229.28917,1,361.1817838,28,808.4057252,41,19,1,879,0,1188.883156,7,0,0,7017.447338,1,High Risk
CUST_01998,59,Female,Unemployed,28974.43486,26,472.3478128,10,880.0002302,7,23.78057194,10,4,7,730,4,21307.78672,7,1,0,7604.562241,1,High Risk
CUST_01999,30,Other,Employed,68246.00755,26,2241.692047,5,528.4449752,24,282.7903179,74,6,9,673,1,6664.876672,6,0,0,2688.700609,1,High Risk
CUST_02000,22,Female,Employed,71990.74651,186,1603.913736,3,1231.33272,16,384.6525877,37,0,0,563,0,14330.88109,6,0,0,10786.81957,1,High Risk
CUST_02001,25,Male,Self-Employed,29441.93474,211,2354.367381,2,288.1649938,0,0.0,56,8,6,468,1,15183.62414,7,0,0,9072.460624,1,High Risk
CUST_02002,28,Male,Self-Employed,29027.00092,122,2346.108256,2,970.223622,37,0.0,11,10,6,616,3,18776.97875,7,0,0,7442.64972,1,High Risk
CUST_02003,25,Female,Employed,39012.56337,20,10.0,9,447.9912664,48,1015.054155,41,11,4,703,1,10639.52923,5,0,0,8932.832795,1,High Risk
CUST_02004,28,Male,Unemployed,24526.30784,142,2338.90652,2,512.8430366,29,646.7190212,62,9,2,512,3,14798.44759,4,0,0,7262.570136,1,High Risk
CUST_02005,58,Female,Unemployed,35954.80638,43,2374.455408,11,988.6892228,27,749.8939554,8,19,5,867,3,10057.63321,3,0,0,9938.166626,0,Low Risk
CUST_02006,50,Male,Unemployed,42797.75748,89,493.348772,7,563.4418474,32,587.5710866,21,10,4,660,4,53.13048149,4,0,0,11208.48384,1,High Risk
CUST_02007,51,Other,Unemployed,59074.7425,178,250.4964511,8,619.4755764,12,644.8924805,37,0,8,422,3,9513.439153,5,0,0,6275.207191,1,High Risk
CUST_02008,60,Male,Employed,51462.05906,84,2119.779156,8,515.7445728,23,420.4070953,72,19,3,321,4,14245.76798,6,0,0,5941.871977,1,High Risk
CUST_02009,69,Other,Self-Employed,47335.61288,194,1590.88899,4,1424.760427,43,760.7176246,56,4,8,517,3,6010.137504,2,1,0,5451.363268,1,High Risk
CUST_02010,31,Other,Self-Employed,41302.88069,146,986.0648381,0,583.8797911,36,858.5005457,66,14,9,852,5,12553.57119,0,0,0,4824.978177,0,Low Risk
CUST_02011,27,Female,Unemployed,26456.7965,210,2651.026392,9,818.0432761,21,330.8770352,29,9,5,693,0,13623.4062,4,1,0,4000.403941,1,High Risk
CUST_02012,27,Male,Employed,60650.91908,230,1742.032387,4,729.3302399,12,438.0394422,25,11,8,856,4,20045.01996,0,0,0,7774.461563,0,Low Risk
CUST_02013,69,Female,Employed,60248.73482,153,10.0,0,877.4959716,39,354.9311549,71,13,2,560,1,6442.804844,5,0,0,6574.493025,1,High Risk
CUST_02014,47,Male,Unemployed,38896.72536,216,685.9313751,8,584.8420686,11,478.6177618,53,18,0,823,4,13469.35301,0,0,0,7798.555219,0,Low Risk
CUST_02015,39,Other,Unemployed,30179.20746,169,2333.870188,9,729.7139679,40,685.213228,31,9,5,532,5,5448.90569,7,0,0,9848.141952,1,High Risk
CUST_02016,66,Other,Unemployed,78009.87988,35,1528.639934,7,937.8832031,48,455.3079038,21,11,3,587,0,0.0,7,0,0,9329.868614,1,High Risk
CUST_02017,26,Male,Self-Employed,54441.14812,26,924.2131736,6,497.9475017,45,63.28275368,7,17,9,797,3,9141.094376,1,0,0,13833.7387,0,Low Risk
CUST_02018,30,Male,Unemployed,57145.42924,63,1861.988178,1,1181.262475,6,742.4334552,65,18,3,675,0,8718.525403,5,0,0,8190.828836,1,High Risk
CUST_02019,39,Female,Self-Employed,57922.66149,57,1013.838465,1,1214.918182,35,308.9436342,13,3,3,386,2,14060.5702,0,0,0,6917.359558,1,High Risk
CUST_02020,35,Male,Employed,28355.29343,191,502.3215733,3,1012.272419,28,601.4809078,4,18,0,469,0,18966.63707,4,0,0,8348.67536,1,High Risk
CUST_02021,23,Male,Employed,76986.97851,86,2313.368978,8,824.4567343,28,625.8754091,12,13,4,528,0,12644.5854,4,0,0,10909.48702,1,High Risk
CUST_02022,25,Male,Self-Employed,42737.03721,227,2434.024972,8,20.0,25,393.0835511,76,7,8,893,0,8105.436633,2,0,0,17161.87141,0,Low Risk
CUST_02023,41,Female,Self-Employed,64796.75607,225,1884.908043,7,948.5018964,26,271.1236203,23,3,2,510,1,7066.190318,2,0,0,9503.404802,1,High Risk
CUST_02024,45,Male,Self-Employed,76251.78866,170,272.3177337,10,663.0343582,23,380.4429571,34,15,1,792,1,18992.7395,7,0,0,8824.492682,1,High Risk
CUST_02025,22,Other,Self-Employed,51464.76858,188,2980.140511,4,713.803956,30,899.1476751,77,11,1,839,0,16121.75255,6,0,0,12722.22808,1,High Risk
CUST_02026,60,Female,Unemployed,28733.38864,121,2952.830293,6,135.9179343,6,262.8180732,67,17,9,321,2,6700.028532,0,0,0,5893.225473,1,High Risk
CUST_02027,61,Female,Employed,10000.0,74,2518.436787,11,972.7559701,16,224.734866,25,11,6,601,2,3803.720141,5,0,0,7574.186193,1,High Risk
CUST_02028,33,Other,Unemployed,49308.51543,76,1743.001848,8,292.9966336,48,547.6826792,73,17,5,331,4,6690.628866,5,0,0,9374.95723,1,High Risk
CUST_02029,30,Other,Self-Employed,54502.60006,131,1572.859507,2,841.4485911,32,446.7396281,37,3,1,610,0,17933.51108,3,0,0,4404.226324,0,Low Risk
CUST_02030,37,Other,Unemployed,39546.04759,87,1849.828392,3,1116.630119,33,397.5240099,33,15,0,644,4,6335.714941,6,0,0,1894.34315,1,High Risk
CUST_02031,31,Male,Unemployed,52442.33816,155,586.7229545,1,635.7351365,17,274.3174604,33,17,6,436,3,14760.16757,5,0,0,10782.66066,1,High Risk
CUST_02032,42,Other,Employed,57746.20709,98,1064.010995,8,1225.618104,40,494.7905101,18,18,5,783,2,22157.20059,6,0,0,3594.822049,1,High Risk
CUST_02033,31,Male,Unemployed,67890.70023,55,1030.995918,6,538.5533676,4,459.6427215,2,15,4,811,3,7225.509989,5,0,0,12376.96207,1,High Risk
CUST_02034,32,Female,Employed,45885.82296,191,1985.735175,5,1010.151577,0,834.2187958,35,2,4,876,3,9738.33857,4,0,0,6338.771784,1,High Risk
CUST_02035,44,Female,Self-Employed,49183.84988,176,1697.652844,4,343.324987,6,278.5123952,3,16,9,890,0,11811.3782,0,0,0,7261.330442,0,Low Risk
CUST_02036,64,Other,Unemployed,46785.19407,112,733.3702376,11,1160.895652,33,378.3944605,25,2,2,727,2,2368.286386,5,0,0,500.0,1,High Risk
CUST_02037,38,Male,Self-Employed,50604.7034,204,225.9204851,6,1106.596634,2,821.0809286,74,12,4,615,4,7739.877503,2,0,0,9888.837659,0,Low Risk
CUST_02038,65,Other,Employed,40762.68114,62,1784.497484,2,963.925273,35,370.6269828,2,5,5,362,3,13067.96011,4,0,0,10232.58124,1,High Risk
CUST_02039,55,Other,Self-Employed,40676.62308,53,649.428121,4,662.3505522,34,319.5703878,48,18,6,887,0,6165.407936,1,0,0,10361.97279,0,Low Risk
CUST_02040,64,Male,Self-Employed,41809.58889,123,495.8142372,1,309.2997818,11,611.679745,8,8,6,581,1,24824.58561,6,1,0,11581.02251,1,High Risk
CUST_02041,27,Other,Employed,52812.79235,75,3177.180964,4,663.2758897,14,539.615393,45,18,9,334,2,9045.101354,5,0,0,500.0,1,High Risk
CUST_02042,48,Female,Self-Employed,34748.3475,214,3347.746925,6,1188.607512,3,422.6937942,65,10,9,889,1,10934.74971,2,1,0,2338.931432,1,High Risk
CUST_02043,51,Other,Self-Employed,41882.1092,178,1140.766447,10,845.486655,32,518.8938633,13,2,7,674,5,8554.658754,5,0,0,2046.257989,1,High Risk
CUST_02044,63,Male,Self-Employed,82554.61941,214,41.26445796,9,256.4370747,15,618.6104872,2,14,4,562,4,10541.61611,1,1,0,6191.490699,1,High Risk
CUST_02045,37,Male,Unemployed,66135.18813,170,2468.686488,10,406.3453262,28,540.194906,1,15,3,352,4,7665.629958,4,0,0,4040.465533,1,High Risk
CUST_02046,25,Female,Self-Employed,32772.54061,9,1768.881282,6,1238.60299,5,644.2455766,32,2,6,815,4,0.0,3,0,0,9534.48141,0,Low Risk
CUST_02047,37,Male,Employed,65564.11275,77,2116.013635,8,970.7694632,48,452.9693423,9,4,1,813,2,9838.277832,6,0,0,7906.315719,1,High Risk
CUST_02048,38,Male,Unemployed,61293.05733,215,992.1972069,2,368.0999577,36,242.5598635,52,6,7,590,3,22841.48125,0,0,0,9967.872859,0,Low Risk
CUST_02049,41,Female,Unemployed,48129.44879,232,669.3616065,7,181.9589763,22,641.6164282,43,8,3,784,0,21772.45319,0,0,0,10270.01256,0,Low Risk
CUST_02050,56,Other,Employed,37256.48695,21,1308.455807,4,581.2352529,12,432.2458968,37,0,9,733,5,5671.331068,3,0,0,500.0,0,Low Risk
CUST_02051,51,Female,Self-Employed,35212.74598,145,1639.430891,6,152.0244522,43,425.7585046,20,18,0,414,3,2423.1721,0,0,0,11859.20781,1,High Risk
CUST_02052,60,Other,Unemployed,54029.12311,72,914.8407459,0,745.4579285,0,686.5043344,34,13,1,414,2,0.0,5,0,0,6220.332729,1,High Risk
CUST_02053,22,Female,Unemployed,34767.79408,191,2537.320076,0,1658.06888,11,915.0548793,66,14,0,423,5,6162.267337,7,0,0,12163.62345,1,High Risk
CUST_02054,47,Other,Unemployed,69749.98393,58,110.0738075,3,241.0653735,26,79.94184807,21,2,4,594,1,8665.610034,5,0,0,1200.624894,1,High Risk
CUST_02055,29,Female,Self-Employed,74854.51859,140,1827.406683,4,734.8910179,24,421.0874349,19,3,0,860,0,14413.8173,0,0,0,10598.40122,0,Low Risk
CUST_02056,54,Other,Unemployed,49229.51904,176,1601.010185,9,1259.174301,21,480.7979693,67,16,8,686,4,9509.140763,6,1,0,8363.386362,1,High Risk
CUST_02057,48,Female,Employed,70498.05461,82,2475.056682,2,1062.18075,33,527.3169902,7,13,3,572,1,17270.10584,1,0,0,14911.35178,1,High Risk
CUST_02058,34,Other,Self-Employed,42592.11893,111,732.5811819,5,747.9407498,17,454.4605412,50,6,9,681,5,15560.35212,0,0,0,8725.615006,0,Low Risk
CUST_02059,52,Female,Employed,37141.6679,205,2064.663215,2,748.7779654,40,477.8592283,25,7,2,521,3,14077.72223,7,0,0,12161.67969,1,High Risk
CUST_02060,26,Male,Employed,69804.95324,187,1881.684663,4,395.4315762,15,591.7419158,50,15,8,441,0,11271.49982,1,0,0,500.0,1,High Risk
CUST_02061,31,Other,Unemployed,78437.6052,37,1695.311817,10,706.3204805,28,451.2598716,64,15,3,520,4,17925.4703,0,0,0,8059.20802,1,High Risk
CUST_02062,68,Female,Unemployed,85336.84377,74,790.7466132,0,885.20425,29,366.8287052,25,13,0,498,0,15806.15712,5,0,0,4468.766852,1,High Risk
CUST_02063,49,Other,Unemployed,55987.79129,94,881.5086905,2,1186.78974,29,359.4697315,46,16,1,382,3,3240.517523,0,0,0,6408.406526,1,High Risk
CUST_02064,40,Other,Employed,65517.98711,5,1262.950395,6,582.9385318,19,832.049019,42,4,3,512,2,15170.58715,7,0,0,7593.816259,1,High Risk
CUST_02065,50,Female,Self-Employed,55591.11011,68,1097.872815,2,733.5577052,46,995.827718,8,8,0,802,3,8551.845822,2,0,0,4499.180078,0,Low Risk
CUST_02066,43,Other,Unemployed,75260.81582,183,2508.090037,4,467.7752817,21,415.4504052,34,2,5,606,2,17514.19812,6,0,0,10773.15615,1,High Risk
CUST_02067,39,Female,Unemployed,57799.1144,208,1608.446215,6,878.8638128,41,420.7556001,18,4,6,677,4,15941.94148,6,0,0,12047.41562,1,High Risk
CUST_02068,56,Male,Employed,64491.5082,54,2135.808047,1,1074.322808,33,597.9851393,47,19,0,572,3,22314.52064,7,0,0,3631.095266,1,High Risk
CUST_02069,23,Other,Self-Employed,29562.46781,95,339.066555,2,1020.376805,3,533.3719287,79,17,5,360,3,12.58598199,6,0,0,9059.714628,1,High Risk
CUST_02070,47,Male,Employed,45839.07004,183,26.42283468,3,390.4345236,49,463.1573907,27,9,2,646,3,13842.81201,3,0,0,500.0,0,Low Risk
CUST_02071,63,Other,Unemployed,64645.45068,184,1357.749772,4,851.4021233,30,187.4949696,2,0,6,330,3,8098.496007,2,0,0,12298.13508,1,High Risk
CUST_02072,39,Other,Employed,63031.50939,49,477.4061579,11,562.9406151,49,296.1421591,17,16,1,826,2,24781.4165,0,1,0,8339.413773,1,High Risk
CUST_02073,43,Other,Unemployed,66180.25778,5,1531.903413,8,1153.867505,13,672.9677881,12,7,1,659,2,0.0,7,0,0,7559.075685,1,High Risk
CUST_02074,69,Female,Self-Employed,52171.78365,195,825.5159194,8,743.540547,7,430.2691883,26,19,3,851,1,14623.02558,1,0,0,15375.30683,0,Low Risk
CUST_02075,68,Male,Employed,38263.60394,145,1744.948506,3,268.1703316,36,991.5766914,39,16,7,620,4,15342.26489,7,0,0,9401.522794,1,High Risk
CUST_02076,51,Other,Unemployed,48938.9624,86,873.7298167,8,723.069053,4,980.8550589,38,17,2,575,4,0.0,0,0,0,20399.08958,1,High Risk
CUST_02077,60,Female,Unemployed,50846.61855,216,1948.842403,3,960.4653992,7,270.6078553,57,4,7,717,2,15115.43939,6,0,0,3087.585655,1,High Risk
CUST_02078,55,Other,Unemployed,54351.33455,36,795.2001493,1,885.4021221,10,830.4262584,56,6,6,539,1,0.0,4,0,0,3561.426817,1,High Risk
CUST_02079,53,Female,Unemployed,32578.42232,52,10.0,9,620.8713952,28,466.643229,23,4,4,449,1,7655.560823,4,0,0,11724.51782,1,High Risk
CUST_02080,55,Other,Employed,45214.40146,35,2182.162411,0,595.1543135,20,536.2655273,21,9,3,361,3,14453.63962,4,0,1,6834.73712,1,High Risk
CUST_02081,21,Male,Unemployed,48403.98303,75,885.017302,6,454.3734606,38,675.7068118,50,5,9,728,1,6135.969562,4,0,0,13115.67699,1,High Risk
CUST_02082,34,Male,Employed,10000.0,5,2598.002668,3,661.8376329,12,750.6401634,75,6,9,550,4,12459.59704,6,0,0,3494.978481,1,High Risk
CUST_02083,53,Other,Unemployed,64985.08606,4,986.7964668,11,500.5123617,48,319.7149085,75,2,1,310,0,11959.06213,0,0,0,13400.47149,1,High Risk
CUST_02084,55,Female,Employed,52952.28722,134,841.8728474,7,1139.530095,18,1047.34902,37,9,8,716,2,15209.07629,4,0,0,7707.542376,1,High Risk
CUST_02085,25,Other,Employed,54775.73967,18,1272.779352,7,484.6019132,2,569.8716608,60,5,3,849,3,5589.228316,3,0,0,8129.721904,0,Low Risk
CUST_02086,58,Female,Unemployed,40721.0664,184,1051.691476,11,842.7995618,33,5.84245431,48,1,4,876,1,17552.91888,0,0,0,2389.248755,0,Low Risk
CUST_02087,61,Other,Unemployed,60552.50676,35,1600.934508,7,819.0063662,37,434.5477335,22,1,1,490,2,0.0,2,0,0,13250.36503,1,High Risk
CUST_02088,31,Female,Unemployed,35025.33517,11,1822.073601,5,1130.983607,18,1028.871482,3,5,1,849,2,21113.95504,7,1,0,10071.87541,1,High Risk
CUST_02089,22,Male,Unemployed,37853.3436,59,1943.423714,8,1181.278901,31,352.1464918,75,17,1,756,2,10458.30495,7,1,0,10651.60975,1,High Risk
CUST_02090,64,Other,Self-Employed,61309.94082,42,1431.418394,3,1043.58948,46,1072.402037,36,9,9,568,4,11070.77548,0,0,0,1771.353835,1,High Risk
CUST_02091,37,Male,Unemployed,56428.91125,232,299.3908114,4,923.5249202,35,530.9700537,5,6,1,800,3,13849.61895,1,0,0,7034.143187,0,Low Risk
CUST_02092,59,Male,Unemployed,27003.19523,54,2878.751585,3,432.9738489,38,498.9770385,27,16,8,543,0,13145.36371,6,0,0,7785.026286,1,High Risk
CUST_02093,40,Other,Unemployed,78392.67566,212,1204.543134,4,425.8954693,13,237.7405523,7,3,4,579,3,11984.18787,6,0,0,2090.528799,1,High Risk
CUST_02094,34,Other,Employed,36347.04224,18,1162.813632,1,504.0082131,6,654.2382403,19,11,5,447,5,19483.87363,3,0,0,11172.95681,1,High Risk
CUST_02095,52,Female,Unemployed,47613.31602,138,1428.896669,4,1063.17235,19,418.1872752,15,7,3,854,1,2838.276963,0,0,0,12192.94844,0,Low Risk
CUST_02096,54,Female,Employed,81442.17296,89,1290.951148,9,825.6654749,31,495.0605086,12,8,1,408,5,6271.369454,2,0,0,1477.594385,1,High Risk
CUST_02097,45,Male,Employed,12923.93175,62,100.7577094,7,1104.030034,45,447.0726403,78,9,2,740,3,14601.04576,1,0,0,7857.983086,0,Low Risk
CUST_02098,27,Female,Employed,19287.30524,166,1959.972156,8,1150.980957,30,710.5582742,61,18,2,748,4,9799.835898,5,0,0,11935.29781,1,High Risk
CUST_02099,55,Female,Employed,57954.80637,5,843.6628122,6,545.9168349,21,448.8183311,76,8,9,398,0,19745.26397,1,0,0,15782.09811,1,High Risk
CUST_02100,67,Other,Self-Employed,10000.0,17,1240.94559,6,811.2260146,4,0.0,65,3,7,854,3,25431.72976,7,0,0,11702.76566,1,High Risk
CUST_02101,49,Female,Unemployed,13217.11696,104,2907.471628,5,795.4522125,30,288.2385358,52,15,7,403,1,12030.41115,7,0,0,3480.295252,1,High Risk
CUST_02102,42,Male,Employed,71152.84087,227,2255.590065,1,685.2743086,14,170.2616206,27,0,5,492,3,1676.195965,2,0,0,3864.665232,1,High Risk
CUST_02103,61,Female,Unemployed,42640.27937,212,2789.758654,9,612.8050009,43,870.6070843,17,9,9,345,4,6716.719071,6,0,0,9244.257646,1,High Risk
CUST_02104,63,Male,Employed,89529.61207,25,958.3898251,11,1214.664426,16,649.4000305,6,15,7,873,2,0.0,5,0,0,11200.14266,1,High Risk
CUST_02105,33,Other,Self-Employed,31374.144,237,2084.028811,10,818.1901044,36,511.9894673,20,4,2,497,4,15713.96063,2,0,0,7989.245177,1,High Risk
CUST_02106,33,Male,Employed,44267.32762,133,1822.610002,9,804.600676,18,451.1238641,40,2,6,404,4,6319.365065,2,0,0,5921.223399,1,High Risk
CUST_02107,21,Female,Unemployed,59731.35307,160,1456.301333,8,519.0278138,9,146.2422279,38,3,4,328,4,11044.4531,6,0,0,11615.20091,1,High Risk
CUST_02108,56,Other,Unemployed,58487.51272,175,899.5225102,4,1036.324351,43,443.5659527,72,9,8,468,0,10263.87108,2,0,0,12770.3357,1,High Risk
CUST_02109,24,Female,Self-Employed,45411.80692,19,2367.683489,5,448.2123747,33,738.1943725,9,1,8,826,5,18778.7925,6,0,0,6598.769142,1,High Risk
CUST_02110,57,Other,Unemployed,38327.7198,116,1088.709581,0,959.2169351,48,704.6626462,30,19,4,830,3,12335.88361,4,0,0,8003.613529,1,High Risk
CUST_02111,64,Other,Unemployed,54164.52184,188,1609.026381,4,968.780276,24,607.119661,41,5,5,756,1,10375.88168,3,0,1,10985.7844,1,High Risk
CUST_02112,60,Female,Employed,74783.94595,60,2230.490775,5,655.6197327,36,152.1426657,76,13,0,788,2,6479.079264,7,0,0,6274.575809,1,High Risk
CUST_02113,66,Female,Unemployed,63730.55641,226,718.6181792,9,911.1782284,27,316.8864022,68,4,3,742,2,15623.47236,2,0,0,12076.24134,0,Low Risk
CUST_02114,33,Other,Employed,38615.56851,112,629.0921553,10,864.9843457,14,593.0274297,58,18,0,636,5,5393.777949,4,0,0,5977.508104,1,High Risk
CUST_02115,58,Other,Self-Employed,32148.09237,187,3512.88435,1,786.2237813,19,212.9942109,37,19,3,698,0,4475.925983,0,0,0,12483.01642,0,Low Risk
CUST_02116,44,Female,Unemployed,37529.79822,137,811.9510017,6,804.5303931,12,680.4451709,42,14,0,485,1,8438.340518,1,0,1,4930.30015,1,High Risk
CUST_02117,39,Male,Employed,27072.62806,169,2793.388293,3,821.6236381,19,167.1240574,1,16,9,864,5,24505.91212,6,0,0,18543.93086,1,High Risk
CUST_02118,21,Female,Unemployed,52653.37068,80,1457.597325,4,845.4690854,42,224.3234128,5,11,3,597,2,11405.15501,6,0,0,7755.152199,1,High Risk
CUST_02119,58,Other,Employed,64648.15122,188,1159.299701,2,821.084711,30,168.844038,76,12,5,830,1,11692.89653,0,0,0,10898.94609,0,Low Risk
CUST_02120,25,Female,Self-Employed,48715.88003,186,1238.681473,4,413.6475334,17,376.4305726,28,19,8,754,1,13910.29927,0,0,0,13827.06593,0,Low Risk
CUST_02121,36,Male,Employed,80955.80227,145,1450.226478,11,746.7261671,40,119.7582702,77,15,1,772,3,13396.72665,5,0,0,7669.253503,1,High Risk
CUST_02122,44,Female,Unemployed,81957.46235,46,2570.330474,3,892.7320104,47,378.4445137,29,14,1,376,0,10694.04297,7,0,0,9562.979654,1,High Risk
CUST_02123,47,Other,Employed,55539.23484,14,2104.88059,11,834.051055,27,272.2048178,39,10,5,544,4,6191.104451,4,0,0,8572.478153,1,High Risk
CUST_02124,21,Female,Unemployed,62634.87933,10,1330.708631,9,1133.812591,46,328.8106449,36,4,9,723,4,9363.74268,4,0,0,17707.13266,1,High Risk
CUST_02125,54,Other,Self-Employed,33791.7564,82,10.0,5,1017.030306,3,667.2759779,6,17,5,435,5,10759.86556,2,0,0,15715.18261,1,High Risk
CUST_02126,56,Other,Employed,43505.48311,43,1516.494388,1,495.3566627,23,497.3552033,49,12,2,436,2,3507.481414,2,0,0,5024.44774,1,High Risk
CUST_02127,24,Female,Unemployed,72900.8668,164,1606.268754,2,741.6805122,43,667.0650915,17,10,1,504,2,10705.49645,4,0,0,3510.096131,1,High Risk
CUST_02128,20,Other,Unemployed,39573.09289,48,2506.813494,11,691.0321713,44,1054.898524,7,9,2,855,0,13172.41728,3,1,0,10598.40147,1,High Risk
CUST_02129,59,Other,Unemployed,76772.83653,218,323.8990057,9,798.4780297,8,78.00253848,70,14,3,359,3,8785.139293,5,0,0,8741.236133,1,High Risk
CUST_02130,31,Male,Employed,70026.15384,31,1105.189097,0,798.9565101,46,363.7549266,54,6,3,548,2,19431.12554,5,0,0,15412.72152,1,High Risk
CUST_02131,55,Male,Employed,63529.2313,18,1079.944542,6,1014.032584,49,242.6936192,47,11,6,714,5,13650.75622,7,0,0,10017.18286,1,High Risk
CUST_02132,64,Male,Employed,28891.49199,135,1455.296996,8,862.0649271,31,326.1505162,73,17,3,696,5,7429.754582,2,0,0,8227.65967,0,Low Risk
CUST_02133,42,Male,Self-Employed,44384.24329,7,1572.835177,1,1230.690752,31,594.1475692,57,5,9,344,5,9518.730536,7,0,0,3914.538856,1,High Risk
CUST_02134,66,Other,Unemployed,61595.7591,32,1850.727508,6,884.3510982,38,942.4813977,15,8,5,301,5,19370.13948,5,0,0,5976.234424,1,High Risk
CUST_02135,50,Female,Unemployed,32256.53466,119,10.0,2,509.2933179,20,661.1010981,24,15,5,461,5,8302.085881,0,0,0,5020.604375,1,High Risk
CUST_02136,30,Other,Self-Employed,46578.60955,180,1638.382251,4,636.4517829,43,621.303208,28,7,9,496,2,7186.249443,2,0,0,6476.832032,1,High Risk
CUST_02137,29,Other,Self-Employed,63538.35708,7,1696.520102,5,1011.326175,41,760.1189498,7,11,2,858,1,6925.687201,2,0,0,6478.621571,0,Low Risk
CUST_02138,22,Other,Employed,39772.8999,237,1560.120981,7,235.0411074,38,872.9745155,54,18,8,525,0,12446.07502,3,0,0,6410.403073,1,High Risk
CUST_02139,33,Female,Employed,34763.81916,143,1357.907034,3,328.9418548,45,949.2118359,51,15,9,301,4,13318.90174,4,0,0,8216.90238,1,High Risk
CUST_02140,35,Male,Employed,17586.05974,229,10.0,1,803.7440225,26,621.7641412,76,3,4,511,0,16076.86359,7,0,0,10665.40631,1,High Risk
CUST_02141,29,Other,Employed,43040.58444,51,1954.515658,2,1132.822741,46,259.4307563,25,19,9,592,5,7638.266272,3,0,0,12531.17648,0,Low Risk
CUST_02142,48,Other,Employed,63917.26723,91,721.4359154,7,1257.462401,35,415.136821,24,15,8,379,4,21108.45663,6,0,0,11611.1561,1,High Risk
CUST_02143,29,Male,Employed,34287.73384,52,1990.968394,6,724.0129885,7,0.0,72,6,9,418,1,15063.33226,2,0,0,1669.149684,1,High Risk
CUST_02144,31,Other,Self-Employed,50321.69792,16,2500.115853,5,1171.29004,18,691.5802234,25,12,5,897,3,9501.008214,3,0,0,2544.675152,0,Low Risk
CUST_02145,49,Female,Self-Employed,45964.23311,110,159.1174769,4,825.2937684,28,287.0918176,75,11,5,867,4,16961.62728,5,0,0,6473.646522,1,High Risk
CUST_02146,60,Other,Self-Employed,38000.77599,48,1966.607409,10,264.0047562,18,320.8593545,46,0,8,874,1,23421.568,2,0,0,3038.842078,0,Low Risk
CUST_02147,20,Other,Unemployed,65078.70079,220,511.5439894,4,797.1732122,4,588.403964,0,10,9,307,3,14916.50698,3,0,0,10009.98527,1,High Risk
CUST_02148,24,Male,Unemployed,79560.90106,84,1466.082073,0,583.3821564,21,13.02427619,63,16,4,534,1,22555.55549,1,0,0,7922.420061,1,High Risk
CUST_02149,39,Other,Employed,68078.08299,128,1399.243867,5,1121.380808,34,757.9674684,11,5,2,726,3,5945.525338,7,0,0,8596.608983,1,High Risk
CUST_02150,27,Other,Self-Employed,37473.14476,86,2105.134441,8,791.0136589,9,638.8474279,23,1,2,578,2,429.6778549,1,1,0,13840.76306,1,High Risk
CUST_02151,62,Female,Unemployed,85862.58195,36,1986.336921,7,352.7304127,14,391.7193436,29,2,1,659,5,15197.11563,7,1,0,6498.868191,1,High Risk
CUST_02152,31,Male,Unemployed,68025.25238,73,1709.693031,11,275.0998162,1,487.7181983,13,1,1,479,3,18815.19281,2,0,0,3003.224661,1,High Risk
CUST_02153,20,Male,Self-Employed,41767.57276,177,185.3137433,9,792.6570149,41,332.2768389,22,17,5,511,4,4039.159934,3,0,0,7148.480116,1,High Risk
CUST_02154,39,Female,Unemployed,36044.12512,62,10.0,0,20.0,21,1151.102508,1,12,7,848,3,19455.66056,2,0,0,500.0,0,Low Risk
CUST_02155,47,Other,Unemployed,70178.70675,76,2229.825852,10,618.6421486,47,270.7622072,2,18,7,517,0,9379.175172,3,0,0,7340.095326,1,High Risk
CUST_02156,62,Male,Self-Employed,53127.84564,209,2097.174635,5,880.860614,34,580.7073237,5,6,7,750,3,15657.18005,4,0,0,500.0,1,High Risk
CUST_02157,56,Male,Unemployed,34686.23272,83,702.0157246,2,430.0442236,38,434.25029,20,15,9,445,1,13585.8912,3,1,0,8190.701183,1,High Risk
CUST_02158,66,Other,Self-Employed,47334.03837,141,1777.876578,5,1147.895505,18,513.4826628,19,15,6,358,4,14788.80389,3,0,0,13068.31555,1,High Risk
CUST_02159,56,Other,Unemployed,42670.45728,100,1332.582531,8,1216.852292,46,628.1489682,20,9,1,702,5,15401.82675,6,0,0,10468.66927,1,High Risk
CUST_02160,31,Male,Self-Employed,35166.93586,93,2369.193342,5,444.1546665,11,637.8857009,39,6,9,790,2,11481.68748,2,0,0,9453.624671,0,Low Risk
CUST_02161,56,Other,Unemployed,68262.55256,215,1566.867965,7,695.684539,33,410.7630929,67,19,1,332,5,9410.768238,3,1,0,10328.14301,1,High Risk
CUST_02162,68,Male,Unemployed,64071.03539,97,2220.312187,5,1148.142603,44,209.4667453,24,15,9,833,2,14066.07622,2,0,0,4727.132693,0,Low Risk
CUST_02163,68,Other,Self-Employed,65093.7466,180,1009.14751,5,799.542363,19,316.9769142,70,9,6,710,1,10341.18036,2,0,0,500.0,0,Low Risk
CUST_02164,63,Other,Unemployed,64844.06708,134,1728.018815,6,311.9324977,6,384.8446233,70,13,3,733,2,7840.283949,0,0,0,2522.591997,0,Low Risk
CUST_02165,47,Female,Self-Employed,33511.3926,171,1169.857742,10,749.837626,23,350.8185988,32,8,5,670,4,13908.59949,6,0,0,10771.54285,1,High Risk
CUST_02166,66,Other,Self-Employed,39133.62911,189,1005.233979,9,501.4750872,2,239.5548596,50,3,8,883,1,8415.337772,2,0,0,12449.92244,0,Low Risk
CUST_02167,34,Female,Unemployed,76255.83541,62,10.0,10,1187.869264,5,612.0210096,71,11,4,480,4,10831.42747,3,0,0,13993.92696,1,High Risk
CUST_02168,25,Other,Employed,51944.2182,115,2238.784285,3,1012.076233,32,161.0675645,78,16,9,349,2,8813.636329,7,0,0,2195.806111,1,High Risk
CUST_02169,63,Male,Unemployed,23531.52751,83,2899.754891,7,690.1850692,33,487.1475415,19,7,3,621,5,21362.11539,6,0,0,13449.48009,1,High Risk
CUST_02170,39,Male,Employed,53904.9979,192,389.6040477,3,849.7518044,32,91.96656566,18,3,2,798,2,12633.08149,7,0,0,2278.289343,1,High Risk
CUST_02171,69,Other,Employed,61786.24271,86,2054.876327,6,342.1574481,28,772.762243,70,7,6,382,0,2494.118141,1,0,0,9922.58563,1,High Risk
CUST_02172,33,Other,Unemployed,59432.74587,27,2021.535276,0,536.1778895,22,346.3025652,55,8,6,835,1,19476.69059,4,0,0,10617.78905,1,High Risk
CUST_02173,21,Male,Employed,33118.34714,234,1088.321166,11,1343.647716,3,318.0988091,55,11,6,368,3,1122.793485,3,0,0,4974.869381,1,High Risk
CUST_02174,28,Other,Self-Employed,83960.98807,217,910.0119119,8,818.7301284,4,276.1008691,0,15,4,307,1,24834.13832,5,0,0,11643.64355,1,High Risk
CUST_02175,56,Female,Self-Employed,22989.29743,209,2444.40366,9,1125.530032,33,926.3005879,38,7,9,398,4,12237.16236,6,0,0,500.0,1,High Risk
CUST_02176,39,Female,Employed,51996.13574,35,2360.08866,8,881.2045809,15,831.8641484,36,14,7,507,2,8255.161292,6,0,0,3531.717515,1,High Risk
CUST_02177,45,Female,Self-Employed,81257.95135,21,1861.191931,6,1259.998645,39,513.5899974,17,16,1,491,5,9818.749222,3,0,0,4494.022008,1,High Risk
CUST_02178,48,Female,Unemployed,60649.82751,59,1084.024407,7,100.4068636,46,374.5097935,71,12,3,671,0,2445.336948,3,0,0,10974.992,0,Low Risk
CUST_02179,20,Female,Self-Employed,65051.95224,17,2371.56433,1,734.1238456,42,1018.906952,78,13,0,325,5,11378.50433,0,0,0,10830.2337,1,High Risk
CUST_02180,54,Other,Employed,31043.04531,43,830.7320049,9,1375.673576,41,624.4208133,5,14,5,806,1,9325.281503,1,0,0,8992.037209,0,Low Risk
CUST_02181,25,Other,Unemployed,56246.83624,199,2636.509702,11,1134.660702,2,436.1891565,21,8,5,447,5,11624.96958,3,0,0,8941.209966,1,High Risk
CUST_02182,56,Female,Self-Employed,49341.15207,210,2805.765778,9,1263.880291,42,359.7373017,10,11,2,677,4,17398.50522,5,0,0,13750.53548,1,High Risk
CUST_02183,24,Other,Unemployed,29659.20496,62,2445.184052,6,797.6323922,48,704.4489916,71,18,0,815,0,13820.8757,2,0,0,6350.587366,0,Low Risk
CUST_02184,52,Other,Employed,65571.28681,111,1774.246538,0,612.0127546,41,444.8578041,8,8,4,364,0,5062.940126,1,0,0,6005.006758,1,High Risk
CUST_02185,68,Female,Self-Employed,35249.2387,98,10.0,2,440.4924391,48,165.2756274,12,12,0,896,0,6058.370958,1,0,0,7313.134739,0,Low Risk
CUST_02186,33,Other,Unemployed,37383.35662,24,1352.175387,5,416.0751679,13,542.9736652,2,17,2,578,2,13507.49632,3,0,0,3553.071613,1,High Risk
CUST_02187,31,Other,Unemployed,57786.4278,173,2911.904026,4,1082.471197,32,559.6860239,66,3,7,665,4,14941.80228,6,0,0,10796.86688,1,High Risk
CUST_02188,61,Other,Self-Employed,47421.58198,162,2249.645174,4,979.6238676,27,511.0860772,6,19,9,798,0,11567.21187,2,1,0,2460.090219,1,High Risk
CUST_02189,39,Female,Unemployed,53047.18443,143,1848.251232,8,776.6992927,40,626.29533,66,0,8,468,5,15332.44164,1,0,0,7200.190652,1,High Risk
CUST_02190,69,Other,Unemployed,46319.00614,168,955.3240349,5,977.8667292,14,419.1261789,74,19,2,761,5,12857.46203,6,0,0,12095.28279,1,High Risk
CUST_02191,43,Male,Employed,75435.09518,28,2319.524719,2,849.8581157,3,501.7537563,45,2,8,719,5,13026.74966,4,1,0,6845.859878,1,High Risk
CUST_02192,62,Male,Employed,33349.44835,211,241.6259321,1,1136.776195,19,497.5061357,57,10,6,837,2,17038.46682,2,1,0,3290.2624,1,High Risk
CUST_02193,53,Female,Employed,41633.44196,135,1363.331245,8,1133.440364,24,165.2855804,27,1,7,339,2,23533.20236,1,0,0,9514.567444,1,High Risk
CUST_02194,44,Male,Employed,58661.08804,127,2891.903644,9,426.9440648,34,675.6950642,30,5,5,807,2,13793.47485,1,0,0,11269.47627,0,Low Risk
CUST_02195,69,Female,Employed,32217.47899,179,856.5037882,3,895.7760956,38,637.5524756,51,2,4,662,1,30497.70686,2,0,0,10119.5474,0,Low Risk
CUST_02196,48,Male,Employed,31419.97912,99,1987.351465,10,215.8966374,21,747.3061523,8,9,9,786,5,12866.50139,0,0,0,10318.11092,0,Low Risk
CUST_02197,58,Male,Self-Employed,52479.39009,221,94.30078387,4,846.5572583,34,247.7159794,75,8,7,383,2,12769.47134,2,0,0,4831.832397,1,High Risk
CUST_02198,50,Male,Employed,65612.36082,135,978.2379975,8,1011.506498,46,394.3367025,7,13,1,537,4,23720.9036,4,0,0,17862.53469,1,High Risk
CUST_02199,66,Female,Unemployed,67961.80068,231,1643.570255,4,340.1982293,27,777.2741852,17,15,6,643,3,11010.14867,7,0,0,12646.84852,1,High Risk
CUST_02200,62,Female,Self-Employed,51651.31777,73,1782.896028,6,654.2380426,9,355.9594222,48,17,0,757,1,1134.24094,0,0,0,4970.802922,0,Low Risk
CUST_02201,69,Other,Unemployed,37901.61215,178,3153.955907,1,803.334232,15,949.1149594,10,3,6,808,0,5433.309716,3,0,0,9004.57191,0,Low Risk
CUST_02202,42,Female,Employed,54961.93756,20,1096.759342,1,881.8702207,48,110.1444582,1,17,5,637,2,17430.31847,0,0,0,8995.795497,0,Low Risk
CUST_02203,63,Male,Employed,60190.48956,97,1975.549074,3,702.4887039,22,358.6738081,28,1,3,481,5,14928.92275,4,0,0,8727.957846,1,High Risk
CUST_02204,57,Male,Unemployed,54713.49187,136,1953.106118,7,389.6991467,18,383.7841732,54,9,2,306,1,6427.165865,4,0,0,9957.41362,1,High Risk
CUST_02205,39,Female,Unemployed,72215.05746,68,1028.920544,1,781.0974793,0,690.9340306,52,11,8,707,1,252.1566377,7,0,0,8000.397801,1,High Risk
CUST_02206,42,Female,Unemployed,31745.09723,129,2264.7575,9,221.7147516,0,916.3466379,25,6,5,598,4,9716.970605,4,0,0,10674.25199,1,High Risk
CUST_02207,64,Female,Self-Employed,37454.43168,207,2034.537831,6,718.5754972,45,575.9768487,50,15,5,561,0,19188.7361,1,0,0,11936.38798,1,High Risk
CUST_02208,35,Other,Employed,69716.2855,44,1281.219738,0,645.5192352,25,0.0,77,16,0,698,3,11319.0285,0,0,0,9808.80948,0,Low Risk
CUST_02209,69,Male,Unemployed,23485.64305,119,1655.761946,8,753.0070143,33,479.7457162,5,13,4,890,3,9864.584763,4,0,0,5218.230212,1,High Risk
CUST_02210,61,Other,Employed,40291.05691,182,732.3422501,9,604.2373079,1,530.7831673,11,17,6,851,5,5403.925761,5,0,0,13280.75769,1,High Risk
CUST_02211,27,Other,Unemployed,36832.27469,13,791.530183,5,272.3117066,27,598.2786015,33,0,3,774,1,10056.30912,0,1,0,7774.973678,1,High Risk
CUST_02212,69,Male,Employed,21844.31178,28,1482.754373,10,671.7798378,19,480.3577981,69,1,1,488,1,15195.44595,5,0,0,8924.304497,1,High Risk
CUST_02213,40,Male,Self-Employed,46631.32152,151,2097.97937,0,1125.787044,41,826.5936825,63,13,8,576,0,10853.43651,0,0,0,6132.794178,1,High Risk
CUST_02214,20,Female,Employed,63433.28948,196,1233.192137,9,1241.511281,46,277.9305825,36,5,5,809,5,10985.49295,7,0,0,13835.13234,1,High Risk
CUST_02215,27,Female,Unemployed,52813.90248,170,1006.834033,5,1653.766998,26,242.3099524,36,14,8,395,1,18726.34997,3,0,0,5401.042149,1,High Risk
CUST_02216,48,Other,Employed,64392.86814,58,1315.422767,4,1392.077643,27,346.9081606,7,3,7,331,2,7324.708795,5,0,0,7512.491384,1,High Risk
CUST_02217,51,Female,Self-Employed,71455.20742,120,2162.893519,11,381.0717257,30,1150.467535,36,8,0,567,3,14818.5976,3,0,0,19313.80943,1,High Risk
CUST_02218,57,Female,Self-Employed,43058.6283,181,418.5318952,4,657.0468396,46,455.0362522,45,14,1,692,5,11056.62794,6,0,0,500.0,1,High Risk
CUST_02219,24,Male,Employed,97643.22841,150,2189.079218,4,792.0250278,6,787.2015848,30,4,1,831,2,21838.82553,3,0,0,4151.393584,0,Low Risk
CUST_02220,66,Male,Unemployed,43782.52237,211,1909.580136,3,770.054058,7,782.4989909,10,5,1,698,4,17192.93785,7,0,0,12890.66881,1,High Risk
CUST_02221,41,Female,Self-Employed,46174.44153,210,414.7398303,6,824.3366655,31,70.28104915,35,10,3,537,1,20024.97412,5,0,0,8529.024333,1,High Risk
CUST_02222,66,Male,Self-Employed,37262.83034,59,1311.78306,8,1642.656998,10,485.8656186,67,12,6,832,0,15689.60414,6,0,0,10603.74332,1,High Risk
CUST_02223,53,Female,Employed,59817.01066,236,2008.857332,3,421.281959,47,780.0546245,16,11,6,649,4,9054.02558,1,0,0,2074.061024,0,Low Risk
CUST_02224,20,Male,Self-Employed,44770.93846,7,10.0,1,550.2641023,25,1215.429091,15,6,0,650,4,20496.73113,6,1,0,7150.740715,1,High Risk
CUST_02225,45,Male,Self-Employed,48579.94001,16,671.7425186,1,1375.339076,24,769.589499,29,19,7,310,0,14157.88511,6,0,0,7462.994534,1,High Risk
CUST_02226,62,Male,Unemployed,46306.16589,26,281.6702892,1,584.4065299,6,414.3923802,38,11,3,363,4,13349.8109,1,0,0,8063.753576,1,High Risk
CUST_02227,29,Male,Unemployed,45897.71815,70,1037.615238,6,937.7532276,19,865.0596698,43,9,7,421,2,7248.894291,3,0,0,8388.01056,1,High Risk
CUST_02228,49,Female,Unemployed,52849.14853,182,2330.185519,3,1162.130079,40,392.2047461,68,2,9,486,4,16440.61016,4,0,0,500.0,1,High Risk
CUST_02229,69,Other,Employed,41895.97605,50,2138.611596,3,970.2746559,29,217.1303285,36,1,8,691,0,9439.252423,2,0,0,7379.373632,0,Low Risk
CUST_02230,37,Male,Self-Employed,42740.67953,218,1095.674075,0,867.1179716,0,674.957593,25,19,6,499,3,8828.672284,5,0,0,14731.53219,1,High Risk
CUST_02231,36,Female,Employed,69311.32683,177,2323.152766,3,1128.513769,17,136.9665944,20,0,2,354,1,13791.52348,7,0,0,6766.470802,1,High Risk
CUST_02232,45,Female,Self-Employed,44716.59565,62,2030.721175,5,487.4260052,7,351.1348835,18,5,2,681,0,8288.169652,6,0,0,3846.189185,1,High Risk
CUST_02233,27,Male,Self-Employed,56903.94327,203,2520.103358,1,626.2729047,28,871.6850796,10,12,4,594,2,7442.131067,1,0,0,5322.686987,0,Low Risk
CUST_02234,66,Other,Self-Employed,33989.14867,5,1429.163277,3,987.473156,39,678.0836559,18,9,6,354,2,6378.804782,2,0,0,13365.1012,1,High Risk
CUST_02235,59,Male,Unemployed,41995.57951,121,1931.261678,10,75.69625928,21,284.0113096,68,12,6,726,3,18173.03473,1,0,0,500.0,0,Low Risk
CUST_02236,68,Female,Employed,27813.90988,139,4197.456652,6,1295.804338,31,535.0886143,1,4,8,379,2,20591.17164,0,0,0,10870.24747,1,High Risk
CUST_02237,31,Other,Employed,83379.8018,212,1252.341259,8,906.1873313,39,476.2263945,24,7,0,788,0,23474.15785,6,1,0,9690.707855,1,High Risk
CUST_02238,46,Female,Self-Employed,74758.2742,102,1448.014364,1,853.5611135,13,726.8345158,29,10,2,571,2,17608.75934,4,0,0,4378.9802,1,High Risk
CUST_02239,27,Male,Employed,60718.26188,85,1372.878312,7,229.3204928,1,594.9985265,16,18,0,560,3,0.0,1,0,0,21582.69516,1,High Risk
CUST_02240,44,Other,Unemployed,88719.84897,26,1427.597161,5,349.6868061,34,538.692333,17,18,5,550,3,13921.8718,0,0,0,12272.01073,1,High Risk
CUST_02241,65,Female,Employed,63865.14892,134,1946.482251,7,660.4957175,6,490.8632076,79,3,9,595,5,10519.40629,4,0,0,8833.184361,1,High Risk
CUST_02242,23,Female,Self-Employed,46904.43661,139,1546.486929,1,1082.600448,2,225.0430946,75,9,6,472,4,26335.02082,5,0,0,13275.6671,1,High Risk
CUST_02243,52,Female,Unemployed,56705.35401,227,408.1203526,10,73.18439573,14,845.0383434,39,8,1,552,4,14357.47945,1,0,0,10727.04997,1,High Risk
CUST_02244,20,Male,Unemployed,74494.1544,3,1514.439097,0,1075.92768,42,604.7084354,5,6,8,835,2,7015.263705,4,0,0,9733.685129,1,High Risk
CUST_02245,38,Other,Self-Employed,34154.30885,118,1078.952381,6,673.9890366,33,417.8799326,42,17,4,788,2,7643.000782,1,0,0,8898.52291,0,Low Risk
CUST_02246,50,Male,Employed,28889.27983,165,117.1849392,8,721.8017845,21,436.0409118,69,8,2,425,5,1517.351196,3,0,0,5635.70658,1,High Risk
CUST_02247,35,Male,Self-Employed,57309.425,204,2416.025786,8,888.7575296,17,474.4658574,16,5,6,738,2,11581.08121,1,0,1,12718.84745,1,High Risk
CUST_02248,33,Male,Employed,39436.7048,142,1074.508248,1,894.2610332,45,294.4290238,41,5,6,588,2,2576.643711,1,1,0,7519.878247,1,High Risk
CUST_02249,67,Other,Employed,10000.0,148,1806.693176,3,550.6499935,17,358.0516645,18,12,0,478,4,0.0,0,0,0,13226.3791,1,High Risk
CUST_02250,24,Male,Unemployed,27627.19976,208,10.0,0,1018.718531,33,745.7942016,54,16,5,379,0,6411.328681,3,0,0,13122.03486,1,High Risk
CUST_02251,60,Male,Self-Employed,44394.36171,12,1899.137612,10,20.0,35,108.8062475,28,14,2,396,5,5852.846411,2,0,0,12335.44868,1,High Risk
CUST_02252,45,Male,Unemployed,50867.39759,204,1249.268999,6,642.3533897,45,964.6110159,53,8,6,329,0,12430.33742,4,0,0,6124.571417,1,High Risk
CUST_02253,47,Male,Self-Employed,51403.44379,148,256.1214952,1,853.7886171,38,500.9516685,70,5,4,872,0,14327.02574,7,0,0,4179.072461,1,High Risk
CUST_02254,21,Female,Self-Employed,86093.53412,154,1058.464576,3,679.2677397,46,302.1303389,7,16,3,743,5,12025.6953,6,0,1,7835.253208,1,High Risk
CUST_02255,69,Male,Unemployed,46262.74538,131,950.9390413,11,160.5813936,37,413.5183941,7,4,9,562,4,11330.02102,2,0,0,8019.157167,1,High Risk
CUST_02256,25,Female,Self-Employed,55006.25881,224,2100.540316,1,1065.309583,36,605.2473602,68,2,6,689,0,14348.2828,7,0,0,6270.320447,1,High Risk
CUST_02257,28,Male,Self-Employed,20733.94351,81,1572.341475,0,363.0642658,17,379.724207,42,15,6,365,5,18918.85433,2,0,0,12602.18589,1,High Risk
CUST_02258,52,Other,Employed,49439.56031,202,282.0086121,6,776.3700974,42,664.8697879,49,1,7,830,0,6021.172182,6,0,1,12138.56542,1,High Risk
CUST_02259,60,Female,Self-Employed,56015.58098,101,1850.803096,5,853.562109,39,234.4309886,3,19,4,569,4,13969.99533,3,0,0,11433.18454,1,High Risk
CUST_02260,44,Female,Self-Employed,25245.32934,212,10.0,1,806.9395038,28,300.6214128,35,2,3,348,1,12152.13097,3,0,0,14466.47125,1,High Risk
CUST_02261,67,Female,Unemployed,33188.14473,235,599.9411558,3,1209.153824,11,561.0912302,4,8,0,333,2,14451.29303,3,0,0,9071.32749,1,High Risk
CUST_02262,32,Female,Unemployed,58805.03541,146,1511.721638,11,781.358104,17,344.9891744,18,18,3,539,2,10848.06099,0,0,0,3168.362307,1,High Risk
CUST_02263,28,Other,Self-Employed,40166.12724,215,1000.561544,10,949.6093916,30,989.7963425,41,13,9,895,1,6664.75492,7,0,0,14288.22143,1,High Risk
CUST_02264,32,Male,Employed,48154.24811,145,2453.369229,2,780.4335884,14,707.3430911,14,13,0,613,3,11164.28134,0,0,0,10174.00293,0,Low Risk
CUST_02265,50,Female,Employed,59733.99534,192,1635.458076,11,1014.534629,39,628.0385754,57,16,6,448,0,7630.187701,4,0,0,13051.79379,1,High Risk
CUST_02266,60,Other,Unemployed,86663.69909,135,2000.767151,2,1287.723354,29,527.8561371,13,7,5,754,1,6065.768827,3,0,0,10089.38251,0,Low Risk
CUST_02267,30,Female,Self-Employed,46007.86638,47,2033.391548,2,848.1396403,35,413.3041147,47,16,6,456,0,19114.12334,2,0,0,5397.729039,1,High Risk
CUST_02268,23,Male,Self-Employed,81845.56542,120,1145.493552,10,1073.647625,27,435.9952888,71,16,7,531,1,12909.25985,4,0,0,2667.107045,1,High Risk
CUST_02269,53,Female,Employed,14742.0741,54,647.6635798,3,1309.365127,14,291.2513515,72,6,5,506,5,148.6976125,0,0,0,12363.08662,1,High Risk
CUST_02270,57,Other,Employed,52670.53146,201,1460.043023,0,1275.014486,42,553.0012914,74,8,1,471,5,0.0,6,0,0,6250.371892,1,High Risk
CUST_02271,65,Male,Employed,43986.39427,114,2193.778541,0,665.1487087,32,188.530354,62,3,1,711,2,11088.77905,6,0,0,12748.9703,1,High Risk
CUST_02272,23,Other,Unemployed,40415.73829,137,1313.78617,6,1162.751325,1,864.5866757,54,9,8,465,0,8205.211568,1,0,0,500.0,1,High Risk
CUST_02273,57,Male,Self-Employed,61845.21636,157,1972.763062,4,887.069906,7,515.2554059,31,3,5,826,5,12141.40477,1,0,0,11016.47098,0,Low Risk
CUST_02274,38,Male,Unemployed,46136.82802,219,1478.204764,2,1191.030499,47,842.4408653,35,4,5,804,5,13454.99285,4,0,0,10633.57394,1,High Risk
CUST_02275,25,Male,Self-Employed,13550.83997,216,257.4768003,8,999.0221042,32,723.3117112,74,1,0,843,4,11923.90057,7,0,0,15279.4266,1,High Risk
CUST_02276,53,Female,Unemployed,21409.35353,114,325.5316643,4,896.4838266,34,482.6743982,56,14,7,851,2,7316.041846,0,0,0,6213.042161,0,Low Risk
CUST_02277,37,Other,Self-Employed,62996.48525,15,2749.978796,9,951.8902281,17,611.4890815,43,8,7,375,2,17828.42342,4,0,0,7889.332544,1,High Risk
CUST_02278,32,Other,Employed,20529.89768,19,565.9798969,2,889.3332846,25,393.4608208,33,8,3,511,2,5011.958718,0,0,0,15173.79793,1,High Risk
CUST_02279,60,Other,Employed,63478.78126,235,989.9261031,8,903.0165658,47,475.9362512,50,0,6,321,0,19300.94723,6,1,0,14284.48777,1,High Risk
CUST_02280,42,Male,Employed,52245.92278,46,2234.069638,0,744.4086738,20,305.9750569,68,11,8,453,3,15496.3274,6,0,0,5600.252034,1,High Risk
CUST_02281,38,Female,Unemployed,46934.87843,143,545.964389,8,711.8964808,27,916.4077133,9,12,0,723,1,8057.171231,3,0,0,3438.301859,0,Low Risk
CUST_02282,64,Male,Employed,48533.46488,220,953.189832,4,1417.111225,19,547.0194486,11,19,4,591,1,14640.92669,1,0,0,8601.148526,0,Low Risk
CUST_02283,30,Other,Self-Employed,59265.64436,75,1330.682535,5,967.1347689,44,711.5699102,40,12,7,709,5,9861.3897,7,0,0,12631.43043,1,High Risk
CUST_02284,20,Female,Unemployed,28805.25248,7,1226.160857,1,599.3432772,19,390.5328328,2,13,6,892,4,20198.93793,2,0,0,11160.93418,0,Low Risk
CUST_02285,43,Female,Self-Employed,50761.23969,233,723.5810389,7,702.903899,3,894.4442564,64,9,9,420,3,8182.443995,3,0,0,7529.296358,1,High Risk
CUST_02286,26,Female,Unemployed,29488.94971,35,1345.185833,2,1169.690459,35,318.8472125,39,16,3,810,2,16827.37169,2,0,0,17906.75909,0,Low Risk
CUST_02287,44,Other,Self-Employed,52945.60597,134,2043.26802,0,542.3346515,33,471.2639962,64,16,2,811,1,4401.771788,4,0,0,6723.124639,1,High Risk
CUST_02288,40,Female,Self-Employed,61636.58215,222,1401.678036,6,281.2903114,44,382.2397966,76,13,0,684,0,14027.97514,1,0,0,9936.944494,0,Low Risk
CUST_02289,34,Female,Unemployed,52987.02553,156,973.2255021,11,307.0428008,12,568.7301968,78,16,2,533,2,13791.34255,6,0,0,2852.739933,1,High Risk
CUST_02290,20,Male,Unemployed,60954.83895,70,2256.878119,2,194.8585399,30,327.2799216,70,18,1,517,2,15811.71418,2,1,0,5064.226759,1,High Risk
CUST_02291,31,Male,Employed,37399.73297,18,2865.166874,3,345.4147996,38,647.6483202,29,2,4,715,5,14961.14031,5,0,0,8167.409041,1,High Risk
CUST_02292,26,Female,Employed,48880.75902,231,2264.11271,4,386.6969211,6,565.7885863,71,3,0,761,3,10173.11617,4,0,0,10493.76764,1,High Risk
CUST_02293,34,Female,Self-Employed,45716.43536,152,601.3853181,0,1284.833083,16,460.2279043,66,10,3,638,5,358.0114242,0,0,0,500.0,0,Low Risk
CUST_02294,40,Male,Self-Employed,44538.09103,38,622.6185199,10,783.8372756,41,233.6236067,78,15,7,870,3,3945.101159,3,0,0,4534.716409,0,Low Risk
CUST_02295,38,Male,Self-Employed,35588.45904,104,1849.597183,10,672.8577613,11,479.7903884,42,12,8,876,5,0.0,0,0,0,500.0,0,Low Risk
CUST_02296,48,Male,Unemployed,42227.19411,188,1636.836744,8,294.8054279,29,473.6646809,52,17,0,545,1,10389.83829,6,0,0,625.3385523,1,High Risk
CUST_02297,44,Other,Unemployed,29971.31729,185,520.1789368,6,749.9057609,47,724.102602,77,10,2,448,1,18797.04521,6,0,0,14986.18609,1,High Risk
CUST_02298,52,Other,Employed,19505.21609,165,1729.147151,1,191.9351781,33,427.6454012,29,10,5,703,2,7555.376727,3,0,0,5066.112112,0,Low Risk
CUST_02299,68,Male,Self-Employed,37387.10011,27,1579.095161,0,670.70399,21,255.1562745,40,8,4,802,4,9623.434834,1,0,0,18161.84183,0,Low Risk
CUST_02300,51,Female,Employed,61267.27368,74,2682.334759,10,1522.573036,20,57.28538484,43,1,0,683,2,8449.724804,2,0,0,2373.23311,0,Low Risk
CUST_02301,68,Male,Unemployed,54213.18784,83,1151.60265,1,1032.331253,8,787.2871485,36,2,1,332,0,13492.8657,0,1,0,11721.40869,1,High Risk
CUST_02302,54,Other,Unemployed,27381.14232,63,2609.281965,2,726.5706439,11,455.3771662,5,13,1,701,4,13041.22401,0,0,0,9154.352393,0,Low Risk
CUST_02303,63,Female,Unemployed,42691.79564,20,2644.333999,11,1044.343262,16,582.2115658,36,15,6,724,1,9483.702141,2,0,0,8244.853617,0,Low Risk
CUST_02304,57,Other,Employed,62464.35814,60,961.5984636,2,617.4598877,15,371.1210789,0,7,5,568,4,6177.738372,2,0,0,1764.509884,1,High Risk
CUST_02305,45,Female,Unemployed,41927.15534,78,1783.228502,7,519.76279,4,350.2797129,9,15,5,598,4,15759.14285,4,0,0,6272.537012,1,High Risk
CUST_02306,30,Other,Self-Employed,24480.20852,123,1330.834633,4,1396.44537,18,476.0627599,25,3,0,412,1,18570.824,3,0,0,8038.253212,1,High Risk
CUST_02307,54,Female,Employed,90637.31384,59,1298.067964,8,400.2038711,27,291.130608,16,8,0,803,0,16816.18858,6,0,0,6543.082758,1,High Risk
CUST_02308,27,Female,Unemployed,46994.74105,99,1696.993577,2,676.0575675,16,408.0976461,63,3,3,620,0,5125.76659,6,0,0,10010.60723,1,High Risk
CUST_02309,65,Female,Employed,29055.5798,217,868.0535409,5,907.1116488,21,678.6176312,26,12,9,339,5,0.0,5,0,0,5876.771169,1,High Risk
CUST_02310,33,Female,Employed,53082.74346,65,223.7656955,3,472.318028,34,675.4563213,74,1,5,847,3,10568.03914,7,0,0,5891.041833,1,High Risk
CUST_02311,29,Other,Unemployed,48459.14002,14,1074.440019,7,1027.711734,48,374.3238891,67,17,5,664,5,20259.45536,5,0,0,7995.141278,1,High Risk
CUST_02312,21,Other,Unemployed,22253.39411,13,2444.70446,11,692.6919164,14,442.674173,17,4,4,505,3,56.68688447,6,0,0,12276.38265,1,High Risk
CUST_02313,65,Female,Employed,51680.63949,143,1337.350191,0,1032.368615,18,18.71665552,49,16,3,534,0,9531.068498,4,0,0,17243.79646,1,High Risk
CUST_02314,28,Female,Employed,67707.23921,165,1481.404812,3,1005.094463,46,82.43349218,64,9,1,406,0,21656.08069,0,1,0,4814.382438,1,High Risk
CUST_02315,22,Other,Unemployed,45807.61627,29,2134.119576,6,714.9457543,49,371.3876839,19,3,6,896,3,17885.33322,2,0,0,500.0,0,Low Risk
CUST_02316,40,Female,Self-Employed,12916.42615,219,222.2690444,8,1398.730535,25,510.939412,61,5,5,391,5,13387.167,6,0,0,11728.1234,1,High Risk
CUST_02317,45,Female,Employed,56154.58899,106,1851.286003,0,567.1324688,43,182.2994857,74,9,6,713,3,4839.109612,1,0,0,13927.60184,0,Low Risk
CUST_02318,27,Female,Employed,60852.20081,69,2835.882799,7,1272.104665,43,675.9577559,58,16,2,339,5,20953.59127,0,0,0,2483.160511,1,High Risk
CUST_02319,67,Male,Self-Employed,39444.58262,91,1573.224813,1,1211.226635,34,712.807301,24,4,0,695,0,10885.57936,0,0,1,13853.42066,1,High Risk
CUST_02320,21,Female,Unemployed,39576.89118,47,10.0,3,1419.808773,42,289.2301721,64,6,0,773,1,0.0,5,0,0,10812.28867,1,High Risk
CUST_02321,25,Male,Unemployed,90641.4134,204,1438.88709,3,860.9196138,22,278.2214531,64,4,3,765,0,20676.28517,3,0,0,2713.225122,0,Low Risk
CUST_02322,47,Female,Self-Employed,38152.14262,83,1988.173719,7,523.9950008,9,602.866477,66,7,3,605,5,5776.666618,4,0,0,500.0,1,High Risk
CUST_02323,48,Other,Unemployed,29806.14261,69,1589.659625,10,1526.878805,21,917.2737011,57,0,6,342,1,31088.01841,5,0,0,4937.985763,1,High Risk
CUST_02324,45,Male,Unemployed,50452.05351,239,1717.961957,1,682.8544862,46,395.613136,39,1,6,432,1,10901.77543,3,0,0,12931.70111,1,High Risk
CUST_02325,44,Male,Employed,60347.16186,152,1814.087702,6,515.2600996,10,734.1098057,46,15,3,876,1,14540.62667,0,0,0,5596.675982,0,Low Risk
CUST_02326,31,Female,Employed,59583.80712,104,754.205542,2,733.5746389,25,493.3811188,42,7,6,650,3,12558.15699,2,0,0,8404.337441,0,Low Risk
CUST_02327,24,Female,Employed,10000.0,208,854.1971155,8,456.4082493,0,515.2882896,7,14,7,893,2,10405.9439,1,0,0,500.0,0,Low Risk
CUST_02328,53,Male,Self-Employed,38106.83289,93,1204.28508,4,984.1520888,35,453.0418484,61,10,8,448,0,16759.91937,3,0,0,11787.97449,1,High Risk
CUST_02329,67,Other,Unemployed,70751.98481,44,1814.138651,11,588.0160664,20,734.0882019,33,15,5,370,4,13205.66313,5,0,0,6437.77286,1,High Risk
CUST_02330,56,Other,Unemployed,55880.41038,22,548.7333932,7,699.3805405,7,995.428295,7,6,3,620,4,12365.80104,7,0,0,12375.39068,1,High Risk
CUST_02331,34,Female,Employed,27755.75459,50,3145.069876,4,1138.722602,19,713.7312293,24,16,9,743,0,5820.992887,7,0,0,2901.08509,1,High Risk
CUST_02332,63,Other,Employed,72363.36754,20,10.0,0,1018.292624,44,205.1045541,25,2,1,461,1,11105.63498,0,0,0,500.0,1,High Risk
CUST_02333,55,Other,Self-Employed,67368.15894,130,134.6201698,8,805.4546004,16,436.4443501,53,14,8,659,3,4948.049435,7,0,0,12030.89711,1,High Risk
CUST_02334,34,Female,Unemployed,44661.17106,79,1942.93784,9,859.8057351,14,13.22224298,40,3,6,757,5,14433.48589,5,0,0,11483.40845,1,High Risk
CUST_02335,62,Other,Self-Employed,65830.40936,236,1874.038858,10,804.2894007,20,1013.824313,79,2,5,495,3,14038.43392,5,0,0,5188.187892,1,High Risk
CUST_02336,67,Female,Unemployed,85995.60498,200,1442.10245,11,649.0957268,0,588.00862,71,10,3,459,1,13058.76689,4,0,0,18961.28495,1,High Risk
CUST_02337,42,Male,Self-Employed,31021.15649,204,2040.959438,6,799.1156687,2,299.3868124,62,1,3,805,0,19456.62981,6,0,0,9032.656215,1,High Risk
CUST_02338,25,Female,Employed,59998.03128,231,1954.161552,3,971.7945689,30,565.5938793,71,6,1,391,4,16815.69074,7,0,0,7544.811849,1,High Risk
CUST_02339,65,Male,Self-Employed,85747.00597,223,1500.064184,6,755.8432549,30,971.3462527,74,14,0,560,3,24510.74004,3,0,0,10062.45809,1,High Risk
CUST_02340,69,Male,Self-Employed,61754.53196,8,1714.589356,4,946.9186706,20,290.9569243,6,13,4,444,1,17907.6609,0,0,0,10226.90538,1,High Risk
CUST_02341,63,Other,Employed,36421.10853,41,10.0,9,507.1659276,22,357.435961,68,6,5,538,3,12939.26881,4,1,0,13043.63656,1,High Risk
CUST_02342,62,Other,Unemployed,54300.43833,13,1393.466437,8,588.6372221,16,206.6215595,49,16,9,370,1,10215.64128,4,0,0,5299.912927,1,High Risk
CUST_02343,64,Other,Unemployed,74657.89868,114,1461.845447,1,542.9878239,21,641.7884036,42,9,8,774,3,3528.228898,7,0,1,8566.973578,1,High Risk
CUST_02344,40,Female,Employed,31716.2036,155,3030.263661,3,602.2040199,21,465.116673,16,17,0,846,4,20251.51075,1,0,0,7440.911974,0,Low Risk
CUST_02345,42,Other,Self-Employed,49458.25927,110,839.4588895,5,1250.513366,35,0.0,20,13,4,607,3,15422.56431,2,0,0,8849.462815,0,Low Risk
CUST_02346,62,Male,Self-Employed,45617.30921,238,1471.307643,10,1054.113578,7,584.3710023,5,5,4,698,0,9283.925574,1,0,0,15377.21918,0,Low Risk
CUST_02347,35,Other,Self-Employed,38634.59054,96,2638.907485,4,423.0769085,46,737.3862655,70,18,8,402,2,13858.41652,4,0,0,7215.133388,1,High Risk
CUST_02348,66,Other,Unemployed,54347.98763,57,1948.090195,0,953.1244037,7,366.8260803,74,9,3,579,1,12812.73696,3,0,0,7211.193135,1,High Risk
CUST_02349,34,Female,Self-Employed,48187.08943,86,1520.131933,8,663.2961906,13,488.6477965,37,16,2,898,2,11450.77996,5,0,0,8035.525788,1,High Risk
CUST_02350,44,Female,Unemployed,61580.30323,60,2269.856687,8,561.1653951,37,449.5316246,62,18,2,432,4,17552.97478,2,0,0,7459.331152,1,High Risk
CUST_02351,55,Male,Self-Employed,70537.4509,39,865.821682,2,279.991187,23,671.8620878,11,19,5,385,4,2709.531691,4,0,0,7196.274845,1,High Risk
CUST_02352,30,Female,Employed,27089.05243,18,2880.24688,3,1140.171543,21,85.95372701,21,16,0,480,2,17116.7031,2,0,0,9714.056378,1,High Risk
CUST_02353,34,Other,Employed,51215.55915,225,2013.996367,3,322.6478976,14,335.8103478,2,13,0,334,4,19911.56916,3,0,0,8360.029327,1,High Risk
CUST_02354,23,Female,Unemployed,49043.7295,223,199.2289891,9,781.8128877,19,423.4729404,18,6,0,805,4,5325.575504,0,0,0,8995.791874,0,Low Risk
CUST_02355,40,Male,Unemployed,53661.46412,72,1015.831855,7,468.791064,26,692.6727157,42,18,6,333,5,256.4259973,0,0,0,10781.08993,1,High Risk
CUST_02356,32,Other,Employed,49721.52479,95,10.0,5,1071.545381,27,500.5598266,66,6,4,777,1,14791.02789,4,0,0,11943.86715,1,High Risk
CUST_02357,41,Male,Employed,32348.06758,226,2136.617114,1,682.9768608,21,172.7107391,4,11,8,765,1,17794.91767,6,0,0,12498.65443,1,High Risk
CUST_02358,38,Female,Self-Employed,76185.49164,203,1950.807463,3,752.9380706,30,356.0496894,28,5,2,684,1,6716.499572,7,0,0,12350.11469,1,High Risk
CUST_02359,53,Female,Employed,83853.70063,167,1131.779487,0,764.743008,8,814.9422965,4,7,5,421,0,3606.072059,4,0,0,10603.25315,1,High Risk
CUST_02360,33,Male,Unemployed,59844.01466,183,2460.285674,2,905.8996172,22,169.2181666,44,8,6,608,5,717.4580053,1,0,0,2814.521898,0,Low Risk
CUST_02361,23,Other,Employed,60765.83204,217,1433.177307,3,804.5516674,4,756.8965541,53,17,2,507,0,18499.06764,4,0,0,5022.902721,1,High Risk
CUST_02362,67,Female,Unemployed,52358.88495,146,3598.708277,7,784.8543839,44,733.9544088,23,9,8,425,0,11370.3971,0,0,0,6125.501701,1,High Risk
CUST_02363,65,Female,Unemployed,67445.65799,20,540.4517224,2,618.5593087,38,804.7248751,20,15,1,804,5,19820.86654,0,0,0,7367.326518,0,Low Risk
CUST_02364,46,Other,Self-Employed,10000.0,149,2013.351978,4,248.8447193,16,774.9730408,31,16,6,361,0,0.0,1,0,0,4890.896587,1,High Risk
CUST_02365,48,Female,Self-Employed,49930.47898,174,1182.078546,0,408.5071642,39,840.644921,4,0,9,354,2,12499.88074,5,0,0,4351.634792,1,High Risk
CUST_02366,66,Male,Self-Employed,39692.71395,132,958.3671861,3,1051.467909,4,51.18850592,61,6,3,647,5,18684.69382,3,0,0,1817.971022,0,Low Risk
CUST_02367,47,Female,Self-Employed,52624.72576,188,1361.548933,1,692.9631878,6,827.2328047,17,8,8,673,5,6363.995795,2,0,0,6433.349529,0,Low Risk
CUST_02368,54,Female,Employed,69667.29617,140,1793.601747,3,567.5965778,7,623.7719635,34,11,6,822,1,16435.27485,0,0,0,8447.373212,0,Low Risk
CUST_02369,27,Other,Self-Employed,50342.61517,206,1546.639454,4,307.9951495,6,356.9872834,79,0,7,539,4,5670.042434,6,0,0,6785.677457,1,High Risk
CUST_02370,35,Male,Employed,43511.1379,48,2042.146223,2,198.123501,21,204.8676589,4,9,9,523,3,6310.653225,2,0,0,6594.370608,1,High Risk
CUST_02371,61,Other,Self-Employed,24741.12146,212,1985.580874,5,553.877592,43,507.5712833,8,9,2,837,0,12424.92573,4,0,0,9003.290269,1,High Risk
CUST_02372,55,Female,Self-Employed,48033.02278,21,2661.139459,11,1110.818499,37,1095.277872,3,9,5,347,4,8366.445215,4,0,0,10550.16902,1,High Risk
CUST_02373,49,Female,Unemployed,62100.99854,40,539.0274847,1,605.0254322,20,630.3866843,32,6,3,786,1,20218.4892,5,0,0,9007.610789,1,High Risk
CUST_02374,37,Other,Employed,34860.41371,39,254.136003,4,940.1699338,3,378.5801318,21,14,3,889,2,12052.75851,3,0,0,9628.284496,0,Low Risk
CUST_02375,21,Other,Unemployed,13939.88257,221,1445.78719,3,588.9290597,31,1092.181003,58,9,1,820,5,20439.86901,5,0,0,11278.01703,1,High Risk
CUST_02376,68,Other,Self-Employed,90936.32272,114,865.1166134,4,1023.603344,28,661.3675516,10,15,9,633,4,16041.88343,2,0,0,5718.090959,0,Low Risk
CUST_02377,32,Male,Employed,56033.15871,208,2199.153824,8,676.8872194,29,669.3969107,68,15,8,546,3,6531.214882,0,0,0,12971.95046,1,High Risk
CUST_02378,23,Female,Self-Employed,46011.67541,47,645.7383422,5,368.8405141,2,572.5049418,9,19,0,404,4,13336.81926,6,0,0,5688.208981,1,High Risk
CUST_02379,45,Other,Unemployed,75037.90649,119,1060.298517,6,705.8664262,4,628.610196,2,0,0,813,5,7000.477879,1,0,0,6431.921204,0,Low Risk
CUST_02380,44,Female,Employed,52546.62815,164,1234.123259,10,1441.900146,18,0.0,14,10,6,808,1,18924.95489,6,1,0,500.0,1,High Risk
CUST_02381,49,Male,Unemployed,73976.57261,132,2912.424063,7,1426.45951,7,538.3080613,36,18,9,758,4,20744.24768,0,0,0,5589.397619,0,Low Risk
CUST_02382,30,Male,Self-Employed,72434.50189,46,3186.105063,8,970.286656,36,698.9909503,39,17,6,671,5,1628.743825,7,0,0,2044.42567,1,High Risk
CUST_02383,26,Male,Self-Employed,27058.62427,99,586.8781188,4,752.0294146,30,895.0978723,16,2,3,334,2,15396.93784,2,0,0,13267.72709,1,High Risk
CUST_02384,50,Male,Self-Employed,58279.9031,85,10.0,7,906.3656307,26,1073.594865,19,14,7,875,1,19265.87453,7,0,0,11861.61031,1,High Risk
CUST_02385,63,Female,Employed,81055.14183,126,1040.816165,1,910.8983186,12,776.156679,3,5,4,543,0,17359.32538,2,0,0,5259.765431,1,High Risk
CUST_02386,29,Male,Unemployed,32024.28757,126,1470.455002,9,786.0396367,41,553.1108462,33,9,5,708,1,11381.69666,0,0,1,5977.523451,1,High Risk
CUST_02387,58,Male,Unemployed,32245.25734,29,1466.783421,8,954.330407,5,517.60309,33,2,3,820,4,28469.30258,0,0,0,1381.097913,0,Low Risk
CUST_02388,32,Other,Self-Employed,35290.38075,50,1432.635993,1,872.8794018,0,325.4745397,66,9,2,504,5,13416.4849,3,0,0,4219.627032,1,High Risk
CUST_02389,50,Male,Unemployed,66027.53454,96,2152.725188,11,689.4096651,29,636.5481791,27,15,1,854,3,3101.227692,4,0,0,10342.49106,1,High Risk
CUST_02390,26,Other,Employed,55118.94283,9,1177.755956,4,381.6601202,10,995.052556,78,3,7,844,1,16158.16549,7,0,0,13514.58466,1,High Risk
CUST_02391,68,Male,Self-Employed,15156.09804,157,1670.679942,5,638.9792652,40,407.7028345,35,0,4,792,1,18554.34277,5,0,0,7481.194894,1,High Risk
CUST_02392,61,Male,Self-Employed,56137.03022,87,2015.74498,3,1079.831597,30,546.4532673,34,17,9,865,1,15547.74794,3,1,0,8313.702898,1,High Risk
CUST_02393,61,Other,Self-Employed,45465.53121,201,1675.5344,7,788.9882214,15,322.9591918,40,3,5,568,1,13234.97892,6,0,0,8443.857176,1,High Risk
CUST_02394,55,Male,Employed,47979.03436,114,2040.566015,9,905.1004121,14,759.5580116,58,4,5,451,4,3659.471982,7,0,0,5600.161072,1,High Risk
CUST_02395,39,Female,Self-Employed,34933.63826,91,133.6583772,2,700.9445653,4,812.0056402,73,3,3,361,0,2082.392052,7,1,0,9156.144578,1,High Risk
CUST_02396,23,Female,Self-Employed,56268.64799,130,1591.588927,10,429.1408732,14,326.8403372,16,18,8,467,3,6188.498955,6,0,0,6644.096679,1,High Risk
CUST_02397,26,Male,Self-Employed,68908.24905,232,1683.835153,4,716.4795998,0,646.077689,29,19,6,683,1,0.0,0,0,0,10780.49007,0,Low Risk
CUST_02398,20,Female,Self-Employed,38444.60539,20,1367.529999,1,442.1404347,14,0.0,53,18,9,611,5,21175.1822,0,0,0,7711.33629,0,Low Risk
CUST_02399,63,Other,Unemployed,19715.79144,35,1021.875497,2,419.7987892,35,432.0443595,51,2,7,875,3,12423.84668,1,0,0,1338.078951,0,Low Risk
CUST_02400,64,Male,Self-Employed,44543.94221,163,1868.947621,7,1221.972813,47,821.2258304,71,19,6,359,4,9985.458016,4,0,0,10187.13129,1,High Risk
CUST_02401,61,Male,Employed,63613.16111,98,1598.354425,10,652.9698983,38,382.9141085,22,12,3,578,0,3372.317531,5,0,0,8547.895553,1,High Risk
CUST_02402,66,Other,Self-Employed,42421.45377,124,1457.925687,4,540.4803461,7,174.8973199,18,19,8,616,1,4291.681928,5,0,0,5875.610801,1,High Risk
CUST_02403,32,Other,Self-Employed,23044.1187,27,1237.28733,2,1366.28589,21,672.5895212,36,17,1,599,0,12119.44843,1,0,0,7789.222467,0,Low Risk
CUST_02404,41,Other,Unemployed,63738.37128,144,1268.607031,4,1085.244762,26,472.588243,58,5,4,868,1,10263.58627,4,0,0,3732.326081,1,High Risk
CUST_02405,40,Male,Self-Employed,75476.26665,168,887.6929127,8,669.9717711,33,549.1483978,35,19,1,342,1,12790.2479,6,0,0,3168.625975,1,High Risk
CUST_02406,41,Other,Unemployed,50360.2799,168,1119.517799,2,949.6727139,29,584.527474,67,5,7,617,5,4028.177082,4,0,0,6218.130028,1,High Risk
CUST_02407,47,Other,Employed,21095.76452,6,748.5902045,11,717.4740886,11,727.4340722,25,5,8,411,2,14299.34933,2,0,0,9340.626772,1,High Risk
CUST_02408,28,Female,Unemployed,44279.05024,110,1190.253633,9,557.5621123,1,770.4585651,26,16,2,806,5,19683.53191,4,0,0,9820.870368,1,High Risk
CUST_02409,45,Female,Self-Employed,52727.69985,192,1791.453138,6,966.1419286,45,596.8052505,76,16,4,772,3,10284.12285,5,0,0,2819.645907,1,High Risk
CUST_02410,28,Male,Employed,35425.16047,84,2155.781988,7,686.4943401,37,794.4748378,61,4,8,470,0,16704.55563,6,0,0,7939.905992,1,High Risk
CUST_02411,34,Female,Self-Employed,60500.70016,12,1459.034941,4,826.4243031,21,495.25856,61,16,5,659,3,10956.40797,0,0,0,3048.781929,0,Low Risk
CUST_02412,29,Female,Unemployed,33665.69993,37,1436.912915,2,1157.477132,16,579.9515468,51,8,2,710,3,9690.916048,4,0,0,8318.543523,1,High Risk
CUST_02413,43,Other,Employed,50461.2981,101,1615.161034,10,1118.924586,34,508.2861052,43,19,5,556,3,14574.18694,3,0,0,7123.039506,1,High Risk
CUST_02414,61,Other,Employed,45890.20248,106,2286.682584,5,607.4673479,41,206.762072,32,1,8,348,0,9199.368335,2,0,0,8695.327453,1,High Risk
CUST_02415,27,Female,Unemployed,61085.38637,25,1320.001657,11,970.1110608,44,872.3818626,62,18,9,859,1,8235.881408,1,0,0,4742.173929,0,Low Risk
CUST_02416,43,Female,Unemployed,49743.1548,219,1870.335939,2,405.2503138,22,515.0258085,71,8,6,763,1,18490.85461,5,0,0,13698.87049,1,High Risk
CUST_02417,35,Female,Employed,46463.1494,67,1796.461497,8,957.6449565,28,899.8319451,79,7,3,525,1,1089.863111,6,0,1,16681.78416,1,High Risk
CUST_02418,68,Male,Employed,35548.42568,84,1001.14758,1,851.973357,28,616.2569429,68,18,3,822,1,12540.82228,4,0,0,6856.998886,1,High Risk
CUST_02419,45,Male,Unemployed,50625.84226,209,2065.351926,2,932.6427768,49,606.6911961,33,12,0,692,1,5654.901706,1,0,0,4687.314881,0,Low Risk
CUST_02420,46,Male,Self-Employed,45316.26498,155,10.0,6,695.8943359,18,737.6282306,26,3,2,387,5,22839.02259,0,0,0,2999.749317,1,High Risk
CUST_02421,56,Female,Employed,34330.45539,226,2349.390809,9,1529.424946,16,574.6446499,35,5,8,400,1,17441.61584,7,0,0,2180.481133,1,High Risk
CUST_02422,23,Female,Unemployed,52870.83844,183,544.706648,7,484.5451023,7,346.5767522,3,3,0,398,4,19672.74287,1,0,0,12490.76736,1,High Risk
CUST_02423,69,Male,Self-Employed,56551.48412,214,1388.777503,4,1140.043099,49,466.5255985,52,10,1,833,4,13181.97081,4,0,0,5692.629835,1,High Risk
CUST_02424,43,Male,Employed,43908.67,19,2163.177953,4,438.9055881,6,794.0011829,70,9,1,785,5,15789.94956,1,0,0,1895.771287,0,Low Risk
CUST_02425,38,Female,Employed,66768.24616,187,1158.381445,4,976.5204611,10,680.8221946,36,15,7,370,5,13263.9705,0,0,0,2730.018402,1,High Risk
CUST_02426,55,Other,Unemployed,54751.53757,205,1687.337641,3,1001.526492,2,288.1164785,78,17,5,727,1,8620.89635,7,0,0,2339.475644,1,High Risk
CUST_02427,58,Male,Self-Employed,26890.63004,207,2176.128639,8,819.241555,1,576.8689634,49,18,6,585,5,22626.7908,7,0,0,13707.37195,1,High Risk
CUST_02428,29,Female,Employed,74073.09191,219,2978.575849,5,626.6364563,18,256.2880351,69,11,3,615,5,16220.91127,7,0,0,14389.54311,1,High Risk
CUST_02429,44,Female,Self-Employed,63805.78276,150,1487.962809,11,849.3972118,27,524.878446,25,13,3,776,0,7055.132581,4,1,0,6953.592019,1,High Risk
CUST_02430,37,Other,Self-Employed,68032.9618,130,1643.833564,7,893.4536167,27,755.0044233,24,17,3,866,3,2606.058626,1,1,0,6372.472282,1,High Risk
CUST_02431,38,Female,Employed,57209.05322,155,1532.370395,7,1426.47777,24,350.3609754,32,19,5,426,3,5899.566884,1,0,0,500.0,1,High Risk
CUST_02432,55,Female,Self-Employed,10000.0,172,1322.989527,4,494.6809001,10,476.2660531,66,0,3,850,0,12337.63165,0,0,0,1499.702725,0,Low Risk
CUST_02433,29,Male,Employed,69667.13464,175,423.4180179,11,605.4302763,39,266.6993045,72,12,0,724,4,8090.720484,3,0,0,3888.46944,0,Low Risk
CUST_02434,52,Male,Self-Employed,51094.1783,33,603.3496025,8,899.657445,42,652.7271788,36,2,0,686,3,17601.24299,3,0,0,10613.60759,0,Low Risk
CUST_02435,69,Other,Employed,56357.94527,67,1488.575151,1,710.3811734,1,536.6511441,37,13,7,438,4,13673.72679,2,0,1,18682.25616,1,High Risk
CUST_02436,24,Other,Unemployed,59726.91286,182,1772.873541,7,764.9856368,11,340.0065841,26,17,1,431,2,10503.91313,0,0,0,11301.6483,1,High Risk
CUST_02437,66,Female,Employed,84852.98803,82,2509.14117,2,1174.623142,40,605.2269353,12,18,8,535,3,12008.63729,3,1,0,7225.501189,1,High Risk
CUST_02438,68,Male,Employed,40167.97368,94,1332.222022,6,20.0,37,494.0980741,22,0,9,460,2,11261.02524,6,0,0,8634.271694,1,High Risk
CUST_02439,54,Other,Employed,40632.74618,151,2722.937108,8,590.7177292,11,625.5413437,66,14,7,716,5,10597.13749,7,0,0,8454.680437,1,High Risk
CUST_02440,63,Other,Self-Employed,34681.37861,32,536.393831,10,190.1707708,49,269.0744114,54,15,0,856,2,14312.09164,1,1,0,6442.523627,1,High Risk
CUST_02441,53,Other,Unemployed,30741.03407,125,1668.123199,4,381.4642471,24,418.9698443,36,9,9,703,2,8916.94452,6,0,0,7212.700668,1,High Risk
CUST_02442,52,Female,Self-Employed,31072.4378,133,1286.229385,10,1641.618572,36,534.2537013,11,19,7,464,2,4995.052774,0,0,0,500.0,1,High Risk
CUST_02443,40,Male,Self-Employed,16668.23457,228,449.9719914,7,1009.358847,30,672.2430335,53,3,8,525,1,16487.18885,1,1,0,4608.08924,1,High Risk
CUST_02444,36,Other,Employed,57679.80459,72,145.530738,3,1133.047724,16,256.0591043,19,10,3,448,1,7226.01919,1,0,0,6096.102763,1,High Risk
CUST_02445,41,Male,Self-Employed,85780.51817,173,1152.259156,0,771.8146226,47,528.6613086,17,15,6,613,5,19442.32949,2,0,0,2925.240513,0,Low Risk
CUST_02446,67,Other,Employed,86928.33779,31,1212.158228,0,1065.549839,11,748.0449273,6,4,3,606,0,11010.74123,5,0,0,8850.976209,1,High Risk
CUST_02447,56,Other,Unemployed,34657.37377,5,789.4789641,5,181.7024224,29,515.4479785,75,18,2,719,3,9319.915245,2,0,0,10347.59234,0,Low Risk
CUST_02448,34,Male,Self-Employed,45101.2212,188,2109.311499,7,1163.404444,1,420.6868639,1,10,0,477,0,6392.708023,4,0,0,13770.01633,1,High Risk
CUST_02449,54,Male,Self-Employed,72200.15925,163,1175.446693,9,513.0545585,15,365.4837074,53,17,1,630,2,10144.73285,7,0,0,6042.212979,1,High Risk
CUST_02450,47,Male,Self-Employed,57782.24536,77,710.6608211,1,614.0394632,0,369.6603136,7,14,6,803,0,14099.428,5,0,0,500.0,1,High Risk
CUST_02451,26,Female,Employed,52421.28209,47,1311.171684,10,976.8028747,33,556.1092297,32,1,5,840,1,7262.35661,0,0,0,15129.98951,0,Low Risk
CUST_02452,51,Other,Employed,45378.77758,71,994.9836924,3,910.7563655,44,3.640100432,45,12,7,597,4,16418.36601,3,0,0,3504.28748,0,Low Risk
CUST_02453,30,Female,Self-Employed,71209.42601,162,2817.579506,2,829.6170169,47,363.1828144,41,11,2,486,5,5358.017264,6,0,0,17169.38008,1,High Risk
CUST_02454,29,Male,Self-Employed,30685.08274,113,1247.79971,8,322.9163462,0,604.438854,62,13,5,750,4,17489.59749,2,1,0,14836.78184,1,High Risk
CUST_02455,28,Other,Unemployed,58655.75118,212,765.8095347,2,834.9347841,35,686.3783662,76,0,5,383,5,12660.47032,0,0,0,6408.057831,1,High Risk
CUST_02456,33,Female,Unemployed,56208.80917,86,2816.085564,10,1136.196474,2,266.0434547,32,11,1,557,4,9298.110483,7,0,0,6559.861506,1,High Risk
CUST_02457,32,Other,Unemployed,50780.69522,54,2080.029861,7,613.6295164,33,343.0057459,68,12,0,413,4,14303.08596,2,0,0,2401.617919,1,High Risk
CUST_02458,44,Female,Unemployed,64179.13383,194,1585.04573,6,1260.227966,11,518.5963903,69,2,1,388,4,21617.55334,3,0,0,500.0,1,High Risk
CUST_02459,21,Male,Unemployed,50607.27131,118,862.981577,0,494.5578224,44,655.2952715,3,2,8,835,3,18919.0038,2,0,0,10302.41081,0,Low Risk
CUST_02460,54,Female,Employed,40378.50338,105,2113.230143,7,802.2917621,26,407.47654,57,0,5,846,2,14186.56172,7,0,0,7191.109723,1,High Risk
CUST_02461,26,Other,Unemployed,51665.20356,170,329.2674157,8,1337.364707,49,468.472627,28,10,2,720,1,17616.29317,4,0,0,13003.92166,1,High Risk
CUST_02462,40,Other,Unemployed,21342.13395,222,2054.617904,7,561.5100306,36,584.7135604,20,3,9,473,4,9459.15953,0,0,0,13661.95731,1,High Risk
CUST_02463,37,Other,Self-Employed,61028.86516,143,1700.09845,9,1168.894919,24,211.5815034,25,10,6,879,3,8220.720587,5,0,0,500.0,1,High Risk
CUST_02464,22,Other,Employed,65628.12656,220,2292.047947,9,1491.128327,11,906.2505451,40,1,0,801,1,16271.40121,5,0,0,8183.642111,1,High Risk
CUST_02465,61,Male,Unemployed,38180.93843,82,10.0,0,859.8654241,32,520.6738033,77,18,7,868,4,13426.75377,0,0,0,17546.67888,0,Low Risk
CUST_02466,58,Female,Unemployed,33898.79801,219,763.5069645,10,615.5440544,8,412.4346473,33,11,9,851,5,10259.25061,1,0,0,3390.046343,0,Low Risk
CUST_02467,60,Male,Unemployed,38844.47018,204,700.2175422,10,529.541419,0,785.1457711,43,12,6,773,5,16840.10463,6,0,0,13133.60094,1,High Risk
CUST_02468,68,Male,Self-Employed,48865.58641,31,605.6564943,6,1256.610946,49,531.8230278,0,16,2,512,2,12263.06438,5,0,0,9519.582247,1,High Risk
CUST_02469,30,Male,Self-Employed,53885.94724,193,1840.013854,8,1246.84297,22,456.4380035,31,18,3,472,0,19706.33906,5,0,0,9254.914219,1,High Risk
CUST_02470,58,Other,Self-Employed,79078.85499,232,1263.766552,4,1307.258193,27,592.989185,31,3,6,699,5,0.0,7,0,0,7624.59694,1,High Risk
CUST_02471,43,Other,Unemployed,76803.63829,214,802.937859,1,788.5065773,2,510.4154494,50,5,3,578,5,8965.648196,6,0,0,2221.932778,1,High Risk
CUST_02472,65,Other,Self-Employed,64967.76797,156,617.5625678,7,1163.23243,37,346.1112138,23,2,4,515,5,17540.96643,4,0,0,652.5939019,1,High Risk
CUST_02473,38,Female,Unemployed,52182.69192,226,731.0628441,8,782.9062131,35,766.8089571,43,10,0,809,5,21914.04984,2,0,0,5013.457608,0,Low Risk
CUST_02474,23,Other,Employed,33315.36645,233,2192.62809,6,490.9307074,43,125.5835689,75,11,4,894,2,19964.10589,7,0,0,2828.214508,1,High Risk
CUST_02475,45,Female,Unemployed,80233.4702,104,1446.646384,11,1193.461875,43,398.744193,36,11,9,518,2,8202.262328,1,0,0,10209.73243,1,High Risk
CUST_02476,57,Other,Self-Employed,45542.44165,61,2165.09707,4,1371.854597,4,963.5862579,65,17,9,403,4,19604.61674,2,0,0,17337.82264,1,High Risk
CUST_02477,61,Other,Employed,55064.73441,179,3631.738928,7,442.7893095,28,526.3962007,13,13,3,350,5,1127.138346,7,0,0,14714.775,1,High Risk
CUST_02478,51,Male,Unemployed,61292.34299,183,1485.712176,5,436.199163,12,103.6239956,16,10,2,376,0,6480.19485,4,1,0,5668.537737,1,High Risk
CUST_02479,58,Male,Employed,51108.7254,218,366.3802111,11,813.993677,43,782.3507019,14,16,8,728,0,10449.51922,1,0,0,13169.38042,0,Low Risk
CUST_02480,64,Male,Employed,70719.75222,161,1390.376468,3,1134.645012,3,428.9679433,60,15,0,303,1,14723.60847,7,0,0,11743.98025,1,High Risk
CUST_02481,65,Female,Employed,58197.05499,234,3003.272608,0,403.1632822,5,235.0797104,48,2,9,610,3,6112.667439,7,1,0,8945.344015,1,High Risk
CUST_02482,55,Female,Unemployed,67795.4934,14,2369.394098,5,879.4555079,37,763.3847399,7,3,4,388,5,11171.49917,3,0,1,15570.57465,1,High Risk
CUST_02483,59,Other,Self-Employed,58052.22007,188,983.1734239,7,593.3505661,5,774.3137552,2,7,9,770,1,20176.06449,0,0,0,500.0,0,Low Risk
CUST_02484,56,Female,Unemployed,49317.80608,166,1256.770886,2,1045.290185,10,856.7861849,74,10,1,662,4,4950.227239,4,0,0,4919.843304,1,High Risk
CUST_02485,52,Other,Self-Employed,51335.34101,12,2120.011285,11,520.7396125,26,257.7788555,26,12,4,329,0,4479.805943,7,0,0,11535.60116,1,High Risk
CUST_02486,55,Female,Unemployed,48879.67139,136,1883.652579,6,1070.13105,45,465.018852,8,11,4,457,2,7259.646945,6,0,0,9384.266767,1,High Risk
CUST_02487,22,Female,Unemployed,26882.85527,137,2128.540307,11,744.6248162,34,426.7960913,14,4,9,816,2,26326.05189,4,0,0,4979.985572,1,High Risk
CUST_02488,28,Female,Unemployed,31985.2497,33,1308.765805,6,472.0008167,39,266.7936086,31,15,0,792,3,14515.25721,6,0,0,1786.470571,1,High Risk
CUST_02489,27,Male,Self-Employed,63329.85564,93,1810.87916,8,822.2914844,3,643.022457,10,0,3,570,5,6853.486835,2,0,0,1202.547366,1,High Risk
CUST_02490,52,Female,Unemployed,27331.31705,202,1255.791205,0,121.7093399,26,773.3222954,2,8,6,700,4,17516.46058,3,0,0,7325.127577,0,Low Risk
CUST_02491,25,Male,Employed,42723.98077,5,2614.745223,4,604.3168998,15,385.9957297,25,13,0,347,4,982.5728183,3,0,0,11150.69494,1,High Risk
CUST_02492,60,Male,Unemployed,31098.13575,106,278.9642802,7,918.0903746,17,538.8465685,6,7,9,652,1,11214.4996,5,0,0,13832.3813,1,High Risk
CUST_02493,58,Female,Employed,41761.05894,177,281.4310647,2,179.8858273,6,536.0589094,54,2,1,580,5,12806.83463,4,0,0,3253.424034,1,High Risk
CUST_02494,23,Other,Self-Employed,47205.15253,128,928.2811869,4,20.0,10,770.9805864,38,6,3,799,0,18672.64383,4,0,0,6707.547397,1,High Risk
CUST_02495,32,Other,Self-Employed,42687.79235,215,957.3047439,0,20.0,7,501.9202377,3,3,9,574,5,3358.541397,0,0,0,3720.727697,1,High Risk
CUST_02496,68,Other,Unemployed,24289.44031,3,278.7713227,8,1264.494994,5,508.1908718,29,14,1,358,0,19705.42458,3,0,0,9947.294314,1,High Risk
CUST_02497,21,Female,Unemployed,46660.45096,175,134.761126,3,773.1343455,47,728.8720607,37,11,1,480,3,18155.69662,4,0,0,10616.6797,1,High Risk
CUST_02498,24,Other,Unemployed,32739.86909,184,2354.801589,4,613.6371121,4,530.8853679,50,8,0,770,2,20017.63089,7,1,0,4007.08798,1,High Risk
CUST_02499,63,Male,Employed,38541.97022,180,1366.398896,2,1130.804157,5,357.7532427,77,17,1,723,5,4797.002285,0,0,0,1939.013901,0,Low Risk
CUST_02500,46,Other,Self-Employed,63329.36276,209,1305.86474,1,658.4426111,37,226.5718245,35,12,2,512,1,22408.25595,2,0,0,15899.16799,1,High Risk
CUST_02501,51,Female,Employed,67197.07394,137,1545.037357,11,893.961665,1,345.2988803,59,2,3,399,3,710.9186147,3,0,0,8173.586429,1,High Risk
CUST_02502,40,Other,Employed,26402.52496,193,2778.519283,6,809.0143728,30,560.6496935,50,6,0,761,0,4487.458159,1,0,0,8426.952488,0,Low Risk
CUST_02503,27,Male,Unemployed,78235.98615,17,1593.041068,10,635.1502027,38,175.0786006,75,18,0,318,5,13069.09793,1,0,0,2625.164973,1,High Risk
CUST_02504,57,Female,Unemployed,40818.44162,91,1411.007831,4,902.9510594,31,568.3182413,48,7,6,835,1,9733.552889,4,0,0,7241.910401,1,High Risk
CUST_02505,27,Other,Employed,39181.81783,197,989.9267198,10,1070.641427,8,122.0223725,14,10,4,389,4,3954.967577,6,0,0,4834.777833,1,High Risk
CUST_02506,69,Female,Employed,33950.21383,160,1979.170438,9,735.282684,14,250.9014242,72,4,6,789,2,26181.37082,6,0,0,5325.615444,1,High Risk
CUST_02507,22,Female,Unemployed,51006.41735,124,1448.50748,2,638.8055494,20,663.0400681,27,15,9,614,0,1818.291285,4,1,0,3672.360099,1,High Risk
CUST_02508,63,Female,Unemployed,85667.9045,208,2821.694826,1,680.1206572,45,388.7557891,24,2,8,616,0,1583.404055,5,1,0,13130.14366,1,High Risk
CUST_02509,22,Other,Employed,22286.13046,118,1371.395123,9,20.0,27,557.5399615,79,0,0,331,3,13953.9878,0,0,0,4799.634014,1,High Risk
CUST_02510,41,Female,Unemployed,12976.04726,198,2306.119196,5,899.0708413,44,486.1902638,35,9,7,856,2,11673.78944,6,0,0,11844.01981,1,High Risk
CUST_02511,25,Other,Unemployed,54833.18946,38,931.1469339,9,376.8110489,26,889.4285961,3,9,9,718,0,3225.393758,4,0,0,2487.616777,1,High Risk
CUST_02512,21,Male,Employed,60248.10511,69,923.3260547,5,1020.401553,4,533.9840389,20,15,3,737,0,25078.33421,4,0,0,14268.33854,1,High Risk
CUST_02513,42,Other,Employed,50948.09978,135,38.56479809,2,768.3515648,16,244.2920203,64,10,8,429,0,12620.39413,0,0,0,8685.655564,1,High Risk
CUST_02514,63,Male,Self-Employed,60724.39056,27,2135.574896,8,836.7923838,36,652.0682364,68,18,1,880,3,8585.611792,6,0,0,10966.47544,1,High Risk
CUST_02515,21,Other,Employed,29637.30212,225,1469.414442,0,1045.11521,23,236.7133907,9,19,8,507,0,11995.32397,1,0,0,500.0,1,High Risk
CUST_02516,57,Female,Unemployed,32992.3441,13,2011.650345,2,475.7166818,30,748.0195201,49,12,7,498,3,2562.533527,7,0,0,10835.25155,1,High Risk
CUST_02517,36,Other,Employed,52231.24279,202,2856.941511,0,929.2369552,34,698.3657614,9,14,5,543,4,18528.51192,0,0,0,17821.51897,1,High Risk
CUST_02518,54,Female,Employed,81645.24849,220,822.665559,6,893.6673684,40,574.0624059,15,9,4,660,4,13564.37786,7,0,0,8747.64461,1,High Risk
CUST_02519,53,Male,Employed,60092.25188,68,701.6268723,1,735.3267086,40,688.7514404,37,3,2,387,4,10509.88672,7,0,0,19483.8468,1,High Risk
CUST_02520,42,Other,Self-Employed,60929.67182,158,870.2955259,10,475.1348297,3,793.3505821,66,18,0,860,4,11991.42107,5,0,0,500.0,1,High Risk
CUST_02521,49,Female,Self-Employed,30673.82308,62,10.0,10,1008.333427,19,493.1836215,19,14,5,325,1,6673.223605,5,0,0,3624.571003,1,High Risk
CUST_02522,27,Male,Unemployed,57603.29149,140,1345.431999,11,1046.209091,42,542.6742454,68,5,9,523,1,18814.22398,6,0,0,9886.70635,1,High Risk
CUST_02523,41,Male,Self-Employed,28721.31352,52,2207.359694,3,839.7607091,16,560.5602113,69,16,4,790,4,8079.507453,3,0,0,3633.156839,0,Low Risk
CUST_02524,63,Other,Employed,81819.63244,169,1539.229691,3,425.3941545,45,316.7910458,24,12,7,582,5,8663.473568,3,0,0,17698.36636,0,Low Risk
CUST_02525,55,Male,Self-Employed,31785.30843,167,243.2691395,7,615.3928385,9,355.9558823,53,19,0,810,4,13193.15353,4,0,0,3190.851842,1,High Risk
CUST_02526,24,Female,Employed,35663.34887,65,1214.49228,10,778.8835472,36,514.4391981,11,16,9,468,2,0.0,4,0,0,11350.4643,1,High Risk
CUST_02527,32,Male,Self-Employed,23484.63842,191,1600.136743,3,1040.973092,20,498.5062484,64,14,0,638,0,15304.41952,5,1,0,4836.881659,1,High Risk
CUST_02528,48,Male,Self-Employed,51544.69375,233,2270.008842,2,245.7787096,20,563.5593403,53,6,6,689,5,11830.38899,1,0,0,500.0,0,Low Risk
CUST_02529,50,Female,Self-Employed,50788.24966,215,2137.174842,9,602.6687875,48,376.6174435,66,10,7,510,2,15191.14838,1,0,0,7338.134024,1,High Risk
CUST_02530,66,Male,Employed,77238.33946,94,1223.615729,11,659.064604,15,131.9172612,20,17,9,406,2,10551.46806,2,1,0,6417.672509,1,High Risk
CUST_02531,35,Male,Self-Employed,63975.46854,40,1222.201725,2,770.8724472,32,867.4900188,4,19,0,616,2,6947.11637,3,0,0,9794.821005,0,Low Risk
CUST_02532,61,Male,Employed,35766.19916,122,1975.304513,4,344.5361506,9,151.6355611,57,18,8,621,2,12686.64561,6,1,0,11783.42873,1,High Risk
CUST_02533,49,Male,Employed,65721.11966,35,1025.357687,5,723.8635276,43,703.4044302,78,7,6,504,5,17956.90187,3,0,0,4711.692452,1,High Risk
CUST_02534,35,Female,Unemployed,27616.7179,77,2184.291497,6,691.3307525,17,423.9672389,3,17,6,523,2,8674.242787,5,0,0,11865.15857,1,High Risk
CUST_02535,31,Male,Self-Employed,37069.6453,47,972.8033912,4,436.842845,32,549.9493652,18,9,7,342,2,16979.95502,2,0,0,8198.672663,1,High Risk
CUST_02536,36,Female,Unemployed,52132.27188,174,2740.910087,6,758.7113455,28,665.6155953,54,17,7,361,4,10209.00133,2,0,0,4178.991493,1,High Risk
CUST_02537,35,Male,Unemployed,29626.04519,131,1688.218044,3,610.5908161,30,385.911484,60,16,0,312,2,9260.159255,3,1,0,4881.941159,1,High Risk
CUST_02538,31,Male,Employed,69163.85931,55,10.0,4,973.4551499,23,158.0754111,71,8,3,777,5,17313.5729,7,0,0,8103.886948,1,High Risk
CUST_02539,27,Male,Self-Employed,91027.63103,177,2012.351906,5,490.1353536,11,750.0016227,23,2,8,382,1,14078.74185,6,1,0,10012.57238,1,High Risk
CUST_02540,39,Male,Employed,44698.60237,163,1703.872738,8,831.4419427,19,667.1648068,67,14,2,673,5,3782.158859,4,0,0,7456.847641,1,High Risk
CUST_02541,22,Female,Employed,38269.63546,69,1888.922916,5,517.063907,5,518.0293899,18,11,5,888,0,10792.99244,7,0,0,6936.845849,1,High Risk
CUST_02542,35,Female,Self-Employed,47667.38701,220,3301.511963,9,590.0860166,7,706.2293288,23,16,3,394,5,5029.953972,3,0,0,4497.800755,1,High Risk
CUST_02543,49,Female,Employed,39967.29809,145,1290.978807,10,904.0520697,13,582.0398126,53,5,0,819,5,15164.86245,2,0,0,8275.436491,0,Low Risk
CUST_02544,64,Other,Self-Employed,54711.14789,107,258.0260399,0,882.1512065,4,486.2907766,20,8,2,830,1,6539.744871,1,0,0,9016.268689,0,Low Risk
CUST_02545,42,Male,Self-Employed,26196.71935,16,2514.03013,11,654.0422361,35,449.8589575,71,9,2,585,3,12965.00075,0,0,0,16701.27558,0,Low Risk
CUST_02546,47,Male,Employed,55733.11517,153,76.35052347,10,705.7062836,47,0.0,18,2,2,866,1,15114.65542,1,1,0,3651.335098,1,High Risk
CUST_02547,59,Female,Employed,84414.61829,126,902.8811013,6,291.2377442,37,566.8958979,74,5,5,473,3,15175.57146,6,0,0,13762.80218,1,High Risk
CUST_02548,24,Other,Unemployed,13961.43404,184,1533.67629,10,1290.967509,2,246.0224806,52,12,8,465,4,8716.585873,5,0,0,11286.39747,1,High Risk
CUST_02549,39,Male,Employed,28964.34626,122,781.0000966,10,1040.609739,35,609.9321558,49,13,6,572,3,12293.31698,1,0,0,7385.657902,1,High Risk
CUST_02550,59,Female,Self-Employed,41988.96781,138,1448.980434,2,1028.006818,21,427.1885007,22,3,6,653,2,7814.272959,2,0,0,16466.2637,0,Low Risk
CUST_02551,63,Male,Unemployed,59754.07077,184,1391.360455,5,241.7387241,7,68.03143534,36,9,0,742,2,9456.330344,3,1,0,7489.962472,1,High Risk
CUST_02552,20,Male,Self-Employed,66026.87772,38,2728.656958,1,591.5785026,13,484.2425396,27,18,8,848,2,6308.190287,5,0,0,9135.258936,1,High Risk
CUST_02553,49,Female,Unemployed,64578.82087,214,10.0,11,682.9088899,6,387.6330184,75,15,3,671,3,12335.21884,2,0,0,6299.581162,0,Low Risk
CUST_02554,40,Female,Employed,19549.36719,130,1569.883255,6,124.1284778,3,844.5719936,79,6,7,749,5,14868.08843,2,1,0,10977.64657,1,High Risk
CUST_02555,39,Male,Employed,37861.77512,182,763.4080268,0,1111.482534,18,0.0,79,4,0,341,3,6938.934381,6,1,0,7981.671609,1,High Risk
CUST_02556,25,Male,Employed,33794.29565,136,1049.985977,1,1308.859571,42,292.5299449,77,11,7,554,3,6970.367624,5,0,0,3922.320343,1,High Risk
CUST_02557,41,Female,Self-Employed,48826.42008,99,2044.074152,8,1521.677235,46,205.4914941,70,14,8,364,0,21572.70105,7,0,0,9780.044109,1,High Risk
CUST_02558,37,Male,Unemployed,50329.04154,158,1914.415405,8,433.9406604,23,697.4511942,20,0,4,772,0,6959.21428,5,0,0,15135.55278,1,High Risk
CUST_02559,27,Male,Self-Employed,25353.91196,180,1774.252461,6,841.0632239,15,553.1225645,20,5,6,635,0,16313.97255,5,0,0,5261.00098,1,High Risk
CUST_02560,58,Female,Unemployed,42088.02161,168,493.7668941,1,1262.986394,5,686.7560131,40,18,9,309,2,18042.67615,4,1,0,11904.19203,1,High Risk
CUST_02561,51,Male,Employed,60449.33382,160,2448.94588,4,711.2335324,43,221.3240301,34,4,1,320,4,13708.57875,5,0,0,5278.830714,1,High Risk
CUST_02562,52,Male,Self-Employed,38690.04498,237,799.399415,3,601.5542302,7,259.1340703,0,8,0,479,1,14188.72721,6,0,0,9770.631718,1,High Risk
CUST_02563,35,Other,Employed,46395.79996,83,2609.112097,1,146.8938143,24,514.5494045,77,6,5,658,0,12429.92714,6,0,0,10427.77447,1,High Risk
CUST_02564,31,Female,Self-Employed,80544.01675,75,980.4711813,1,1196.41786,31,933.7242397,66,8,8,378,1,3813.033747,4,0,0,13585.60302,1,High Risk
CUST_02565,57,Other,Employed,85820.53124,222,2324.665465,9,793.2587354,24,635.9143231,69,15,0,432,0,18425.23782,0,0,0,4347.614887,1,High Risk
CUST_02566,53,Other,Self-Employed,11095.50033,184,1581.386684,7,544.7303494,9,280.661425,3,4,9,691,3,9320.016188,4,0,0,7045.92864,1,High Risk
CUST_02567,33,Other,Self-Employed,52050.1563,73,160.7719962,4,899.3500514,42,554.47837,0,9,0,863,3,16995.6031,0,0,0,5523.55218,0,Low Risk
CUST_02568,55,Male,Unemployed,102506.5899,48,1215.601881,7,853.5518806,40,648.9664218,20,14,3,684,2,11864.35997,1,0,0,11214.71806,0,Low Risk
CUST_02569,52,Male,Employed,58619.24362,158,2861.874585,1,858.8906858,16,160.1283687,51,14,9,383,2,14872.44764,1,0,0,10896.10761,1,High Risk
CUST_02570,42,Other,Unemployed,50332.82106,147,2158.762362,1,724.0156782,45,436.2287027,52,12,5,586,1,13631.84586,2,0,0,8864.430624,0,Low Risk
CUST_02571,69,Other,Unemployed,73628.38721,234,1151.924724,10,1367.825356,2,454.8401748,79,19,8,451,2,9198.61489,1,0,0,7659.682246,1,High Risk
CUST_02572,64,Other,Employed,53925.67052,178,2542.925732,10,753.2190934,8,948.9190566,55,17,1,553,4,16748.00906,4,0,0,11982.06195,1,High Risk
CUST_02573,21,Male,Self-Employed,62764.46862,174,1725.504047,2,1366.762727,17,524.0507639,72,6,4,600,4,3984.614744,7,0,0,2357.733199,1,High Risk
CUST_02574,60,Other,Unemployed,46214.51909,238,2814.252637,10,997.4409242,48,915.9322689,65,7,6,690,4,19382.0793,4,0,0,8626.256002,1,High Risk
CUST_02575,40,Other,Employed,53663.18649,62,1436.624357,9,922.90955,29,312.9616749,66,7,3,429,2,18613.92012,4,0,0,12617.37169,1,High Risk
CUST_02576,21,Female,Self-Employed,57679.35242,62,1266.520503,7,760.3538364,4,636.9518263,32,10,5,756,0,10408.42538,7,0,1,1875.803051,1,High Risk
CUST_02577,46,Female,Unemployed,65580.05778,7,2290.535112,7,1140.884843,31,153.2889654,22,8,5,874,1,13508.03177,3,0,0,6142.996823,0,Low Risk
CUST_02578,28,Male,Unemployed,42229.02772,199,1701.599608,2,839.5471187,26,653.9021731,5,5,3,852,5,10481.58625,4,0,0,5974.139632,1,High Risk
CUST_02579,20,Female,Unemployed,41739.81642,208,1946.015258,0,473.7540747,20,403.2709366,46,19,3,388,1,7020.375154,5,0,0,6196.989708,1,High Risk
CUST_02580,30,Female,Self-Employed,15305.3163,200,809.9272301,6,462.0777332,23,418.8009417,57,1,8,629,1,11485.89933,2,0,0,15994.16718,0,Low Risk
CUST_02581,22,Female,Unemployed,43031.28099,137,2436.963416,3,947.8696177,37,678.2004684,4,4,0,770,5,13637.05293,7,0,0,500.0,1,High Risk
CUST_02582,42,Male,Self-Employed,67154.63657,183,2285.829987,2,482.4173902,2,703.3648499,76,3,4,342,0,19986.39792,2,1,0,5965.507843,1,High Risk
CUST_02583,45,Female,Unemployed,58338.04021,147,2581.241641,4,778.2191301,15,576.2434498,76,19,8,766,2,10804.1344,1,0,0,10440.4085,0,Low Risk
CUST_02584,23,Male,Employed,32058.46576,61,412.1833675,11,1170.014588,14,951.9261157,8,14,8,354,0,12060.38475,0,0,0,11631.6796,1,High Risk
CUST_02585,37,Other,Unemployed,15730.47545,11,569.8226665,5,906.3895623,24,517.1439799,2,6,8,350,3,19834.74594,5,0,0,12774.76598,1,High Risk
CUST_02586,25,Female,Employed,47436.42677,225,902.5043406,0,547.2527954,7,581.7814065,60,0,1,653,0,15047.14389,5,0,1,1564.751196,1,High Risk
CUST_02587,54,Male,Employed,66628.00135,152,1308.525189,11,1293.495629,40,566.1593023,63,18,6,874,5,3619.907521,6,0,0,13388.39096,1,High Risk
CUST_02588,41,Female,Employed,41379.83003,47,433.6410201,11,991.7563329,3,675.3268009,45,17,9,548,2,11817.92655,5,0,0,12979.019,1,High Risk
CUST_02589,62,Other,Self-Employed,23991.39493,203,2009.825282,8,1156.227546,31,506.0347451,55,1,7,626,5,17020.03628,3,0,0,4500.273123,0,Low Risk
CUST_02590,34,Male,Employed,39388.8709,189,1149.373822,5,20.0,44,244.3003287,38,12,0,406,5,26744.97066,0,0,0,3902.127396,1,High Risk
CUST_02591,41,Male,Unemployed,55870.85955,82,2504.77659,2,915.7985074,34,594.6767419,12,13,1,476,0,13112.46057,3,0,0,2574.098185,1,High Risk
CUST_02592,56,Male,Self-Employed,72363.87116,230,3179.132384,0,1094.755243,29,116.0860701,40,2,0,428,2,0.0,5,0,0,500.0,1,High Risk
CUST_02593,61,Other,Employed,45379.48949,228,1024.758788,8,1395.101025,38,714.2338049,10,15,8,492,0,1074.617474,2,1,1,16957.84898,1,High Risk
CUST_02594,31,Other,Self-Employed,68988.06343,239,886.1643278,1,287.6634955,47,793.0997845,40,13,9,724,0,7878.258184,6,0,0,8256.614236,1,High Risk
CUST_02595,66,Other,Self-Employed,66992.75867,15,2097.824445,9,1222.140106,48,378.6122634,74,14,4,393,1,6310.790193,7,1,0,500.0,1,High Risk
CUST_02596,68,Male,Self-Employed,28820.02717,85,1577.580148,5,1375.5331,29,370.1625771,46,2,3,733,1,16967.46672,7,0,0,500.0,1,High Risk
CUST_02597,61,Other,Unemployed,72512.74613,14,1795.73844,5,93.94885795,16,11.9415398,48,1,7,395,1,23223.3237,2,0,0,3510.352383,1,High Risk
CUST_02598,57,Female,Employed,55312.02981,166,2563.515669,11,967.5068885,18,486.5316824,64,2,2,858,2,16653.86615,3,0,0,5915.65836,0,Low Risk
CUST_02599,37,Other,Self-Employed,28279.70503,12,1282.655724,2,1016.167285,30,595.7581851,34,8,7,599,4,17441.53118,1,0,0,11179.08226,0,Low Risk
CUST_02600,64,Male,Self-Employed,81694.96412,18,647.4049215,10,685.5473181,16,583.1171001,34,7,2,664,4,15969.6913,4,0,0,12619.08927,1,High Risk
CUST_02601,54,Female,Self-Employed,47739.63942,94,515.622206,5,628.466939,1,567.2973761,66,18,5,815,4,14177.35154,4,0,0,9236.222068,1,High Risk
CUST_02602,49,Other,Employed,15018.02326,21,1358.140021,1,1033.74887,36,433.9306201,3,19,3,875,4,7435.888921,0,1,0,8269.68019,1,High Risk
CUST_02603,43,Female,Self-Employed,37287.20574,106,1218.509679,7,584.7563863,47,727.7288539,23,19,7,703,2,16730.95693,6,0,0,9257.178548,1,High Risk
CUST_02604,61,Female,Self-Employed,32855.82365,136,2191.906496,0,723.9627351,28,258.4451483,35,14,6,535,1,9809.475871,6,0,0,13556.00683,1,High Risk
CUST_02605,49,Male,Unemployed,37728.68119,134,2613.985175,5,1084.352215,29,264.7474275,76,11,4,841,1,16965.76781,2,1,0,8326.922283,1,High Risk
CUST_02606,33,Female,Employed,41986.66258,160,2610.837473,0,1413.915068,42,162.6502611,55,13,2,370,1,14597.52782,4,0,0,10172.2511,1,High Risk
CUST_02607,25,Female,Unemployed,45366.99321,105,939.1347787,8,988.2944954,21,335.8359536,3,17,4,649,2,12000.62127,7,0,0,2794.689797,1,High Risk
CUST_02608,22,Male,Employed,44689.95125,97,857.4062092,8,846.7195734,37,213.8283785,39,1,3,384,0,7541.786877,2,0,0,8844.642179,1,High Risk
CUST_02609,35,Male,Employed,48245.26593,176,49.25475346,5,619.2608804,10,0.0,42,10,7,797,3,11571.86937,6,1,0,5699.55543,1,High Risk
CUST_02610,26,Male,Employed,60573.08096,29,1502.421434,5,446.2899858,32,319.5124823,57,0,4,664,5,8508.016966,5,0,0,9688.818452,1,High Risk
CUST_02611,33,Female,Unemployed,36564.14553,175,2207.778321,8,1188.352385,18,702.9154598,61,18,9,626,2,1649.553661,2,1,0,6372.615118,1,High Risk
CUST_02612,28,Female,Unemployed,71258.00956,215,934.6598569,4,746.2925521,2,572.4294897,6,13,9,791,5,5345.63486,2,0,0,9647.596153,0,Low Risk
CUST_02613,34,Female,Unemployed,27946.69703,39,315.8806081,8,1202.746146,39,657.2391525,8,8,4,459,5,13758.16028,4,0,0,4443.365314,1,High Risk
CUST_02614,40,Male,Unemployed,61072.1394,139,3008.663011,4,684.6568427,21,631.9998624,21,2,1,507,0,0.0,4,0,0,3416.846491,1,High Risk
CUST_02615,54,Other,Self-Employed,79578.8839,63,935.8745016,3,572.7489685,17,419.2179155,3,13,8,851,5,26257.57648,5,1,0,4262.84957,1,High Risk
CUST_02616,21,Female,Self-Employed,46807.58212,37,1410.112639,1,947.2796111,44,442.8705195,35,19,5,489,1,8977.996368,4,0,0,4511.586737,1,High Risk
CUST_02617,46,Other,Self-Employed,53482.37668,108,1126.856367,1,773.2124213,29,320.5349107,69,2,0,801,1,17148.83836,3,0,0,9332.019201,0,Low Risk
CUST_02618,21,Male,Employed,32576.49697,49,433.2716244,0,378.0649884,0,561.9357607,66,3,2,422,4,0.0,7,0,0,11415.00839,1,High Risk
CUST_02619,54,Female,Self-Employed,40787.92897,151,2221.504801,9,1436.078915,19,1214.658638,34,1,3,404,4,6121.718529,4,0,0,8600.288753,1,High Risk
CUST_02620,37,Other,Employed,78218.21367,147,100.8311318,2,580.5556792,48,174.070209,32,1,9,890,5,18366.42961,2,0,0,8512.964743,0,Low Risk
CUST_02621,33,Female,Unemployed,63472.6813,57,2399.482832,0,1124.657032,4,749.4453959,6,14,9,498,0,14504.07287,5,0,0,8513.392783,1,High Risk
CUST_02622,39,Female,Employed,57533.79776,90,1714.439573,5,1094.64982,11,366.7474136,54,12,1,511,3,9626.582003,2,0,0,12871.1846,1,High Risk
CUST_02623,37,Female,Employed,15116.45815,97,1285.050541,10,359.1880323,10,863.370223,46,19,9,824,5,23926.10871,6,0,0,3230.609931,1,High Risk
CUST_02624,29,Other,Self-Employed,37103.48778,8,1298.424268,6,449.1643244,23,591.9994998,61,10,3,584,5,3524.266533,5,0,0,9076.509717,1,High Risk
CUST_02625,44,Male,Unemployed,81301.85259,123,1863.4188,8,694.4717311,17,356.6045628,66,13,1,623,0,18571.97232,0,0,0,8751.210181,0,Low Risk
CUST_02626,21,Female,Unemployed,57394.97534,165,985.7428685,6,497.0237094,7,441.035686,63,16,5,766,0,9423.521756,1,0,0,11959.98131,0,Low Risk
CUST_02627,44,Male,Self-Employed,59640.71714,52,1641.402706,3,1404.25973,28,679.1616574,42,14,9,437,5,6913.698371,3,0,0,4419.428184,1,High Risk
CUST_02628,52,Male,Unemployed,53069.99277,167,789.4698829,3,729.9385271,21,922.4438812,17,13,8,655,3,200.7527142,6,0,0,15122.323,1,High Risk
CUST_02629,55,Other,Unemployed,38966.1892,15,10.0,7,1111.412165,44,701.6418582,2,18,0,375,0,1060.344062,7,0,0,7513.413199,1,High Risk
CUST_02630,50,Other,Unemployed,55985.74863,27,1993.592012,3,979.7730862,1,388.9399333,58,1,4,710,0,12838.93136,5,0,0,2520.730008,1,High Risk
CUST_02631,33,Male,Self-Employed,22456.14538,226,3449.733023,0,892.4078571,22,621.9146786,61,3,8,654,2,12456.81965,0,0,0,5672.555364,0,Low Risk
CUST_02632,20,Female,Unemployed,21101.81542,125,1952.84482,8,814.1124238,15,899.2879196,38,7,6,369,3,7436.933147,5,0,0,11179.29214,1,High Risk
CUST_02633,65,Other,Employed,36765.05505,131,1462.062255,2,1232.995748,43,616.2469558,63,11,5,856,1,10774.79421,3,0,0,7109.189851,0,Low Risk
CUST_02634,35,Female,Employed,53458.95625,51,1182.715709,0,511.2174593,7,467.6771104,72,12,6,477,4,11108.03084,3,0,0,4785.12323,1,High Risk
CUST_02635,65,Female,Unemployed,21745.88375,124,1207.790529,8,1404.217359,3,146.5976891,59,17,8,569,1,9177.88342,2,0,0,14171.39582,1,High Risk
CUST_02636,22,Female,Self-Employed,52286.76846,37,1182.651369,10,349.4718868,13,807.3830537,41,16,2,543,5,5993.357581,2,0,0,10520.06416,1,High Risk
CUST_02637,54,Male,Self-Employed,32097.93357,85,1659.19273,10,1073.529104,8,467.7187469,4,12,7,455,1,15168.295,2,0,0,6953.246045,1,High Risk
CUST_02638,60,Female,Self-Employed,34523.14153,55,10.0,9,308.192649,10,322.9512391,45,11,0,488,4,19473.47208,2,0,0,9083.667527,1,High Risk
CUST_02639,25,Male,Unemployed,73392.5926,182,10.0,9,689.5030567,47,683.1466137,3,6,9,498,4,14250.42928,0,0,0,12048.30126,1,High Risk
CUST_02640,44,Male,Unemployed,50671.29344,184,1860.956068,4,832.6584783,37,693.0042586,13,15,5,374,0,14614.90826,1,0,0,13307.06564,1,High Risk
CUST_02641,32,Female,Employed,33731.50319,78,1340.693445,11,629.6566279,43,269.2396753,10,13,8,844,3,16536.1888,1,0,0,5414.632161,0,Low Risk
CUST_02642,53,Female,Self-Employed,53363.00251,106,711.3923877,8,736.4156506,15,311.3937681,59,4,0,392,5,10602.17143,5,0,0,11377.97497,1,High Risk
CUST_02643,27,Female,Employed,23546.87053,234,689.4049684,2,314.5603432,12,640.7424145,21,10,4,491,5,8143.761703,0,0,0,16552.41558,1,High Risk
CUST_02644,40,Female,Employed,56881.9459,49,1053.832549,5,454.3923359,35,802.2419767,4,7,7,405,4,59.72887288,1,0,0,5222.109993,1,High Risk
CUST_02645,53,Male,Self-Employed,69931.72736,45,1165.322689,10,974.3926475,43,417.5954099,52,8,9,737,3,8682.396551,5,0,0,9812.90475,1,High Risk
CUST_02646,23,Female,Unemployed,61911.11723,150,2638.676059,11,810.3851387,35,448.2371539,11,17,5,530,0,8217.384648,4,0,0,10131.92205,1,High Risk
CUST_02647,44,Female,Unemployed,88838.85748,163,643.9565421,10,558.315191,16,327.3636377,20,7,5,598,5,5688.02726,6,0,0,7305.499409,1,High Risk
CUST_02648,34,Male,Employed,15108.9609,95,2111.159926,11,1263.497217,13,807.9154518,78,6,2,327,5,13407.85795,6,0,0,4037.102877,1,High Risk
CUST_02649,23,Other,Employed,52285.44344,146,1972.212204,6,373.024185,28,664.177741,23,7,7,613,1,10841.32613,4,0,0,4027.701485,1,High Risk
CUST_02650,64,Other,Employed,25816.98686,80,1332.455175,4,673.4433369,16,221.2632882,12,14,0,826,5,14560.92809,4,0,0,7071.083314,1,High Risk
CUST_02651,31,Male,Employed,46882.01424,9,2111.988033,11,623.0203026,0,915.2193498,25,18,3,662,4,5251.584843,2,1,0,4316.52408,1,High Risk
CUST_02652,51,Other,Self-Employed,50027.79143,72,1853.337059,7,1015.26317,19,1362.638697,39,3,7,669,5,2853.695652,4,0,0,1671.966311,1,High Risk
CUST_02653,51,Male,Employed,91037.21869,151,495.0586897,9,816.8572919,32,50.09561964,25,6,5,389,4,16009.15859,5,0,0,2428.717403,1,High Risk
CUST_02654,47,Female,Employed,48924.01201,38,1025.334476,5,762.1421637,1,587.2253575,44,3,8,837,0,16954.59514,3,0,0,5649.191079,0,Low Risk
CUST_02655,32,Female,Unemployed,48588.25603,216,1810.218194,11,154.5241536,16,113.3911056,29,14,0,650,3,6952.6777,3,0,0,7189.135866,0,Low Risk
CUST_02656,50,Other,Unemployed,68092.86392,106,1021.605235,5,1102.762068,22,425.8651778,63,1,1,744,3,9858.675177,5,1,0,5363.579098,1,High Risk
CUST_02657,33,Female,Unemployed,49049.20869,56,1988.597497,6,723.7609648,21,133.2523026,72,11,0,428,5,13644.09077,0,0,0,3943.473947,1,High Risk
CUST_02658,39,Other,Self-Employed,82960.64735,149,2430.020513,7,840.4813562,0,867.5733558,37,5,3,381,2,15479.48067,6,0,0,12460.83797,1,High Risk
CUST_02659,37,Other,Self-Employed,62054.32081,27,1478.287042,11,538.002873,11,407.9920817,17,5,8,508,1,1460.046651,7,1,0,3065.145502,1,High Risk
CUST_02660,48,Female,Unemployed,64913.05544,69,1015.302078,1,482.959933,12,752.7131102,8,13,3,345,2,17907.36265,3,0,0,8094.393604,1,High Risk
CUST_02661,25,Female,Unemployed,16383.84914,230,924.3019591,6,1324.750715,13,543.0648199,55,5,8,791,3,4028.098747,5,0,0,13359.60302,1,High Risk
CUST_02662,51,Other,Employed,85733.83074,111,1208.540495,8,179.3664976,9,926.0389816,37,0,5,300,2,3581.031328,6,0,0,8613.477658,1,High Risk
CUST_02663,48,Female,Employed,38183.73943,183,1152.619814,0,431.0303403,11,197.4394702,20,5,4,862,3,9518.122388,7,0,0,18127.78351,1,High Risk
CUST_02664,62,Male,Self-Employed,49824.85698,228,2191.221926,11,1318.172253,21,0.0,70,17,9,463,4,9401.071702,5,1,0,10223.84343,1,High Risk
CUST_02665,21,Female,Self-Employed,38251.32971,205,1030.822926,0,1024.261233,17,355.3487872,11,15,3,758,0,12168.88328,6,0,0,6914.220176,1,High Risk
CUST_02666,42,Female,Employed,31563.47641,50,1359.393624,6,686.0881139,38,406.5667903,35,0,9,557,5,12940.8074,0,0,0,5861.902952,1,High Risk
CUST_02667,38,Male,Unemployed,28360.96939,172,2123.766861,4,1236.30871,18,101.7926845,10,18,1,399,2,22175.85615,1,0,0,11138.44797,1,High Risk
CUST_02668,50,Female,Employed,51858.34986,177,1236.010383,0,956.4010407,29,607.3161305,66,17,7,836,5,6526.914994,3,0,1,10727.80588,1,High Risk
CUST_02669,24,Female,Self-Employed,14541.85772,93,1144.632501,0,881.4310322,14,595.4463863,26,1,2,446,4,18387.12727,5,0,0,10277.51525,1,High Risk
CUST_02670,38,Other,Self-Employed,45629.55883,172,2197.068147,1,878.946706,38,833.328353,62,18,0,882,4,3134.793822,5,0,0,4978.688191,1,High Risk
CUST_02671,53,Female,Employed,69039.83565,4,2428.004401,10,962.833376,13,758.7058772,70,16,9,313,0,4577.791907,3,0,0,6683.464939,1,High Risk
CUST_02672,29,Female,Employed,61374.96028,136,1530.695438,9,976.9923755,8,375.2329816,65,17,6,729,0,6358.178866,0,1,0,1716.832676,1,High Risk
CUST_02673,44,Male,Employed,57783.83698,129,2828.560703,8,1568.590569,4,210.696381,73,3,7,592,4,418.7898365,3,0,0,7560.228099,0,Low Risk
CUST_02674,21,Other,Self-Employed,33883.07824,48,1632.602089,11,731.7875159,32,71.41055951,66,17,6,568,5,14685.89274,7,0,0,9590.965008,1,High Risk
CUST_02675,30,Other,Unemployed,21450.28654,196,2201.06685,11,742.5834841,47,450.6535319,64,4,3,754,4,19317.20487,0,0,0,4978.640976,0,Low Risk
CUST_02676,69,Other,Employed,68752.29414,108,3064.006181,2,367.0873844,4,446.2995168,33,11,7,637,2,17441.12312,3,0,0,6283.369965,0,Low Risk
CUST_02677,50,Female,Self-Employed,41918.72331,211,997.0654083,8,781.8359146,23,596.3003436,76,14,9,735,2,2747.853708,6,0,0,6625.140699,1,High Risk
CUST_02678,34,Other,Self-Employed,48504.58806,42,1082.939457,5,1452.010415,7,92.25894,77,14,3,884,1,25679.1905,6,0,0,9519.867352,1,High Risk
CUST_02679,28,Male,Self-Employed,46443.29776,60,2139.53352,9,1144.569751,18,535.0965285,33,2,4,386,1,12669.6876,7,0,0,2741.164671,1,High Risk
CUST_02680,42,Other,Employed,62103.07346,80,1371.531777,5,609.7162896,11,631.8993108,63,2,7,650,4,21269.39863,6,0,0,5424.90867,1,High Risk
CUST_02681,38,Male,Employed,83179.68883,204,747.2545999,6,810.5144776,7,337.9431888,16,10,1,723,1,11163.39295,5,0,0,2181.697397,1,High Risk
CUST_02682,28,Other,Unemployed,76322.73473,239,1220.659758,9,346.2465685,7,640.9493084,50,19,9,530,4,11227.72211,2,0,0,6671.160361,1,High Risk
CUST_02683,54,Other,Self-Employed,10000.0,35,368.188788,10,460.8082295,37,439.8531025,55,13,7,867,0,9744.775943,6,0,0,9432.937191,1,High Risk
CUST_02684,40,Male,Employed,44446.29852,236,1519.694555,7,852.3044034,19,796.246484,47,6,4,514,0,24393.94508,1,0,1,10306.73254,1,High Risk
CUST_02685,28,Other,Self-Employed,25758.61667,64,1630.473586,10,626.940889,28,858.4497179,61,17,4,747,2,20326.96578,6,0,0,10732.865,1,High Risk
CUST_02686,47,Other,Self-Employed,66891.71944,14,2367.950434,2,434.3900737,40,506.8703794,55,5,6,435,5,11650.04798,3,0,0,5880.887724,1,High Risk
CUST_02687,65,Other,Unemployed,50071.70267,128,2444.398849,7,971.4442677,33,714.9028474,10,5,3,553,3,10072.86487,5,0,0,12587.44308,1,High Risk
CUST_02688,26,Female,Employed,60910.73369,226,1246.21148,5,771.2124697,17,162.0804559,19,10,2,628,5,16470.04945,1,0,0,16335.26635,0,Low Risk
CUST_02689,35,Male,Employed,42905.75953,51,3186.074509,5,251.3573699,0,381.2615279,67,2,5,827,4,818.7561585,3,1,0,6887.140811,1,High Risk
CUST_02690,35,Other,Self-Employed,31291.31109,90,640.9094577,10,73.69856184,10,591.7532117,33,13,5,800,5,0.0,7,0,0,8411.437271,1,High Risk
CUST_02691,52,Male,Self-Employed,34370.94683,80,379.9504231,2,600.4959755,46,388.2164776,41,11,9,563,2,5784.474717,3,0,0,6837.829708,1,High Risk
CUST_02692,23,Male,Unemployed,22405.77199,7,506.2784248,5,244.1071998,43,430.6213836,40,13,5,672,1,14254.06772,6,1,0,6364.039449,1,High Risk
CUST_02693,23,Male,Unemployed,27254.58675,181,562.9751835,10,145.8810077,34,256.4396299,61,14,6,359,4,18368.43642,6,1,0,5067.325436,1,High Risk
CUST_02694,58,Other,Unemployed,23462.725,71,2106.461386,7,1195.13922,31,933.0881526,16,8,3,757,2,4534.445653,2,0,0,10254.61463,0,Low Risk
CUST_02695,59,Other,Unemployed,31357.3518,113,2845.728597,6,765.8011885,41,260.9892758,11,18,2,759,1,21229.83454,7,0,0,13158.98672,1,High Risk
CUST_02696,36,Male,Unemployed,30338.99305,162,2878.592413,9,707.0937676,15,692.8073097,67,11,2,486,4,8782.780628,4,0,0,2107.416436,1,High Risk
CUST_02697,56,Female,Unemployed,57093.67589,239,10.0,9,734.0579643,5,373.7422581,40,6,2,676,2,14560.03759,6,0,0,10629.38684,1,High Risk
CUST_02698,58,Male,Self-Employed,56387.5096,179,2185.457481,6,401.7587472,8,655.3264211,13,16,1,713,3,8762.138791,4,0,1,4235.336229,1,High Risk
CUST_02699,48,Female,Unemployed,57074.07572,227,2721.653353,2,943.8416578,39,342.8647722,3,13,5,343,2,11299.27175,1,0,0,9716.004355,1,High Risk
CUST_02700,55,Male,Self-Employed,71149.91652,62,2298.348755,9,754.2548856,21,411.5216863,76,14,0,778,4,22837.93133,7,0,0,9536.052025,1,High Risk
CUST_02701,57,Male,Self-Employed,48589.91796,48,993.3044873,2,534.9069704,47,600.8609821,73,13,5,465,1,8783.411875,7,0,0,10177.90247,1,High Risk
CUST_02702,58,Male,Employed,35945.33725,198,1634.720736,4,587.3299604,7,651.6722969,13,18,7,452,4,6352.003075,1,1,0,9312.699453,1,High Risk
CUST_02703,69,Other,Self-Employed,89805.26437,224,738.7889985,11,370.3894504,31,719.5647876,8,18,5,451,4,16000.15255,2,0,0,6626.297929,1,High Risk
CUST_02704,56,Female,Self-Employed,66301.62626,171,2097.941056,4,657.8149945,25,507.1543085,42,13,1,396,2,17844.51543,6,0,0,7237.277098,1,High Risk
CUST_02705,54,Female,Unemployed,52741.75628,211,329.1277918,8,716.1302417,17,768.6927974,19,7,6,436,4,2953.041878,6,0,0,14114.83846,1,High Risk
CUST_02706,26,Male,Self-Employed,51491.74017,197,2048.305151,8,648.7008348,36,558.1119353,0,12,2,516,5,14204.86248,0,0,0,8503.568858,1,High Risk
CUST_02707,46,Other,Unemployed,55213.76338,15,931.9404008,9,819.3040951,11,462.46451,71,3,8,639,0,15220.16852,1,0,0,10740.32719,0,Low Risk
CUST_02708,47,Other,Unemployed,46362.17695,110,1790.563788,4,772.5209033,37,711.3314229,16,11,7,508,3,22470.88791,4,0,0,6736.217657,1,High Risk
CUST_02709,41,Female,Unemployed,52308.04175,114,1297.208836,11,880.7689885,33,526.8393451,19,0,5,351,1,9585.855701,2,0,0,7851.700087,1,High Risk
CUST_02710,33,Other,Employed,58988.83389,102,1211.729171,4,1130.083963,3,559.4983294,58,4,0,497,3,20081.1833,0,1,0,12701.00408,1,High Risk
CUST_02711,26,Female,Unemployed,36922.34815,148,2257.418405,5,1007.558217,15,253.1184078,12,3,1,747,5,12968.03859,5,0,0,3824.044922,1,High Risk
CUST_02712,56,Female,Self-Employed,20585.91467,217,2721.185035,7,1134.106444,23,339.3841603,76,15,7,847,2,10203.62587,2,0,0,8064.85348,0,Low Risk
CUST_02713,41,Female,Unemployed,12638.43018,229,808.0289731,5,503.2930196,13,601.9019554,46,18,5,404,2,7544.878238,4,0,0,7246.750925,1,High Risk
CUST_02714,24,Other,Unemployed,65982.17874,115,1649.312016,10,621.9847871,16,279.3107095,49,19,0,659,5,14979.01196,5,1,0,13419.98366,1,High Risk
CUST_02715,21,Female,Unemployed,21507.36507,99,630.8383208,11,1028.758839,30,507.1238565,76,18,8,823,0,4992.073054,2,0,0,15456.20378,0,Low Risk
CUST_02716,46,Female,Employed,58376.19189,53,1131.598305,5,1035.017185,3,25.66307767,39,2,7,777,2,5445.331351,6,0,0,11255.17336,1,High Risk
CUST_02717,40,Male,Self-Employed,29221.59389,120,918.5332975,8,562.4827839,49,976.3182198,6,15,1,513,5,15629.93245,7,0,0,14451.19147,1,High Risk
CUST_02718,57,Female,Employed,29511.57297,38,492.6748463,0,1014.054374,43,668.5786004,54,6,9,853,2,23084.19302,6,0,0,3500.540628,1,High Risk
CUST_02719,34,Female,Self-Employed,37072.42231,83,2347.399325,3,469.7637592,33,387.6548733,50,4,4,648,2,3487.770646,3,0,0,500.0,0,Low Risk
CUST_02720,40,Male,Employed,53494.37874,105,1582.76155,9,968.3695034,37,876.9196127,75,19,2,771,3,7605.592612,6,0,0,9896.086751,1,High Risk
CUST_02721,29,Male,Self-Employed,26805.34925,36,1062.673857,9,790.7963297,37,277.0167347,1,0,0,366,0,13757.89561,4,0,0,11576.35734,1,High Risk
CUST_02722,42,Other,Employed,38895.21553,142,1453.44279,11,315.4475386,2,359.7237565,13,10,6,468,4,8684.563617,0,0,0,6366.830271,1,High Risk
CUST_02723,58,Female,Unemployed,49537.0567,135,2457.058662,1,648.0741624,7,626.8805623,16,16,8,451,1,718.7438591,6,0,0,5387.891036,1,High Risk
CUST_02724,24,Other,Employed,28215.28776,50,2322.122502,8,1563.793733,11,732.8404484,76,11,6,773,5,6870.637388,2,0,0,9505.624329,0,Low Risk
CUST_02725,20,Other,Employed,75708.21586,106,1946.646797,2,870.973127,34,356.8920242,0,17,2,496,0,14937.77133,7,0,0,14266.11133,1,High Risk
CUST_02726,32,Male,Unemployed,18994.32063,93,964.5023267,9,1605.157492,1,614.6866277,0,1,5,312,3,10319.45018,4,0,0,9455.067363,1,High Risk
CUST_02727,40,Other,Unemployed,46072.95472,126,1595.469103,10,294.6257145,28,584.1368832,25,9,2,461,5,14201.95997,4,0,0,12235.74116,1,High Risk
CUST_02728,45,Female,Self-Employed,72905.73139,42,627.2124038,1,1062.759627,22,493.7307258,45,18,3,785,4,3815.14363,6,0,0,11967.7986,1,High Risk
CUST_02729,69,Male,Self-Employed,26159.60185,143,1430.178049,7,20.0,32,364.3446282,12,15,0,631,4,14016.16613,7,0,0,10420.03992,1,High Risk
CUST_02730,64,Female,Self-Employed,48026.73469,28,2282.361426,3,799.9175803,49,710.5909026,33,7,1,347,5,0.0,6,0,0,13352.58931,1,High Risk
CUST_02731,40,Female,Employed,52391.45629,144,2430.569886,10,1020.926082,17,0.0,61,1,0,854,1,16688.25362,0,0,0,5253.170453,0,Low Risk
CUST_02732,37,Male,Self-Employed,35478.13186,98,985.7612154,1,1093.261533,39,534.7796837,72,4,9,892,4,20206.87621,4,0,0,5352.472855,1,High Risk
CUST_02733,56,Female,Employed,48605.31006,141,2166.096151,3,520.2555964,21,329.1193026,50,3,1,367,0,3640.894582,0,1,1,5462.432799,1,High Risk
CUST_02734,64,Male,Employed,60106.0003,168,2001.765074,6,1163.681648,13,469.561848,40,3,3,533,4,8568.488643,4,0,0,9216.229891,1,High Risk
CUST_02735,51,Female,Self-Employed,41591.46743,82,1307.516467,6,613.199834,28,326.5034905,54,0,5,540,5,3105.520826,2,0,0,13935.20969,1,High Risk
CUST_02736,55,Male,Self-Employed,63757.93305,59,2096.893771,0,742.5659621,44,198.3026172,27,14,7,755,3,12550.83023,0,0,0,11104.8022,0,Low Risk
CUST_02737,36,Other,Employed,57069.15693,152,2481.023247,11,648.3372232,14,338.6416058,60,12,9,509,4,12917.29725,6,0,0,500.0,1,High Risk
CUST_02738,54,Female,Unemployed,39507.79638,113,2180.526822,11,402.2637272,14,361.3184784,6,16,8,453,3,3972.110227,0,0,0,21615.63077,1,High Risk
CUST_02739,68,Male,Unemployed,70294.17861,146,657.0525797,0,1349.401856,44,442.136011,77,5,9,458,4,8526.306322,4,0,0,10186.06652,1,High Risk
CUST_02740,30,Female,Employed,36663.13195,207,1277.480058,2,816.806236,3,497.0341918,1,19,6,481,1,18459.64371,5,0,0,13743.85315,1,High Risk
CUST_02741,40,Female,Self-Employed,65406.0795,78,1819.694926,1,1180.561433,35,656.7386995,75,12,3,483,0,15338.2935,3,0,0,10256.09385,1,High Risk
CUST_02742,45,Female,Employed,36985.71743,212,857.2034931,2,1165.648935,4,870.4792206,1,11,6,867,3,13173.44785,5,0,0,2205.277599,1,High Risk
CUST_02743,23,Male,Employed,44310.67954,31,2746.361406,3,461.220925,2,516.9383698,27,11,0,864,4,18585.72043,5,0,0,10722.82571,1,High Risk
CUST_02744,53,Other,Self-Employed,47072.40278,212,1750.759811,6,1225.644537,11,239.0198146,53,19,9,499,2,22832.77121,0,0,0,2970.438552,1,High Risk
CUST_02745,67,Other,Unemployed,56094.49564,132,1137.145806,1,976.1949852,19,693.9242845,75,9,5,845,2,12828.56956,3,0,0,9863.443831,0,Low Risk
CUST_02746,37,Other,Employed,10000.0,184,1087.148385,6,435.6843474,43,566.2532264,57,1,0,345,0,13843.05547,5,1,0,10514.49541,1,High Risk
CUST_02747,59,Male,Unemployed,58244.27993,4,943.8646636,4,957.097791,19,250.6259374,46,14,7,639,5,10303.00018,1,0,0,12811.78567,0,Low Risk
CUST_02748,54,Other,Unemployed,48155.37398,5,2064.674177,7,441.9612403,38,518.8778937,60,18,3,861,3,13022.97474,2,0,0,6556.479551,0,Low Risk
CUST_02749,60,Male,Self-Employed,55143.3229,223,2159.844819,7,1362.260429,38,669.0001169,39,3,7,795,1,7768.990447,3,0,0,500.0,0,Low Risk
CUST_02750,48,Female,Employed,59044.78983,186,968.9028267,4,1084.825361,0,288.6666799,17,13,7,822,5,1885.031652,5,0,0,7287.078258,1,High Risk
CUST_02751,48,Female,Employed,57088.55908,74,2675.413852,9,775.0980032,43,358.9171401,13,0,1,530,1,16792.70022,5,0,0,11269.50215,1,High Risk
CUST_02752,57,Other,Unemployed,13867.50466,13,1190.437164,7,1242.681266,2,518.938315,24,0,5,385,0,16184.7769,2,0,0,8525.011608,1,High Risk
CUST_02753,61,Male,Unemployed,30901.80922,206,862.470781,11,246.3043244,46,427.309215,9,17,9,445,1,12420.74635,0,0,0,8143.217438,1,High Risk
CUST_02754,40,Female,Self-Employed,55990.68682,162,1881.791698,8,537.730545,8,113.1288277,47,14,3,617,4,12758.31238,5,0,0,6614.201552,1,High Risk
CUST_02755,61,Male,Unemployed,53594.53154,6,540.3111398,6,711.6530974,19,1086.249627,47,10,2,834,5,7822.175474,7,0,0,11847.6909,1,High Risk
CUST_02756,32,Male,Self-Employed,35788.03366,139,407.9145802,5,1582.489638,8,349.3800518,60,17,8,659,0,19217.14407,6,0,0,15044.94956,1,High Risk
CUST_02757,68,Female,Employed,63277.5056,90,737.4051826,6,425.3309847,30,324.8682143,52,9,9,480,5,4710.905416,7,0,0,7595.789978,1,High Risk
CUST_02758,60,Male,Self-Employed,45384.34696,115,871.7940514,6,202.4429204,45,405.5920116,8,3,8,873,3,20452.64614,7,0,0,11893.644,1,High Risk
CUST_02759,36,Female,Unemployed,65943.07437,186,2099.600081,2,294.4650699,27,472.0442148,10,13,1,373,1,15504.17222,7,0,0,12630.46944,1,High Risk
CUST_02760,28,Female,Employed,71780.38361,18,463.0138377,5,1117.175554,34,577.6482698,26,17,4,828,4,13752.36228,2,0,0,4759.338277,0,Low Risk
CUST_02761,60,Female,Self-Employed,55009.43693,211,1795.029034,5,592.0327053,39,230.0117993,58,0,9,554,5,14107.02494,3,0,0,4383.296904,1,High Risk
CUST_02762,20,Male,Employed,59999.94467,88,2173.231909,10,744.3196675,37,811.6084872,57,6,9,664,5,18080.78958,5,0,0,13246.38552,1,High Risk
CUST_02763,21,Female,Self-Employed,39047.71853,201,2655.750974,8,1066.991425,43,141.534107,12,3,6,563,1,8629.109542,6,0,0,4978.753193,1,High Risk
CUST_02764,67,Male,Unemployed,66059.77771,12,1106.508967,0,744.6703802,1,385.811399,64,3,8,484,0,16715.13861,5,0,0,7114.397484,1,High Risk
CUST_02765,48,Female,Unemployed,53926.23865,223,1169.876063,6,871.4513116,2,688.3797021,10,17,7,731,0,9604.646926,0,0,0,10043.89727,0,Low Risk
CUST_02766,52,Female,Employed,44695.2013,166,3129.158866,0,987.3253017,13,672.938833,56,8,9,787,1,14790.62051,5,0,0,4140.980463,1,High Risk
CUST_02767,29,Other,Employed,28061.27,26,2582.519073,9,649.2632628,16,0.0,66,1,3,405,5,2556.416574,3,0,0,7567.512024,1,High Risk
CUST_02768,69,Other,Employed,41262.05536,66,1280.308818,3,741.789029,34,482.014538,65,4,2,733,0,7951.004918,0,0,0,9841.631677,0,Low Risk
CUST_02769,59,Other,Self-Employed,30029.44019,58,2417.335251,6,884.6843908,3,510.8389414,23,5,0,866,2,22526.34202,3,1,0,500.0,1,High Risk
CUST_02770,40,Male,Unemployed,63706.8153,208,1697.977818,5,1103.862746,46,556.0571694,48,2,0,436,5,19990.79977,6,0,0,8686.32531,1,High Risk
CUST_02771,47,Male,Employed,71967.73837,208,1513.049871,5,522.6707575,29,346.4923101,39,18,8,587,0,21893.32024,6,0,0,2068.114433,1,High Risk
CUST_02772,30,Female,Employed,66492.84558,91,3486.602362,4,20.0,38,434.1351706,78,4,3,642,3,18844.29258,0,0,0,6131.411589,0,Low Risk
CUST_02773,53,Female,Employed,94748.36443,24,2359.838023,10,1037.854102,13,626.8667358,69,8,7,651,1,8195.097652,5,0,0,7496.157875,1,High Risk
CUST_02774,27,Female,Self-Employed,41712.67541,182,3009.447785,6,1124.700572,47,684.3150508,1,19,3,868,5,8942.273937,3,0,0,500.0,0,Low Risk
CUST_02775,41,Female,Employed,60738.30221,52,650.2425364,8,870.0119567,26,138.7759361,53,5,5,304,2,17935.53319,1,0,0,6489.076679,1,High Risk
CUST_02776,27,Male,Employed,28735.61064,49,2938.090971,5,893.9026266,12,614.1521083,14,4,3,748,1,18479.96567,3,0,0,1639.991945,0,Low Risk
CUST_02777,68,Female,Self-Employed,46449.48847,25,1374.917048,9,602.4915371,19,585.4784111,47,5,1,797,5,20316.27491,3,0,0,1615.17902,0,Low Risk
CUST_02778,34,Female,Self-Employed,23407.71424,226,1364.592982,6,975.0641975,48,709.31984,53,14,0,522,0,13159.41671,1,0,0,7978.655153,1,High Risk
CUST_02779,36,Other,Employed,60227.49771,220,1811.865061,8,1098.608387,48,281.8832308,45,10,7,436,2,11611.12299,6,0,0,12688.18156,1,High Risk
CUST_02780,42,Female,Employed,43601.15007,221,1909.895539,6,819.7737195,23,608.9754793,56,17,5,837,1,19177.60224,2,0,0,11550.31218,0,Low Risk
CUST_02781,43,Female,Self-Employed,13017.52355,239,2344.084022,5,1671.936916,9,31.17039585,54,18,0,493,0,2834.497259,0,0,0,5000.065445,1,High Risk
CUST_02782,64,Female,Unemployed,37669.66803,206,2206.791317,2,252.6906193,6,406.2977327,59,11,4,636,5,10986.65477,5,0,0,2887.160618,1,High Risk
CUST_02783,38,Male,Self-Employed,82276.0579,85,977.4179195,0,857.0365848,16,418.1695197,29,11,2,305,0,10454.10374,6,0,0,7184.678867,1,High Risk
CUST_02784,24,Other,Unemployed,57387.73797,21,702.8156014,9,388.9764632,21,519.63558,27,6,1,512,5,10524.38366,6,0,0,11525.42286,1,High Risk
CUST_02785,51,Female,Employed,63843.66793,182,1346.975795,8,1107.946073,43,681.0926573,51,15,2,886,1,19950.96738,7,1,0,10122.35412,1,High Risk
CUST_02786,63,Female,Employed,52259.81503,164,1489.26401,6,246.4836002,10,226.1885611,40,11,1,804,5,15713.08759,3,0,0,3509.390555,0,Low Risk
CUST_02787,20,Other,Unemployed,46731.93941,226,1571.244811,2,333.12746,41,800.1566006,20,3,9,530,1,12741.38235,2,0,0,6084.183073,1,High Risk
CUST_02788,42,Female,Self-Employed,50280.42225,31,2593.524554,9,578.3845708,22,0.0,41,9,1,390,1,2842.13563,4,0,0,4587.992264,1,High Risk
CUST_02789,56,Male,Employed,54417.78904,63,1647.54668,8,893.0412594,21,77.84905422,12,16,0,639,2,5195.051219,2,1,0,500.0,1,High Risk
CUST_02790,27,Female,Unemployed,30260.25598,87,3609.690679,2,591.585014,39,735.1620462,44,14,2,838,2,16846.39227,4,0,0,12936.28026,1,High Risk
CUST_02791,32,Male,Self-Employed,63735.11628,37,2656.653353,2,595.0955581,46,525.9769442,53,7,2,829,3,13526.09259,0,0,0,10527.47636,0,Low Risk
CUST_02792,27,Male,Unemployed,70192.89486,236,1258.869453,6,736.6883408,17,926.6698643,18,13,3,509,2,19369.65582,7,0,0,14820.56701,1,High Risk
CUST_02793,42,Female,Self-Employed,46461.39086,7,79.5983634,1,715.2159443,44,691.4921268,26,17,2,679,0,7729.904348,4,0,0,14189.20972,1,High Risk
CUST_02794,62,Other,Self-Employed,40585.27227,78,3410.4627,9,1320.607286,25,503.0907661,39,7,7,310,2,12257.63946,1,0,0,8803.037717,1,High Risk
CUST_02795,20,Male,Self-Employed,36645.63801,9,1274.041199,6,1040.068892,47,376.9667741,6,13,3,815,1,10993.82139,1,0,0,12624.62366,0,Low Risk
CUST_02796,64,Other,Self-Employed,81665.89886,171,2243.053615,6,686.3981411,29,343.1470954,24,15,9,894,1,17310.78795,7,0,0,6876.980306,1,High Risk
CUST_02797,43,Female,Unemployed,41859.12489,132,966.2299253,0,1533.954169,12,591.7866002,48,18,0,854,2,24368.23,2,0,0,9478.629985,0,Low Risk
CUST_02798,54,Male,Unemployed,61759.65766,219,2778.914514,9,972.0814112,3,354.5955441,35,6,1,850,0,8624.649905,1,0,0,5638.009207,0,Low Risk
CUST_02799,43,Female,Unemployed,46587.67348,140,2178.217395,10,460.8632806,42,562.3707287,70,16,6,383,3,0.0,1,0,0,8081.649229,1,High Risk
CUST_02800,36,Other,Unemployed,45614.659,104,630.31601,1,889.779809,26,331.0538519,23,4,5,636,1,14923.67129,2,0,0,10686.33804,0,Low Risk
CUST_02801,24,Female,Unemployed,36234.5054,46,10.0,4,987.4293907,39,550.6271068,60,12,8,354,4,14485.55296,3,0,0,10940.1538,1,High Risk
CUST_02802,39,Female,Self-Employed,32534.60907,72,1650.95981,3,559.3313483,9,884.8779808,68,17,5,620,3,1102.507983,0,0,0,500.0,0,Low Risk
CUST_02803,40,Male,Employed,63318.57368,93,1897.702126,2,431.6218812,43,638.6243691,51,17,1,392,5,6078.86255,4,1,0,11871.65967,1,High Risk
CUST_02804,59,Female,Employed,32127.39536,165,2110.177595,9,830.2606815,27,382.8598727,35,18,7,407,4,9363.458091,2,1,0,2599.6714,1,High Risk
CUST_02805,50,Female,Unemployed,58325.34631,64,877.7750308,10,673.92238,20,587.6888595,50,17,8,649,4,18865.22704,6,0,0,5653.198826,1,High Risk
CUST_02806,65,Female,Unemployed,51630.51062,204,984.9849072,7,1317.694761,10,569.1294375,32,19,4,708,4,5816.745902,1,0,1,500.0,1,High Risk
CUST_02807,55,Male,Employed,63547.49362,203,10.0,6,1059.404538,19,551.6787786,52,19,5,848,1,10392.2569,4,0,0,5098.297293,1,High Risk
CUST_02808,30,Other,Self-Employed,39020.82961,22,1058.303959,8,575.7286541,35,595.9959242,73,16,3,886,1,187.0758783,3,0,0,14272.65991,0,Low Risk
CUST_02809,34,Other,Unemployed,69442.595,231,195.0622958,2,949.0783388,18,726.8406045,37,3,1,507,4,14923.36069,5,0,0,9700.649252,1,High Risk
CUST_02810,38,Female,Self-Employed,47458.56952,165,929.9345366,9,1243.49485,9,768.6919636,43,16,4,788,4,4546.170117,0,0,0,8626.783343,0,Low Risk
CUST_02811,26,Male,Employed,96650.50498,167,1762.520313,0,312.1684439,14,500.5491874,4,18,4,372,3,25040.25848,7,0,0,16719.41007,1,High Risk
CUST_02812,47,Female,Employed,20944.82597,234,1750.996938,8,442.0276157,44,155.505345,30,7,0,390,1,6897.87847,0,0,0,4822.262539,1,High Risk
CUST_02813,62,Other,Unemployed,93720.82529,74,960.7833417,8,796.090984,44,521.2009782,8,19,4,747,4,17696.97499,1,0,0,9079.716401,0,Low Risk
CUST_02814,24,Male,Self-Employed,47725.41203,122,1717.666867,11,812.4606888,17,460.5960822,31,0,0,534,0,15216.60214,3,0,0,13367.22064,1,High Risk
CUST_02815,24,Other,Unemployed,54010.43783,184,2682.426204,11,781.7308731,6,637.7116823,40,6,2,879,5,6801.694107,0,0,0,12120.958,0,Low Risk
CUST_02816,49,Other,Employed,39122.79023,97,1277.450895,0,691.2279874,29,197.2988236,4,7,8,523,1,18660.22583,4,0,0,10944.25608,1,High Risk
CUST_02817,51,Male,Self-Employed,21760.13673,129,476.7867931,7,685.8788871,13,625.1124236,50,4,3,515,1,0.0,4,0,0,13081.20111,1,High Risk
CUST_02818,27,Male,Unemployed,40488.8581,115,2128.484993,9,934.4903479,36,531.9164103,53,8,8,465,5,11847.24501,5,0,0,12060.70528,1,High Risk
CUST_02819,29,Female,Unemployed,43417.63427,109,2373.616172,0,1196.879894,40,256.454659,27,6,5,733,5,16235.77016,1,0,0,10917.36442,0,Low Risk
CUST_02820,57,Female,Unemployed,53290.43083,82,942.8394662,5,631.6665446,29,0.0,42,3,0,360,5,10552.55111,3,0,0,2576.377501,1,High Risk
CUST_02821,66,Other,Employed,70180.49021,30,948.7663005,8,1653.439771,26,717.3088415,11,7,2,369,0,5135.487806,6,1,0,8321.276243,1,High Risk
CUST_02822,51,Male,Unemployed,53433.15308,200,10.0,2,1486.242003,48,252.7197875,68,1,2,842,5,21478.33764,4,0,0,12836.69851,1,High Risk
CUST_02823,67,Male,Self-Employed,53746.55174,162,1131.325857,5,1265.23947,36,130.0196617,71,4,3,484,4,11234.93542,0,0,0,4928.130411,1,High Risk
CUST_02824,47,Female,Unemployed,56918.6189,222,761.8205535,2,1017.869167,47,358.8523064,16,2,9,426,2,8669.213491,4,0,0,4922.019839,1,High Risk
CUST_02825,36,Other,Employed,18411.25652,141,281.6742581,10,1502.795837,40,792.8271871,7,4,3,439,1,5368.5528,5,0,0,8300.872994,1,High Risk
CUST_02826,50,Other,Unemployed,20074.55896,172,1208.177713,4,698.4596223,16,548.8261559,17,0,7,562,5,12574.02797,0,0,0,12838.99486,1,High Risk
CUST_02827,27,Female,Employed,23054.1982,153,1496.05286,10,508.5884558,29,611.1708424,9,6,2,899,4,10721.16559,3,0,0,4332.710639,0,Low Risk
CUST_02828,59,Male,Employed,43281.07056,32,1349.741671,6,615.9097792,17,488.0311333,38,9,3,455,5,10261.41803,1,0,0,4767.432165,1,High Risk
CUST_02829,44,Female,Self-Employed,16309.12784,11,1240.891549,10,448.9700189,2,575.387013,40,15,2,630,0,21906.79598,5,1,0,500.0,1,High Risk
CUST_02830,28,Female,Self-Employed,37583.82419,222,2719.483342,9,842.6304628,27,448.9569193,43,0,6,779,0,21797.83752,5,0,0,4421.37493,1,High Risk
CUST_02831,21,Female,Unemployed,25371.51359,218,1745.935889,11,904.9406624,36,382.2914125,68,16,5,620,1,13500.91805,1,0,0,11541.83392,0,Low Risk
CUST_02832,34,Female,Employed,58778.87767,61,2020.582661,3,870.2939435,29,339.8826657,42,3,0,463,0,16124.92766,6,0,0,4393.231985,1,High Risk
CUST_02833,69,Male,Employed,57877.80132,158,2948.509831,3,795.6490267,20,423.38418,46,15,9,625,0,3064.953165,1,0,0,3266.984154,0,Low Risk
CUST_02834,22,Female,Self-Employed,44588.40728,218,2289.520532,6,846.6040849,48,1103.35599,74,8,0,437,4,12547.65357,2,1,0,6391.383373,1,High Risk
CUST_02835,68,Male,Self-Employed,15800.70347,81,1281.122238,4,1407.713333,19,642.6001545,47,7,5,501,5,13608.34712,1,0,0,6299.838686,1,High Risk
CUST_02836,55,Female,Unemployed,45731.40963,105,17.59614219,0,1017.018154,21,285.5628494,18,18,2,389,0,10697.68586,1,0,0,11620.64948,1,High Risk
CUST_02837,23,Other,Employed,55915.27008,116,1202.943111,10,1122.878079,35,167.3734698,20,16,8,748,2,9380.407565,0,0,0,2474.347249,0,Low Risk
CUST_02838,33,Male,Self-Employed,64593.08001,163,2664.375352,9,866.7764778,35,477.4453358,2,9,1,885,4,7264.320651,5,0,0,865.5042404,1,High Risk
CUST_02839,60,Other,Unemployed,81561.28329,49,2283.877483,11,234.5439555,20,72.67514892,55,16,2,745,4,12211.9618,7,0,0,13043.49621,1,High Risk
CUST_02840,60,Female,Employed,70132.96725,100,1206.099415,1,165.1411353,23,726.5333562,42,15,8,781,1,18870.02525,3,0,0,10213.91948,0,Low Risk
CUST_02841,44,Female,Employed,52965.97752,152,1436.761196,5,1528.983497,20,0.0,0,8,5,657,4,19866.0383,3,0,0,2585.200919,0,Low Risk
CUST_02842,69,Female,Self-Employed,44865.65587,159,1602.25483,11,613.8622037,6,421.9886624,35,4,0,899,1,11999.87741,4,0,0,13155.48974,1,High Risk
CUST_02843,29,Male,Unemployed,36627.18627,164,1007.223638,8,584.1370295,7,49.99425356,5,1,1,318,0,18396.78171,1,0,0,500.0,1,High Risk
CUST_02844,40,Other,Self-Employed,74401.91413,44,1055.101762,6,885.9821345,21,611.9746865,73,13,6,329,3,6402.774746,7,0,0,12141.21328,1,High Risk
CUST_02845,55,Male,Unemployed,52998.63043,182,980.8897634,3,992.6410424,21,310.5013023,45,16,5,513,2,15382.08908,3,0,0,13056.10774,1,High Risk
CUST_02846,31,Male,Employed,61349.79576,49,1893.870095,11,1036.901748,29,676.1550733,22,12,0,715,5,11324.43234,7,0,0,14834.63449,1,High Risk
CUST_02847,46,Female,Unemployed,39376.04472,76,655.2997584,11,1421.046487,33,0.0,19,12,9,467,2,7908.334583,6,0,0,2628.357448,1,High Risk
CUST_02848,59,Other,Unemployed,27663.63682,53,2653.498533,1,1325.257734,28,782.4006764,52,12,1,655,0,24935.95452,6,0,0,7855.510115,1,High Risk
CUST_02849,21,Female,Unemployed,42793.92107,175,1495.023085,3,516.1733714,9,587.7777088,37,17,5,663,3,9161.909519,6,0,0,1332.161265,1,High Risk
CUST_02850,32,Male,Unemployed,44547.29122,96,615.3638149,4,1139.057101,4,491.3092855,34,0,5,635,4,9809.567381,7,0,0,14385.30671,1,High Risk
CUST_02851,51,Female,Unemployed,53451.90381,122,2320.804999,1,665.5681786,48,289.4066393,33,3,5,384,3,9241.817661,3,0,0,11011.73243,1,High Risk
CUST_02852,50,Other,Self-Employed,36726.19,77,2700.233252,0,751.8719394,38,422.5667852,49,4,8,403,4,14075.46728,5,0,0,8382.750704,1,High Risk
CUST_02853,35,Female,Unemployed,50449.45754,164,4012.88743,3,417.1037779,33,679.2821478,46,10,1,417,4,20091.29643,3,0,0,4489.957603,1,High Risk
CUST_02854,51,Other,Unemployed,71198.71438,151,2596.618979,10,207.4245012,37,291.1155622,35,1,9,337,4,5093.651394,7,0,0,7019.25889,1,High Risk
CUST_02855,51,Other,Employed,19886.69103,125,799.8546081,5,788.9534006,9,472.0730196,15,1,9,782,3,14860.8634,7,0,0,8140.506491,1,High Risk
CUST_02856,53,Female,Unemployed,11895.75334,143,1668.05286,0,465.4063294,8,424.8371112,48,15,8,780,0,14086.92258,3,0,0,13411.9279,0,Low Risk
CUST_02857,30,Male,Employed,72426.44928,184,3522.97786,0,1124.734788,31,545.4031627,64,2,8,435,4,2337.169121,0,0,0,11220.56575,1,High Risk
CUST_02858,29,Female,Self-Employed,23654.72376,155,877.4730271,8,701.6226148,4,151.4782142,62,5,9,375,5,20104.33658,1,0,0,6497.065881,1,High Risk
CUST_02859,34,Male,Self-Employed,43158.7046,124,484.0129761,4,908.0065766,34,862.9974522,51,19,8,594,0,13614.58566,3,0,0,4457.861063,0,Low Risk
CUST_02860,36,Male,Unemployed,60952.63426,23,1188.022633,1,1278.634014,10,734.1397172,72,3,8,615,4,16337.4543,0,0,0,10039.97398,0,Low Risk
CUST_02861,59,Female,Self-Employed,48933.92896,3,688.2308763,10,280.1466864,41,56.82283303,75,4,2,796,0,0.0,2,0,0,11813.7487,0,Low Risk
CUST_02862,37,Male,Unemployed,48680.81818,188,1013.947671,1,546.383914,15,8.931809058,59,6,9,867,5,20786.10788,4,0,0,12824.15131,1,High Risk
CUST_02863,28,Male,Self-Employed,51303.13966,71,971.0461955,3,863.3092686,26,851.4675404,16,6,8,317,5,24359.09777,6,0,0,4109.573059,1,High Risk
CUST_02864,44,Female,Unemployed,95336.85379,88,2072.83691,10,909.3836855,19,516.6014618,66,16,9,731,0,11098.12209,0,0,0,6475.96092,0,Low Risk
CUST_02865,59,Female,Unemployed,82051.24921,73,462.7214581,1,1186.224125,0,49.52720138,37,5,8,448,0,7659.726677,4,1,0,11095.29596,1,High Risk
CUST_02866,33,Female,Employed,37512.94444,15,1604.69402,3,1103.503595,25,376.386014,28,3,2,739,1,0.0,4,0,0,5239.51551,1,High Risk
CUST_02867,44,Male,Employed,68915.98834,239,888.0439397,10,833.926769,10,427.5481371,30,1,3,518,5,4216.37874,2,0,0,9251.196772,1,High Risk
CUST_02868,69,Other,Employed,59099.13964,182,1939.988567,5,906.1916347,14,659.7660483,58,5,3,305,5,17020.55943,2,0,0,8562.344535,1,High Risk
CUST_02869,41,Male,Employed,49648.73355,25,2027.091036,6,915.8765618,38,736.2435141,53,6,3,550,3,11804.6722,2,0,0,5122.884666,1,High Risk
CUST_02870,49,Other,Unemployed,33658.36145,151,2214.089969,5,285.6006724,39,531.3530467,52,1,6,360,4,2897.044672,7,0,0,14216.96048,1,High Risk
CUST_02871,39,Female,Self-Employed,58124.62457,8,2213.945464,3,745.2685829,47,456.8780467,25,17,4,778,4,21151.99767,6,0,0,7848.109484,1,High Risk
CUST_02872,40,Other,Unemployed,44491.18163,150,1003.116044,9,886.9656263,17,381.3762023,12,9,6,367,1,7985.294855,0,0,0,4773.832859,1,High Risk
CUST_02873,63,Female,Employed,43167.91865,78,1496.515469,2,960.4928006,23,851.9691661,56,6,5,740,0,3124.013189,2,0,0,12239.20325,0,Low Risk
CUST_02874,51,Female,Employed,36192.71568,170,2675.719938,3,476.472796,27,394.4224233,18,8,6,552,0,12269.39095,5,0,0,15353.72975,1,High Risk
CUST_02875,65,Other,Self-Employed,67996.82338,11,1853.520791,11,355.9207306,24,629.2187276,26,18,7,828,4,15061.23654,3,0,0,8352.551567,0,Low Risk
CUST_02876,68,Female,Employed,36180.71566,180,2209.920249,4,717.9135926,22,231.6149828,12,18,5,366,2,3962.678748,0,0,0,4325.132021,1,High Risk
CUST_02877,40,Other,Unemployed,36290.3857,30,526.3788691,3,1488.578139,10,183.2962544,51,1,8,814,4,10198.96617,1,0,0,1902.299123,0,Low Risk
CUST_02878,54,Female,Unemployed,64002.87982,141,2262.885534,2,513.2633705,32,547.7055444,63,11,3,454,4,21231.0963,2,0,0,7673.979303,1,High Risk
CUST_02879,51,Male,Unemployed,47402.05158,118,10.0,0,1210.874887,15,405.1262131,57,18,4,812,1,3871.387686,0,0,0,19060.77702,0,Low Risk
CUST_02880,49,Male,Unemployed,47886.46657,98,276.7951418,2,1354.658875,35,156.2868095,18,5,8,634,0,14104.87527,2,0,0,10346.10085,0,Low Risk
CUST_02881,58,Female,Unemployed,68592.08271,77,780.4688599,10,815.9132842,22,419.5237699,2,0,8,687,3,10097.93042,4,0,0,4889.593928,1,High Risk
CUST_02882,68,Female,Self-Employed,73646.61101,90,1840.477448,4,562.0532229,5,1121.936422,66,14,1,303,4,15218.89601,3,0,0,7109.953913,1,High Risk
CUST_02883,31,Other,Unemployed,11698.77701,58,1977.393962,5,979.4868473,42,490.6467728,25,18,1,679,4,5713.986699,4,0,0,4292.781852,1,High Risk
CUST_02884,60,Male,Employed,47682.06341,209,848.7466501,11,868.2466022,23,425.0318679,5,13,8,332,3,13402.50005,6,0,0,9329.162835,1,High Risk
CUST_02885,66,Other,Employed,24615.23849,107,10.0,3,499.3136069,37,425.4520055,12,12,5,310,1,6279.043933,2,0,0,971.348052,1,High Risk
CUST_02886,37,Female,Employed,43037.71992,37,2262.794748,0,569.4190108,41,799.6691822,26,4,7,808,2,0.0,0,0,0,9668.81369,0,Low Risk
CUST_02887,40,Female,Employed,49878.74919,211,1970.075008,9,958.7529483,5,463.7030205,9,1,7,484,1,3536.874166,5,1,0,8039.918321,1,High Risk
CUST_02888,32,Other,Self-Employed,43612.61768,27,1842.239927,6,1126.704143,9,562.0801982,15,14,7,453,4,10692.34759,3,0,0,15115.26325,1,High Risk
CUST_02889,40,Female,Employed,31545.04225,115,3041.326754,8,687.0234295,21,679.1873932,22,15,4,811,1,13403.20895,4,0,0,10332.78842,1,High Risk
CUST_02890,27,Male,Self-Employed,30631.88052,101,1620.014965,5,775.8032523,22,826.0409086,46,6,9,527,5,19264.29845,7,0,0,12442.53744,1,High Risk
CUST_02891,65,Other,Employed,63102.945,149,706.4767013,5,1034.0235,4,318.1234805,11,5,3,774,3,14149.02257,6,1,0,11332.07266,1,High Risk
CUST_02892,59,Male,Self-Employed,77626.57651,235,2563.013366,8,739.6295905,27,259.4101588,27,16,2,401,1,21351.96926,3,0,0,8955.7614,1,High Risk
CUST_02893,65,Male,Self-Employed,12911.41528,33,1174.022101,3,695.2355593,8,321.5097998,76,0,3,557,4,10793.35968,3,0,0,10637.86122,1,High Risk
CUST_02894,26,Male,Self-Employed,44102.86401,83,1415.856467,4,535.6307131,38,663.2647437,17,5,7,371,3,15310.81297,2,0,0,9007.803247,1,High Risk
CUST_02895,42,Other,Employed,63175.35447,52,1070.842369,4,529.5603818,48,691.9198025,57,5,3,798,3,6111.132245,3,0,0,2740.992265,0,Low Risk
CUST_02896,63,Female,Self-Employed,49413.13231,89,834.1015436,11,1734.108965,43,548.996068,1,3,7,659,4,13886.57546,1,0,0,10503.94503,0,Low Risk
CUST_02897,51,Male,Unemployed,29953.64081,193,1162.751409,4,731.329419,27,744.7790819,45,7,7,540,4,9759.804743,1,0,0,7094.04583,1,High Risk
CUST_02898,30,Male,Unemployed,41399.79073,49,2716.504064,7,1277.770413,24,692.1676749,16,8,0,414,4,9103.790458,4,0,0,15447.42581,1,High Risk
CUST_02899,41,Male,Employed,55438.70427,3,646.7879117,10,1389.397668,42,344.548702,63,9,8,876,2,12425.39923,4,0,0,4411.990991,1,High Risk
CUST_02900,41,Female,Unemployed,44470.54203,127,2355.610271,0,735.7461987,37,125.1081229,64,7,2,709,4,3491.782822,5,0,0,1880.101705,1,High Risk
CUST_02901,62,Female,Unemployed,49136.36119,188,20.74880342,9,928.950433,26,390.1814227,53,1,5,726,1,13986.67098,0,0,0,11661.89707,0,Low Risk
CUST_02902,44,Other,Unemployed,49655.11104,140,2780.770524,10,835.8674687,23,634.3383699,42,19,2,827,5,16227.61054,7,0,0,500.0,1,High Risk
CUST_02903,41,Female,Employed,40562.93103,138,2864.585863,9,235.7361773,42,623.4465564,77,16,8,846,0,7776.46611,2,0,0,12230.96267,0,Low Risk
CUST_02904,47,Other,Employed,64698.24243,108,680.9923423,10,256.8094457,42,49.21242335,75,0,0,439,2,13097.38566,4,0,0,12350.53183,1,High Risk
CUST_02905,48,Other,Unemployed,41405.15126,127,1563.149076,2,817.0969634,45,0.0,54,13,6,607,2,19500.91356,0,0,0,6501.572303,0,Low Risk
CUST_02906,32,Other,Employed,31901.57614,156,2015.081535,7,651.2802615,15,672.6301202,13,4,4,691,0,16527.03079,5,0,0,6814.436834,1,High Risk
CUST_02907,37,Other,Self-Employed,90133.5098,164,1016.714213,10,1462.053118,1,678.7413235,43,8,2,386,1,11200.18481,6,0,0,3233.701127,1,High Risk
CUST_02908,21,Other,Unemployed,48599.70639,21,3006.193204,8,717.1994715,1,589.8670487,37,19,6,438,2,14376.91874,4,0,0,4649.549073,1,High Risk
CUST_02909,48,Male,Employed,10000.0,208,1517.289145,1,1482.825149,4,726.3549013,57,16,0,678,2,20955.85822,0,0,0,8988.917943,0,Low Risk
CUST_02910,40,Female,Employed,72585.40707,74,1083.901185,11,633.2630114,45,552.5769635,48,5,5,342,4,13521.56698,6,0,0,10663.49454,1,High Risk
CUST_02911,34,Male,Unemployed,72527.51965,131,1563.0576,3,1469.270147,20,167.7943701,15,0,6,368,5,17681.95525,2,0,0,6397.129282,1,High Risk
CUST_02912,46,Other,Employed,58229.15956,178,911.0173423,7,977.2485739,9,422.3747654,73,17,8,452,3,16774.48845,2,1,0,5976.471576,1,High Risk
CUST_02913,69,Female,Unemployed,61369.43378,155,1516.743362,4,997.1521635,41,480.6962511,29,10,8,771,2,12569.60631,4,0,0,8903.360761,1,High Risk
CUST_02914,50,Male,Employed,88875.36163,26,1140.180616,0,620.8826151,17,357.467385,67,3,6,589,5,19741.00258,1,0,0,11410.52778,0,Low Risk
CUST_02915,34,Male,Self-Employed,32669.56825,177,876.7755789,5,1001.921013,25,353.0739429,70,19,4,794,1,5929.734,3,0,0,8396.697911,0,Low Risk
CUST_02916,42,Other,Unemployed,52398.32097,86,2137.973392,8,1392.449702,19,476.8520062,79,5,6,890,3,14567.14866,4,0,0,9896.892482,1,High Risk
CUST_02917,43,Male,Self-Employed,85454.64822,122,146.0584689,8,749.3103771,40,292.8879735,36,7,0,410,0,8682.718696,0,0,0,7067.752774,1,High Risk
CUST_02918,63,Male,Unemployed,89268.24346,224,2910.231991,10,681.2111146,35,0.0,68,18,6,567,2,17353.55336,6,0,0,500.0,1,High Risk
CUST_02919,32,Male,Employed,43410.33837,71,1684.311336,0,713.6331114,48,526.7574324,54,14,9,712,1,11894.22188,2,0,0,11882.81796,0,Low Risk
CUST_02920,41,Male,Self-Employed,86182.7153,197,2977.714396,3,1367.039062,20,811.2828861,38,18,3,776,5,17729.22953,7,0,0,500.0,1,High Risk
CUST_02921,62,Male,Employed,64447.35262,162,2269.606153,0,1099.372922,1,0.0,56,1,1,634,0,16593.13115,4,0,0,3551.791157,1,High Risk
CUST_02922,56,Other,Unemployed,76913.86096,147,425.2443137,6,1306.687997,45,541.4788762,48,3,5,686,4,9477.827173,2,0,0,8766.213356,0,Low Risk
CUST_02923,52,Other,Unemployed,63856.77626,191,1556.577795,2,909.7679487,32,247.2448928,62,3,6,635,4,15224.22605,4,0,0,5010.959203,1,High Risk
CUST_02924,22,Male,Unemployed,55498.03239,108,63.84557762,1,813.7617749,22,669.9958788,33,11,6,766,3,14744.83943,2,0,0,8290.630493,0,Low Risk
CUST_02925,38,Other,Unemployed,89768.96827,71,777.1338909,7,948.3804137,38,595.2241252,56,17,7,882,0,10773.68094,7,0,0,14114.1545,1,High Risk
CUST_02926,42,Other,Unemployed,40485.02064,13,1390.553951,8,1174.555487,30,763.1704749,61,11,4,540,3,17200.4107,1,0,0,826.3797147,1,High Risk
CUST_02927,48,Female,Self-Employed,84241.09653,168,935.9231547,6,713.5086151,3,288.9331267,38,18,9,527,0,11341.46026,7,0,0,8959.546978,1,High Risk
CUST_02928,49,Male,Unemployed,87092.40081,198,1118.830212,5,1279.036948,40,516.4319288,73,14,9,372,5,7324.512255,0,0,0,535.889274,1,High Risk
CUST_02929,58,Other,Employed,74534.86978,233,966.3312639,9,928.040695,2,1122.403401,66,9,7,828,0,13718.56505,4,1,1,6750.392956,1,High Risk
CUST_02930,63,Other,Self-Employed,48708.87833,149,3283.253018,10,20.0,36,550.7254814,61,6,3,396,4,14731.53092,2,0,0,4756.455036,1,High Risk
CUST_02931,66,Male,Employed,54399.83626,105,1595.084008,5,1109.222699,9,677.341365,28,1,9,557,3,0.0,4,0,0,1265.355297,1,High Risk
CUST_02932,44,Female,Unemployed,27053.49893,217,1998.771141,8,354.6932454,41,850.7952369,30,12,0,562,4,26385.90015,0,0,0,13864.44385,1,High Risk
CUST_02933,56,Male,Employed,41853.56054,147,1458.568195,4,1100.710466,31,279.3567708,59,15,7,522,0,28983.37184,4,0,0,9283.536014,1,High Risk
CUST_02934,66,Female,Self-Employed,61172.81156,15,1769.906785,4,1115.531299,35,0.0,38,7,3,825,4,6991.500393,6,0,0,14146.62886,1,High Risk
CUST_02935,27,Male,Self-Employed,24319.1785,221,10.0,1,915.4624091,48,75.93564975,78,0,4,784,3,15694.07742,3,0,0,4357.714955,0,Low Risk
CUST_02936,61,Male,Self-Employed,44637.5961,3,2836.566002,5,990.2883146,26,210.0476131,0,16,3,559,3,5590.51913,2,0,0,12824.29522,1,High Risk
CUST_02937,35,Male,Employed,85006.91555,4,922.5586301,11,1184.604776,48,395.2156743,55,14,6,490,1,2027.941025,0,0,0,10121.87494,1,High Risk
CUST_02938,27,Male,Self-Employed,47221.44669,212,2416.641681,11,626.5303142,18,624.1538543,57,13,9,565,4,9247.264166,5,0,0,2061.674148,1,High Risk
CUST_02939,20,Female,Employed,68605.31004,230,2447.754453,11,1077.700381,37,738.294953,20,6,2,856,1,3682.973889,1,0,0,3203.525402,0,Low Risk
CUST_02940,63,Female,Unemployed,60197.04419,111,61.34009081,5,1207.058156,0,231.1406224,53,18,1,515,0,15204.78867,7,0,0,3076.833066,1,High Risk
CUST_02941,24,Other,Unemployed,44461.59014,227,1544.865917,5,1416.028909,25,1036.184018,70,9,9,599,5,17275.38054,3,0,0,9187.440356,0,Low Risk
CUST_02942,22,Male,Employed,47209.12414,230,1824.266419,3,412.9768999,45,825.0034746,42,19,1,445,4,22563.45184,7,0,0,9048.192461,1,High Risk
CUST_02943,20,Female,Self-Employed,53003.57445,196,1587.840431,10,942.9806227,12,373.5235172,53,10,6,822,2,12284.22421,7,0,0,14743.72788,1,High Risk
CUST_02944,23,Female,Employed,13081.59521,198,1499.247855,6,463.4787803,34,1095.290268,1,19,9,481,1,17179.059,7,0,0,3723.614032,1,High Risk
CUST_02945,59,Female,Employed,67045.54642,146,1151.354118,8,448.6272938,1,648.3918392,13,4,5,791,3,14339.64355,4,0,0,10144.26392,1,High Risk
CUST_02946,54,Male,Employed,47869.15865,6,928.9263702,0,925.6597203,21,483.299566,2,6,1,428,1,13727.74802,5,0,0,8972.345155,1,High Risk
CUST_02947,51,Other,Unemployed,67674.50894,59,2346.432188,2,827.1095352,38,265.7452506,13,11,7,864,4,6008.41104,4,0,0,4511.238099,1,High Risk
CUST_02948,61,Female,Employed,56987.61104,203,1818.207315,9,1200.750517,27,221.2536437,4,1,5,332,1,10562.41309,3,0,0,11389.16667,1,High Risk
CUST_02949,53,Male,Unemployed,47073.92689,115,1648.257327,8,678.8382426,43,734.3184473,38,6,7,690,3,9796.245976,6,1,0,6529.907991,1,High Risk
CUST_02950,62,Female,Employed,53555.8753,215,219.1060899,4,753.0819973,1,524.0737778,0,4,5,382,1,15543.22883,1,0,0,8641.574799,1,High Risk
CUST_02951,44,Female,Unemployed,53616.39687,25,1294.651248,5,874.0264918,10,606.1205731,42,11,3,324,1,0.0,1,0,0,8577.732989,1,High Risk
CUST_02952,29,Other,Employed,76571.4218,126,1455.34271,7,498.359902,47,215.8203913,58,3,7,752,2,18311.69266,4,0,0,5213.513341,1,High Risk
CUST_02953,40,Female,Employed,51127.78087,119,2172.62438,8,546.9255542,36,636.0659781,77,18,3,732,0,10402.70248,4,0,0,9779.383941,1,High Risk
CUST_02954,65,Female,Self-Employed,55186.97914,132,105.1574364,7,1190.634533,25,518.57319,14,2,5,373,3,8001.750888,6,0,0,10578.78731,1,High Risk
CUST_02955,58,Male,Self-Employed,27285.98391,197,623.3562778,2,607.8657356,27,228.7195562,45,16,4,729,0,14069.78918,1,0,0,12953.14032,0,Low Risk
CUST_02956,46,Male,Employed,49153.21793,89,2938.985015,9,1213.866798,25,144.4028239,6,3,3,802,2,11860.00773,1,0,0,6488.538692,0,Low Risk
CUST_02957,46,Other,Employed,76177.58183,156,862.0936274,0,1012.559403,16,509.6446767,41,8,6,807,5,12952.35944,1,0,0,7076.755588,0,Low Risk
CUST_02958,21,Male,Employed,57718.77811,127,18.75496662,10,258.3641411,2,671.1765019,6,1,7,695,5,19850.70493,7,0,0,2685.528369,1,High Risk
CUST_02959,60,Male,Employed,30541.78274,113,941.4629372,11,985.6325421,13,765.2892604,46,9,5,517,4,1257.37721,5,0,0,5621.517592,1,High Risk
CUST_02960,67,Other,Self-Employed,32471.08995,9,864.9476448,4,982.8679381,15,558.2257561,77,19,0,759,4,3656.115917,4,0,0,4515.888344,1,High Risk
CUST_02961,32,Female,Unemployed,36653.08231,230,2020.901649,6,948.025013,48,298.4053703,18,8,6,617,2,8677.510719,2,0,0,9107.184673,0,Low Risk
CUST_02962,28,Other,Employed,67993.35878,46,2011.073202,1,750.3431458,35,505.1678937,52,7,3,617,4,20388.41358,3,0,0,11319.34636,0,Low Risk
CUST_02963,55,Male,Self-Employed,65777.72922,163,724.510552,0,470.9763906,27,588.8156277,15,17,1,887,4,16743.80323,7,0,0,12602.15652,1,High Risk
CUST_02964,41,Other,Employed,10000.0,115,1196.861685,3,1271.174468,27,308.9174757,61,10,2,741,1,11258.83252,1,0,0,13228.23825,0,Low Risk
CUST_02965,61,Female,Employed,48535.0575,194,1929.549674,2,764.4471439,24,382.146811,65,18,9,465,1,15631.74335,6,0,0,10727.97509,1,High Risk
CUST_02966,45,Other,Unemployed,52657.48581,166,1956.358219,3,490.8078439,8,507.2279038,64,17,3,751,1,17039.27969,4,0,0,7831.617613,1,High Risk
CUST_02967,31,Male,Employed,32681.41648,6,672.3265495,0,960.1140401,10,555.4578074,50,18,6,444,5,15108.32267,0,1,0,1180.874966,1,High Risk
CUST_02968,36,Male,Employed,42971.45006,120,760.7335444,1,540.0270102,36,185.5011704,35,16,8,821,2,18504.87979,4,0,0,10046.18206,1,High Risk
CUST_02969,33,Other,Unemployed,73957.97388,25,3193.065875,0,467.8198901,42,362.0605421,34,19,9,766,5,13052.63725,2,0,0,3815.530016,0,Low Risk
CUST_02970,33,Female,Unemployed,57359.17781,155,1292.226517,2,668.5845857,44,535.0445964,23,16,5,588,4,14940.88538,2,0,0,6866.529138,0,Low Risk
CUST_02971,53,Other,Unemployed,41007.51247,235,2694.758761,3,567.1107825,20,624.2006633,68,14,9,336,0,14975.54735,5,0,0,7425.369385,1,High Risk
CUST_02972,39,Female,Unemployed,46628.44949,92,1682.888794,0,480.7152118,1,534.8990685,28,15,4,711,5,9538.511831,6,0,0,3902.99158,1,High Risk
CUST_02973,30,Female,Self-Employed,45898.28368,222,2376.01995,5,1082.244117,33,572.9944224,0,16,8,685,3,11196.10364,6,0,0,4391.668762,1,High Risk
CUST_02974,35,Other,Self-Employed,55075.19357,94,2000.228829,1,760.1602649,41,564.1166455,56,7,7,721,4,15051.17584,1,0,0,8237.916754,0,Low Risk
CUST_02975,50,Female,Self-Employed,24264.84819,215,1636.796411,9,1238.297981,12,294.5460627,8,6,7,337,5,6144.336669,3,0,0,7153.624907,1,High Risk
CUST_02976,25,Male,Employed,37944.4046,204,1627.329521,11,500.9216828,4,844.5065843,79,3,7,832,2,7652.340154,4,0,0,6963.161052,1,High Risk
CUST_02977,38,Other,Unemployed,68637.1361,157,507.4360818,10,195.3536368,10,403.8582721,14,6,7,460,1,10431.01126,3,0,0,4681.058117,1,High Risk
CUST_02978,56,Female,Unemployed,48693.80323,53,1366.659962,4,852.0696222,28,311.2656087,73,10,7,517,3,12325.31241,0,0,0,12365.23139,1,High Risk
CUST_02979,23,Male,Self-Employed,34701.65145,117,1082.365153,7,1449.592623,46,135.4499631,15,2,9,543,5,11882.10731,3,0,1,952.2053358,1,High Risk
CUST_02980,66,Other,Employed,35444.11925,209,1237.732648,11,985.8453903,27,370.8152488,47,1,9,342,3,11895.91578,6,0,1,17133.29065,1,High Risk
CUST_02981,23,Male,Employed,62975.18484,83,1204.346871,3,1925.380969,27,326.3989733,35,0,6,417,3,12807.90076,7,0,0,7953.737999,1,High Risk
CUST_02982,39,Male,Employed,40679.50522,105,1629.919361,4,916.2206923,4,405.8604421,52,5,1,623,0,10595.40922,3,0,0,4969.671716,0,Low Risk
CUST_02983,29,Male,Self-Employed,59196.26082,229,2010.362867,8,882.443274,19,579.6040955,78,13,1,497,5,7904.189163,1,0,0,986.8472274,1,High Risk
CUST_02984,43,Female,Employed,38716.98222,199,1389.980088,1,45.62306513,36,797.3996335,2,3,4,781,5,12216.44165,6,0,0,2686.625192,1,High Risk
CUST_02985,54,Other,Employed,29660.63193,82,2263.904821,11,949.7816042,38,703.2694743,18,15,5,550,1,15832.66494,6,0,0,8833.807704,1,High Risk
CUST_02986,45,Other,Employed,54400.06325,153,1167.640928,11,859.033716,9,0.0,40,9,8,767,1,17163.4126,0,0,0,5986.965142,0,Low Risk
CUST_02987,56,Female,Unemployed,48247.14189,105,1569.35728,1,657.4025806,31,752.0565641,36,4,0,424,1,56.6012974,5,0,0,1917.066183,1,High Risk
CUST_02988,57,Other,Self-Employed,62332.23809,11,3518.696494,5,752.1273965,28,630.2945389,58,10,6,848,1,6050.880344,2,0,0,2167.163961,0,Low Risk
CUST_02989,40,Male,Unemployed,65914.23778,35,538.8864489,5,776.164799,1,950.3439153,66,0,6,890,4,17662.19451,7,0,0,5008.305351,1,High Risk
CUST_02990,59,Other,Unemployed,43556.596,37,1162.886864,2,737.0247965,0,340.558274,7,16,7,802,3,10322.53719,7,0,0,5914.74887,1,High Risk
CUST_02991,58,Female,Self-Employed,56280.80889,234,48.4876109,11,1531.400237,19,248.090786,13,13,0,403,3,989.7036546,3,1,0,11321.30576,1,High Risk
CUST_02992,40,Male,Unemployed,43001.42386,52,1682.757818,8,670.1982903,0,716.2279328,60,6,9,533,3,19330.13483,6,0,0,5474.327912,1,High Risk
CUST_02993,29,Female,Employed,61405.64535,26,1513.229888,0,859.2598033,3,688.4362566,34,13,3,372,2,18035.82457,6,1,0,19318.61065,1,High Risk
CUST_02994,57,Male,Employed,54201.4783,218,1600.575635,11,658.6346208,14,330.7906585,15,0,9,333,1,4902.907473,0,0,0,8914.910348,1,High Risk
CUST_02995,65,Male,Employed,38770.94269,154,770.7556423,2,1074.200915,46,436.4865172,70,5,4,662,4,4965.48206,0,0,0,11005.17316,0,Low Risk
CUST_02996,23,Other,Employed,37263.59796,149,890.637402,7,861.867295,29,619.6864081,34,6,1,461,4,29893.21234,2,0,0,13225.26908,1,High Risk
CUST_02997,64,Male,Self-Employed,54836.02265,41,1543.245993,7,702.0312994,5,587.1833746,7,10,1,559,5,6497.695974,7,1,0,1674.053779,1,High Risk
CUST_02998,39,Female,Unemployed,70919.43895,191,377.7545332,3,125.9112189,37,490.9414396,59,9,3,775,5,19300.51619,1,0,0,5256.665205,0,Low Risk
CUST_02999,36,Other,Unemployed,66223.3318,27,2205.20687,7,885.1578789,0,523.0879305,11,2,2,636,2,21266.86995,0,0,0,6785.717168,0,Low Risk
CUST_03000,26,Female,Employed,33025.83073,225,387.2921565,10,691.6483042,6,295.4209873,48,18,6,788,2,3287.576225,2,0,0,13143.08915,0,Low Risk
CUST_03001,23,Male,Employed,34918.82067,232,1379.235614,9,778.7407701,4,449.5509239,79,1,6,496,5,6531.728292,7,0,0,7788.761589,1,High Risk
CUST_03002,48,Female,Unemployed,37571.40119,155,1151.366475,7,386.1397185,48,153.6930329,67,11,1,529,5,18189.02542,4,0,0,8422.200436,1,High Risk
CUST_03003,33,Female,Self-Employed,39261.86727,157,1099.961533,0,1301.64876,6,498.6358759,34,11,4,399,3,3824.12666,0,0,0,11949.43549,1,High Risk
CUST_03004,22,Male,Unemployed,17300.11814,34,215.4187835,2,1099.860112,35,157.5441731,44,0,4,362,3,5572.444598,6,1,0,11867.17083,1,High Risk
CUST_03005,43,Other,Employed,64220.77767,141,1464.643412,0,1300.747099,2,224.1261639,40,13,7,633,3,10824.84056,7,0,0,14970.671,1,High Risk
CUST_03006,56,Female,Employed,41794.11076,199,533.5562986,1,1201.442755,11,1296.746364,60,10,7,583,3,11249.07708,4,0,0,1358.046713,1,High Risk
CUST_03007,35,Male,Self-Employed,58317.33661,110,1612.153734,3,1007.311056,14,25.08771411,75,7,3,898,5,18543.94591,4,0,0,5346.977927,1,High Risk
CUST_03008,23,Other,Unemployed,44316.35585,35,892.4118871,2,400.2011219,19,743.7298525,14,8,9,437,3,15377.91462,6,0,0,6216.566725,1,High Risk
CUST_03009,43,Other,Self-Employed,49586.61379,149,1459.783651,10,1445.185507,40,568.0595923,66,17,0,837,5,13239.46196,0,0,0,4306.25893,0,Low Risk
CUST_03010,53,Other,Self-Employed,37666.65419,109,50.92201142,5,475.3276972,20,575.0706976,58,12,5,718,1,11116.41164,2,0,0,9826.739943,0,Low Risk
CUST_03011,49,Female,Employed,49491.36044,113,2229.822558,11,706.0573316,31,233.2576018,1,3,6,589,4,5696.279184,6,0,0,11028.17553,1,High Risk
CUST_03012,37,Female,Unemployed,34317.57539,123,2377.072811,11,1047.415798,11,682.4654453,5,15,0,726,1,19297.53382,6,0,0,500.0,1,High Risk
CUST_03013,38,Female,Employed,49624.88805,18,1058.333322,4,1064.789276,36,45.5956323,56,2,7,727,4,12834.7482,4,1,0,10884.26652,1,High Risk
CUST_03014,50,Other,Unemployed,76230.01535,229,3741.128303,4,1000.282854,39,376.5721161,15,3,8,342,0,15933.59609,1,0,0,4900.78026,1,High Risk
CUST_03015,38,Female,Employed,59370.88493,13,2108.572507,9,659.8990315,46,504.6557162,22,3,7,607,0,13327.38863,3,0,0,8107.009548,0,Low Risk
CUST_03016,68,Male,Employed,55238.93422,205,1293.424757,6,587.5739304,6,915.8103742,40,7,2,446,0,12675.07526,7,0,0,3892.671819,1,High Risk
CUST_03017,65,Female,Unemployed,26244.66528,204,1107.239428,6,1687.086399,44,663.8975868,29,10,8,680,4,12623.91768,7,0,0,11554.01929,1,High Risk
CUST_03018,38,Female,Unemployed,60210.61524,100,874.9312172,8,786.2401215,30,392.0764833,66,2,9,415,2,12024.62778,5,0,0,3899.781772,1,High Risk
CUST_03019,41,Other,Employed,61960.16092,118,1027.409157,7,743.3800154,0,430.2711174,54,18,2,764,1,11151.38756,4,0,0,7789.698719,1,High Risk
CUST_03020,43,Female,Unemployed,54828.78277,199,1412.104477,2,550.2552282,10,643.3427287,79,5,3,506,2,8405.996678,4,0,0,10620.203,1,High Risk
CUST_03021,64,Male,Employed,53857.08485,217,1464.992696,1,885.6346222,44,196.9957963,3,2,5,352,4,15189.9235,3,0,0,9395.309625,1,High Risk
CUST_03022,31,Other,Unemployed,47476.73852,185,376.7748386,0,869.3079802,33,777.4854927,27,3,6,397,3,18746.11184,2,0,0,4239.834107,1,High Risk
CUST_03023,49,Male,Employed,61689.24528,27,2583.795387,9,794.320827,18,476.2949876,49,3,7,327,2,13443.33139,7,1,0,7602.454935,1,High Risk
CUST_03024,57,Other,Employed,75146.18999,95,2129.417153,5,933.6043264,10,281.1991788,27,1,6,512,4,21628.70932,1,0,0,7648.427369,1,High Risk
CUST_03025,50,Other,Employed,55949.50711,234,2977.791548,3,1417.238126,32,151.2677169,52,15,2,547,0,9239.424829,1,0,0,10955.13034,1,High Risk
CUST_03026,55,Female,Self-Employed,32509.09077,207,1794.312401,2,591.7315528,32,0.0,66,4,1,789,3,24881.21237,4,0,0,7049.111384,1,High Risk
CUST_03027,38,Male,Unemployed,33886.09141,113,2337.378682,10,815.0793098,7,937.9520599,25,14,1,835,0,14658.49088,6,0,0,6804.90696,1,High Risk
CUST_03028,67,Other,Employed,63072.31772,98,499.8160861,10,573.2530416,44,28.34074194,38,4,8,631,2,0.0,0,0,0,6727.925326,0,Low Risk
CUST_03029,64,Female,Self-Employed,32655.35471,164,1981.795757,1,903.1444263,7,619.8810901,12,11,6,335,2,23473.0288,0,0,1,1622.989416,1,High Risk
CUST_03030,55,Other,Employed,53618.98977,14,66.67123719,1,601.0356745,33,608.4489172,70,18,6,496,1,6290.761619,5,0,0,12050.65725,1,High Risk
CUST_03031,49,Other,Self-Employed,43780.23065,218,722.7095804,10,616.094953,39,380.8199941,53,14,4,709,1,13254.69244,4,0,0,13261.59339,1,High Risk
CUST_03032,68,Other,Employed,30699.75284,234,3505.239913,3,289.1668191,26,471.6602574,12,5,5,483,4,15066.50461,5,0,0,14966.40054,1,High Risk
CUST_03033,52,Other,Employed,64980.85259,23,1220.088461,0,834.228174,28,399.7943766,58,0,6,366,5,12415.44951,0,0,0,9951.955886,1,High Risk
CUST_03034,37,Other,Self-Employed,62721.86697,129,1484.690815,5,950.4193677,13,555.7173997,3,4,8,332,2,11322.46568,1,0,0,2554.585048,1,High Risk
CUST_03035,68,Other,Self-Employed,25598.31254,31,2061.552782,9,1451.166724,33,402.7248026,79,18,9,466,0,8152.467272,1,0,0,500.0,1,High Risk
CUST_03036,47,Female,Unemployed,58665.98232,181,1468.969854,10,964.3258684,44,427.6956525,56,10,3,639,1,8922.783676,3,0,0,9381.805593,0,Low Risk
CUST_03037,66,Other,Unemployed,56034.67991,123,682.8544331,4,642.6105568,36,479.3084835,59,13,5,823,0,19131.00983,1,0,0,4847.634443,0,Low Risk
CUST_03038,30,Male,Self-Employed,65074.22964,126,702.6071583,9,324.1123193,0,656.2501502,46,13,0,544,4,5898.859456,5,0,0,6351.136212,1,High Risk
CUST_03039,64,Female,Unemployed,53002.0749,153,2141.178596,8,372.549548,8,649.8406831,76,1,6,785,5,12321.68638,2,0,0,7099.737715,0,Low Risk
CUST_03040,52,Male,Self-Employed,75683.05055,35,1738.616186,1,346.5300812,9,468.7960401,73,4,3,895,0,16259.289,1,0,0,9271.49475,0,Low Risk
CUST_03041,36,Other,Unemployed,47720.10413,138,2169.104434,8,1457.314712,29,436.7540143,4,8,1,342,0,5673.007098,6,0,0,5702.786573,1,High Risk
CUST_03042,25,Male,Employed,45102.30085,172,1969.905487,8,900.7336739,42,640.7952668,35,16,3,824,3,14802.98777,6,0,0,11285.78261,1,High Risk
CUST_03043,23,Other,Unemployed,32453.7642,79,1548.368809,9,595.9618233,17,285.0608191,18,18,7,756,4,18288.74676,4,0,1,4700.981901,1,High Risk
CUST_03044,39,Other,Employed,33189.04567,199,1510.557759,8,464.0491382,16,208.6039993,29,14,1,415,5,14117.80416,5,0,0,6784.233834,1,High Risk
CUST_03045,67,Female,Employed,31559.27002,43,1577.409277,9,500.3622559,5,164.6000109,40,1,0,405,1,18753.2609,0,0,0,11100.84849,1,High Risk
CUST_03046,66,Female,Unemployed,53931.19362,76,1209.064519,9,586.7452119,10,559.7942942,47,8,0,644,3,11752.00068,0,0,0,6496.164375,0,Low Risk
CUST_03047,46,Other,Self-Employed,45156.21226,65,1218.347748,3,1260.689326,23,773.5723555,27,10,6,688,2,6916.103192,1,0,0,14202.626,0,Low Risk
CUST_03048,34,Female,Employed,55952.47808,16,1901.594745,4,789.5197935,35,517.7162219,30,5,6,834,2,11081.89285,1,0,0,4688.629735,0,Low Risk
CUST_03049,25,Male,Employed,28233.52242,218,2652.562154,7,293.386754,32,566.0343459,56,14,3,540,1,3811.910582,7,0,0,12663.82784,1,High Risk
CUST_03050,66,Female,Unemployed,34597.5404,192,159.3465518,7,1608.660746,32,370.138833,42,19,4,395,5,26255.32615,0,0,0,2413.221064,1,High Risk
CUST_03051,33,Female,Self-Employed,34294.21922,77,3409.997058,0,400.9436012,17,565.0778213,64,3,4,609,5,11951.68122,0,0,0,5887.42643,0,Low Risk
CUST_03052,30,Male,Self-Employed,89046.87323,176,2054.102007,9,593.2076415,4,534.2251429,8,14,6,424,4,708.6879839,7,0,0,11510.3224,1,High Risk
CUST_03053,58,Female,Unemployed,47017.73608,69,1848.404113,0,1258.550536,30,620.7187911,11,17,2,533,2,8089.823367,1,0,0,15782.48303,1,High Risk
CUST_03054,28,Other,Self-Employed,48805.40621,95,693.3515066,9,945.3023714,15,0.0,11,6,4,881,2,10795.99322,7,0,0,10320.70218,1,High Risk
CUST_03055,45,Male,Unemployed,48605.84587,55,930.4776576,5,635.5269501,1,607.1298252,41,15,6,505,2,4329.648939,2,0,0,11433.75421,1,High Risk
CUST_03056,35,Other,Unemployed,77950.92776,182,1989.029449,6,369.0215759,8,657.6638605,72,2,6,532,4,4257.218094,2,0,0,10436.97953,1,High Risk
CUST_03057,24,Male,Unemployed,20959.89077,96,1700.689407,1,461.6584619,1,651.7472922,52,11,8,419,2,9935.189014,0,0,0,7165.698302,1,High Risk
CUST_03058,29,Other,Employed,48921.80856,115,466.4467315,1,482.7263583,36,469.6909512,56,6,3,776,1,15244.29274,3,0,0,500.0,0,Low Risk
CUST_03059,69,Other,Employed,20791.14709,231,810.322365,4,802.4611292,19,938.7715313,15,8,0,321,1,17699.19684,2,0,0,4381.26737,1,High Risk
CUST_03060,22,Female,Employed,10000.0,137,908.2381412,8,866.871636,16,734.3602767,76,9,4,511,1,18694.08956,4,0,0,5253.736805,1,High Risk
CUST_03061,32,Other,Unemployed,36783.68094,211,839.8414943,4,747.97088,24,862.9053984,49,0,3,774,3,8464.705817,5,0,0,3716.696167,1,High Risk
CUST_03062,62,Female,Employed,57418.94924,214,1717.16895,7,786.2751651,18,613.3508458,3,11,2,795,1,0.0,0,0,0,1189.925131,0,Low Risk
CUST_03063,68,Male,Employed,35639.94693,184,680.7956768,7,432.2468817,41,500.2924386,12,17,6,487,0,22670.62371,6,0,0,15407.02176,1,High Risk
CUST_03064,49,Other,Employed,57123.77273,13,2123.178633,4,902.5976372,7,647.9097343,59,0,8,482,2,10694.72941,2,0,0,5117.506618,1,High Risk
CUST_03065,64,Other,Unemployed,51916.57348,238,311.7337033,7,1248.181523,10,343.4914989,27,17,3,717,1,9378.372687,6,0,0,1885.989366,1,High Risk
CUST_03066,25,Male,Unemployed,47496.81923,27,2280.95011,7,743.0229114,12,707.0683699,11,6,5,852,5,19439.89591,1,0,0,21008.95126,0,Low Risk
CUST_03067,36,Male,Unemployed,72769.34408,189,3947.765017,4,736.1996527,12,386.4999299,23,16,0,839,5,10128.2285,3,0,0,12531.95943,0,Low Risk
CUST_03068,64,Other,Employed,39271.3421,218,2123.002229,4,829.0503682,8,352.7003317,0,12,0,832,5,14944.39329,5,0,0,3778.076848,1,High Risk
CUST_03069,38,Male,Self-Employed,56851.79758,196,1064.853562,3,1191.371701,4,170.9363679,33,9,2,373,5,13476.30954,5,0,0,4219.46311,1,High Risk
CUST_03070,61,Female,Employed,17544.43829,157,1099.813747,0,486.8469502,17,751.5022873,2,13,4,335,4,4576.261432,6,0,0,2070.107045,1,High Risk
CUST_03071,54,Male,Employed,51778.02988,85,601.1882236,8,1307.796568,39,1003.548287,21,0,5,709,5,5476.726537,1,0,0,1381.398579,0,Low Risk
CUST_03072,65,Male,Unemployed,45370.11134,188,2362.709414,1,947.4277838,13,842.018312,26,5,8,830,4,10668.32318,5,0,0,4496.289067,1,High Risk
CUST_03073,45,Other,Unemployed,28719.56476,95,1630.416731,0,810.0382435,33,725.2584745,20,3,8,314,4,11900.44086,1,0,0,10288.19189,1,High Risk
CUST_03074,24,Female,Employed,57172.97802,231,52.46357855,5,1224.633593,21,732.3233304,12,18,9,408,3,8269.892023,3,0,0,14189.31211,1,High Risk
CUST_03075,48,Male,Employed,36698.88157,141,337.2629106,4,386.2782741,47,723.7293473,43,14,0,423,5,8216.227515,0,0,0,13333.66574,1,High Risk
CUST_03076,56,Female,Self-Employed,81179.32239,57,94.29282531,10,982.7159377,32,468.3822797,79,18,1,604,4,11568.32865,6,0,0,13623.16861,1,High Risk
CUST_03077,39,Female,Self-Employed,10000.0,21,2109.948374,0,950.6083476,23,404.6448313,23,11,7,317,3,7777.406487,6,0,0,7438.232098,1,High Risk
CUST_03078,68,Female,Unemployed,54468.65375,94,698.5383858,6,472.5907275,28,256.5891365,45,13,4,383,2,17354.82518,6,1,0,10736.37865,1,High Risk
CUST_03079,40,Other,Self-Employed,50768.55094,169,2167.097593,6,961.223343,12,965.4867105,16,2,2,487,0,13812.75714,5,1,0,9702.442856,1,High Risk
CUST_03080,29,Male,Self-Employed,44944.4524,215,1053.437437,2,899.1568128,49,449.8709526,4,3,8,463,4,8835.03152,7,0,0,8175.19429,1,High Risk
CUST_03081,24,Other,Unemployed,40473.75739,92,2133.99691,7,737.4416581,26,535.6158453,37,2,1,667,4,15531.91925,1,0,0,13346.39506,0,Low Risk
CUST_03082,55,Male,Self-Employed,51235.3076,216,1294.110409,5,1101.986144,0,219.1949348,58,11,6,693,3,19980.45975,5,0,0,11138.98203,1,High Risk
CUST_03083,25,Male,Employed,69119.44354,200,2259.872218,3,599.8860117,6,306.5008163,26,8,9,319,3,13065.44924,0,1,0,8912.18488,1,High Risk
CUST_03084,45,Other,Self-Employed,19900.66084,13,866.2787013,9,894.612436,3,253.8692169,53,18,7,412,0,3327.62979,0,0,0,4517.958591,1,High Risk
CUST_03085,23,Female,Unemployed,35492.23586,144,912.3124249,9,753.9141761,9,410.1871278,70,15,1,616,1,21435.97361,7,0,0,13906.31574,1,High Risk
CUST_03086,58,Female,Employed,31094.29158,62,1135.733209,9,584.8561119,39,659.4203006,54,0,0,656,3,22016.17801,0,0,0,2274.768615,0,Low Risk
CUST_03087,58,Male,Self-Employed,30248.73914,166,2167.006779,11,976.0096398,34,616.5784334,70,13,2,449,0,19438.94432,7,0,0,1576.76449,1,High Risk
CUST_03088,69,Other,Employed,56169.4821,234,634.2194007,2,727.2924884,38,650.4573607,42,12,7,894,2,15781.42347,5,0,0,500.0,1,High Risk
CUST_03089,54,Female,Employed,60608.07113,43,1038.726694,0,284.4477395,15,496.0295272,37,11,3,712,5,15044.12974,1,0,0,7643.602743,0,Low Risk
CUST_03090,20,Female,Self-Employed,69171.85164,132,1300.04747,1,169.6268633,26,687.1994895,60,4,4,357,4,12855.38518,6,0,0,9707.071567,1,High Risk
CUST_03091,43,Male,Self-Employed,60891.76099,187,1819.25215,1,1076.170114,19,463.1422942,44,19,8,353,4,12580.06,0,0,0,2380.007989,1,High Risk
CUST_03092,55,Male,Unemployed,62350.55464,109,1183.027874,10,372.7899625,9,614.022745,57,2,3,839,0,5028.018912,1,0,0,7900.028818,0,Low Risk
CUST_03093,25,Other,Unemployed,24587.45203,62,1962.10458,4,897.7845727,44,401.8279181,28,1,8,660,0,5151.958921,0,1,0,12953.39231,1,High Risk
CUST_03094,60,Male,Employed,76704.13835,150,901.7452025,3,819.2331628,32,776.0637585,53,10,5,722,4,6722.491936,7,0,0,10786.40082,1,High Risk
CUST_03095,65,Female,Unemployed,46224.36445,24,2291.20778,1,671.0138781,6,276.2492483,33,19,6,356,3,0.0,4,0,0,5500.197505,1,High Risk
CUST_03096,63,Female,Employed,68593.92942,130,2105.210336,10,1484.83396,41,781.6372631,20,1,7,363,1,4515.011568,1,0,0,11644.01844,1,High Risk
CUST_03097,50,Female,Employed,25228.9937,128,1041.711222,8,862.8859065,43,590.4819747,44,15,9,585,2,11965.61856,7,0,0,12654.62771,1,High Risk
CUST_03098,39,Female,Unemployed,45654.44296,105,2076.475114,6,1064.471719,45,879.2884355,0,7,9,641,1,0.0,4,0,0,12897.35049,1,High Risk
CUST_03099,43,Other,Unemployed,66974.28635,134,626.727671,7,899.6856754,21,334.8345557,9,2,0,808,1,6287.004853,0,0,0,11031.40226,0,Low Risk
CUST_03100,44,Other,Unemployed,50502.63997,186,1629.411296,7,718.9612019,42,442.3128035,57,3,8,733,1,10610.79398,1,0,0,1188.374189,0,Low Risk
CUST_03101,55,Male,Self-Employed,36428.54206,223,868.254691,1,793.3189374,16,435.4146582,27,3,1,737,4,7404.446804,5,0,0,15037.21367,1,High Risk
CUST_03102,40,Male,Employed,73576.64003,112,1750.651444,4,1310.489968,8,284.1800385,60,7,2,834,1,9990.446577,3,1,0,9129.327308,1,High Risk
CUST_03103,49,Male,Employed,28914.54094,60,1364.145973,2,1180.836852,39,993.1766793,29,5,0,829,3,13713.02035,4,0,0,5917.683521,1,High Risk
CUST_03104,43,Other,Employed,49632.31864,218,892.7210273,9,1483.195251,9,321.9038832,27,13,9,380,3,17766.15432,6,0,0,12402.65645,1,High Risk
CUST_03105,63,Female,Unemployed,61523.0728,67,242.8048656,8,877.5747325,35,268.8975303,28,14,2,680,3,7576.319118,7,0,0,6898.268175,1,High Risk
CUST_03106,61,Male,Unemployed,87722.42594,218,1327.072781,8,493.072027,30,863.0597014,30,16,1,715,0,10170.27737,2,0,0,500.0,0,Low Risk
CUST_03107,49,Female,Unemployed,41749.59933,60,2454.431638,5,645.8190695,30,691.5712659,67,4,6,433,2,0.0,2,0,0,13039.80779,1,High Risk
CUST_03108,41,Male,Unemployed,45023.87743,160,1727.384528,3,384.2776329,4,452.3897314,73,0,6,858,3,15557.28234,7,0,0,5498.4219,1,High Risk
CUST_03109,47,Male,Unemployed,41995.5596,78,248.9356123,7,1068.465445,17,36.8710601,30,11,5,522,1,6827.538552,7,0,0,7221.958267,1,High Risk
CUST_03110,26,Male,Self-Employed,54292.46286,21,1313.137564,4,594.9292894,5,928.5061366,40,18,9,414,0,14057.50667,3,0,0,8024.364574,1,High Risk
CUST_03111,54,Male,Unemployed,60582.70882,130,2450.752958,2,20.0,41,986.4921282,63,11,3,625,4,10109.30177,3,0,0,6630.333301,0,Low Risk
CUST_03112,47,Male,Employed,69679.64082,231,1252.126439,10,1662.321494,49,652.5977501,41,10,2,495,3,25390.51796,5,0,0,8840.270553,1,High Risk
CUST_03113,33,Female,Unemployed,63608.85997,192,721.6676517,7,600.2896015,27,630.1894433,43,8,6,548,1,22983.26825,2,0,0,11914.04626,1,High Risk
CUST_03114,29,Male,Employed,41047.26531,106,2897.842209,11,598.1931761,42,551.1094013,30,18,2,525,1,15771.72536,1,0,0,10305.49622,1,High Risk
CUST_03115,35,Female,Unemployed,64640.67841,109,635.443862,5,1385.064092,23,392.586693,10,3,8,582,5,14561.3198,0,0,0,3356.786914,0,Low Risk
CUST_03116,35,Other,Unemployed,51647.82159,120,1318.994824,4,377.1119922,4,802.538926,35,12,9,749,4,13528.74076,1,0,0,1871.283227,0,Low Risk
CUST_03117,50,Male,Employed,63414.54012,198,1007.954039,0,1197.81206,27,404.1429197,31,9,7,353,0,9239.455352,7,0,0,6251.175478,1,High Risk
CUST_03118,61,Female,Employed,64442.61379,81,2022.282671,2,594.3951448,2,639.4721033,38,0,6,786,1,7365.018619,6,0,0,4437.12381,1,High Risk
CUST_03119,44,Other,Employed,79342.26343,86,1885.14957,6,336.6715944,17,554.5376491,66,9,1,449,2,6354.915779,6,0,0,4384.800937,1,High Risk
CUST_03120,32,Other,Employed,43617.36861,174,783.7331399,2,1397.001216,3,497.0512207,59,17,9,355,3,8199.177498,2,0,0,4246.377699,1,High Risk
CUST_03121,25,Other,Self-Employed,40180.05315,214,940.2661854,0,1123.083931,39,286.9133025,24,12,2,509,0,14519.527,6,0,0,13945.08595,1,High Risk
CUST_03122,63,Female,Employed,58048.94144,120,1611.115337,7,1122.000345,48,201.2629652,27,6,7,615,3,10568.97834,7,0,0,10287.12815,1,High Risk
CUST_03123,28,Male,Unemployed,71285.30452,191,1674.593436,6,928.6794414,41,623.6191966,18,7,2,862,3,0.0,6,0,0,6552.528685,1,High Risk
CUST_03124,64,Male,Unemployed,51045.14894,151,1316.958759,4,1009.685572,31,392.0702666,28,16,7,699,4,27391.75809,4,1,0,8509.572938,1,High Risk
CUST_03125,55,Female,Self-Employed,72458.82125,12,1254.111883,11,368.7446913,31,536.1262624,49,0,3,791,2,11020.17872,4,1,0,9867.885433,1,High Risk
CUST_03126,62,Male,Employed,62421.05012,32,517.1030025,9,839.0638,18,550.1100078,18,15,4,427,2,24898.61062,0,0,0,4835.365788,1,High Risk
CUST_03127,39,Female,Unemployed,46378.1214,26,2980.206895,4,474.9329498,28,577.3968894,55,19,8,311,4,9586.257627,0,0,0,8347.54749,1,High Risk
CUST_03128,37,Male,Self-Employed,60140.03906,178,2010.716654,5,313.8708183,32,470.0188473,17,3,9,323,3,10522.31739,5,0,0,500.0,1,High Risk
CUST_03129,62,Other,Unemployed,42173.11776,57,1504.721418,6,943.8336657,1,662.0916046,44,16,1,425,2,17565.12726,2,0,0,8217.567036,1,High Risk
CUST_03130,40,Male,Self-Employed,54294.80132,106,2280.960977,2,1205.352344,10,479.5656126,79,12,2,630,3,10205.70265,2,0,0,10846.65815,0,Low Risk
CUST_03131,23,Female,Self-Employed,30683.13539,129,1336.793479,10,665.8209115,46,439.934974,40,9,0,470,0,14410.68485,0,0,0,10539.18426,1,High Risk
CUST_03132,69,Female,Employed,48773.18065,182,848.458695,11,725.7954877,32,684.6815095,12,8,7,404,4,10026.04652,4,0,0,8382.925419,1,High Risk
CUST_03133,52,Other,Self-Employed,67994.40477,234,1776.789666,11,401.6472742,40,506.6740254,67,13,8,520,4,9132.082232,3,0,0,2277.868363,1,High Risk
CUST_03134,46,Female,Unemployed,63808.64423,127,1611.20503,3,802.5260011,39,558.0662199,76,16,9,356,2,21218.38438,3,0,0,9535.082363,1,High Risk
CUST_03135,26,Male,Unemployed,61175.15146,168,2845.455625,0,1066.026639,0,736.4494444,67,2,8,851,5,4761.148696,3,1,0,12437.07565,1,High Risk
CUST_03136,25,Male,Employed,55174.63415,197,910.3451707,6,1077.034708,41,605.5376217,23,0,2,332,5,8938.185878,4,0,0,12281.79531,1,High Risk
CUST_03137,34,Other,Employed,52877.22889,95,729.7590282,9,990.8116615,16,732.9728233,32,0,4,460,0,22955.67973,7,1,0,7795.313106,1,High Risk
CUST_03138,37,Female,Self-Employed,27192.97216,10,3180.992889,1,583.5490915,49,104.7494406,72,19,8,407,3,10023.36811,1,0,0,9246.266769,1,High Risk
CUST_03139,51,Other,Employed,46290.46329,159,2447.620832,6,572.4548348,15,1160.781579,54,1,4,364,2,3173.192389,1,0,0,6916.424406,1,High Risk
CUST_03140,30,Male,Unemployed,53287.08411,140,2009.35851,5,1078.391566,1,680.1356604,2,15,0,375,3,15689.11624,4,0,0,10756.15144,1,High Risk
CUST_03141,39,Other,Unemployed,29760.73708,199,953.1474505,3,1084.199626,48,649.7040353,2,8,0,345,0,11786.78965,6,0,0,5963.22163,1,High Risk
CUST_03142,43,Female,Employed,18468.3935,77,1834.177929,10,739.8017551,3,465.5035254,29,13,3,752,1,14697.09727,1,0,0,5653.068407,0,Low Risk
CUST_03143,34,Other,Employed,70318.98944,198,467.5497813,1,650.8398324,31,125.0113987,17,0,6,749,2,12393.90423,3,0,0,7601.413513,0,Low Risk
CUST_03144,67,Female,Employed,50915.09348,179,1089.276691,6,1208.536483,6,679.6691406,65,2,6,733,5,5368.386138,4,0,0,7535.753108,1,High Risk
CUST_03145,26,Female,Self-Employed,53779.62705,188,569.2294016,6,674.0179673,28,777.2663158,42,17,6,607,5,13433.03049,0,0,0,1431.406334,0,Low Risk
CUST_03146,40,Male,Self-Employed,60001.28281,165,897.5672886,4,1061.076279,8,73.70413964,72,0,5,704,2,19601.91577,4,0,0,7415.568393,1,High Risk
CUST_03147,61,Male,Unemployed,32320.99489,180,546.9021037,8,752.1048888,34,721.4673538,65,10,0,442,4,8993.092758,2,1,0,2588.945313,1,High Risk
CUST_03148,45,Male,Self-Employed,42737.07571,42,2056.722576,2,433.3635266,4,886.0022936,26,4,2,587,1,6685.41637,3,0,0,7743.555298,0,Low Risk
CUST_03149,63,Female,Self-Employed,77073.21688,142,2929.936842,8,1364.309249,49,875.9317271,18,10,4,371,5,10959.32992,7,0,0,18686.19846,1,High Risk
CUST_03150,33,Other,Self-Employed,41204.20286,87,2281.039763,4,842.0223635,20,632.8072366,15,5,3,706,5,10745.1967,7,1,0,11163.70222,1,High Risk
CUST_03151,56,Female,Self-Employed,45214.60468,18,2099.318009,1,551.239607,16,480.5053874,25,6,3,853,5,10072.3582,5,0,0,3236.676349,1,High Risk
CUST_03152,40,Male,Unemployed,37949.21303,80,1231.050072,8,313.2180163,38,736.9705341,13,12,8,563,5,19411.68623,3,0,0,8288.526662,1,High Risk
CUST_03153,37,Male,Employed,36664.62392,215,1653.74626,0,348.4997206,13,603.4660996,46,15,6,520,2,13454.06906,7,0,0,10379.04312,1,High Risk
CUST_03154,24,Other,Unemployed,69898.66434,50,642.2097548,0,669.4810086,31,591.1540872,17,2,8,343,3,21944.53849,2,0,0,2612.934082,1,High Risk
CUST_03155,22,Male,Self-Employed,10000.0,93,460.6572744,6,1473.795109,14,368.2840072,27,14,6,722,0,13362.3911,3,0,0,9715.562424,0,Low Risk
CUST_03156,42,Male,Employed,41773.75124,230,337.6896072,2,595.3683425,20,96.71393972,18,7,9,588,1,14164.72478,5,0,0,7754.715636,1,High Risk
CUST_03157,45,Male,Employed,54057.38257,131,523.8899615,7,1306.609191,13,714.2807825,29,19,2,878,4,25077.994,2,0,0,7566.704663,0,Low Risk
CUST_03158,56,Other,Employed,80542.23978,195,2049.741125,6,754.232716,40,418.9010711,20,15,9,335,4,14058.3807,5,0,0,4999.500822,1,High Risk
CUST_03159,43,Female,Unemployed,29565.94359,24,2137.413034,10,386.5973631,15,254.9650841,20,16,3,898,3,10467.94871,2,0,0,7954.027828,0,Low Risk
CUST_03160,68,Male,Employed,26497.91575,145,778.7774819,6,634.376084,0,221.9493241,47,12,8,837,0,6350.297621,7,0,0,13823.18464,1,High Risk
CUST_03161,38,Other,Unemployed,34518.19422,214,1734.872091,0,351.6542267,39,454.62577,54,2,0,757,4,6873.610749,3,0,0,6139.297533,0,Low Risk
CUST_03162,44,Male,Unemployed,62630.69714,197,2413.565195,0,500.4110418,17,194.2605144,29,2,2,593,4,9497.543625,4,0,0,12326.28691,1,High Risk
CUST_03163,40,Other,Self-Employed,52255.13834,16,1378.471922,11,489.9881783,33,769.6584229,41,12,3,399,0,10500.91748,2,0,0,8007.233303,1,High Risk
CUST_03164,31,Male,Self-Employed,24032.55792,75,905.3119974,1,133.6686464,25,635.3903081,36,16,3,450,1,0.0,0,0,0,9213.093254,1,High Risk
CUST_03165,60,Other,Employed,51792.03676,21,1166.736279,1,1329.478624,35,779.3064843,40,13,6,435,2,11903.38813,7,0,0,14392.82263,1,High Risk
CUST_03166,52,Male,Employed,77925.87979,42,2644.702762,10,873.8559606,20,242.290656,45,4,3,579,2,0.0,7,0,0,7594.426023,1,High Risk
CUST_03167,69,Female,Self-Employed,54760.64722,100,1444.36782,4,559.802558,0,151.1275645,59,11,9,674,0,19660.05608,2,0,0,8290.719959,0,Low Risk
CUST_03168,23,Male,Unemployed,52962.04203,6,3208.578206,8,877.6152113,26,939.2531507,73,15,7,765,0,670.7192871,0,0,0,10878.69372,0,Low Risk
CUST_03169,61,Other,Unemployed,54045.35815,35,965.9459996,6,507.5818622,10,299.8780452,0,5,0,723,5,13108.13263,7,0,0,3710.576955,1,High Risk
CUST_03170,26,Male,Self-Employed,57461.04897,45,1095.089395,1,20.0,37,523.8689259,53,8,2,793,0,12873.85046,4,0,0,12350.92388,1,High Risk
CUST_03171,41,Female,Unemployed,27192.17189,167,375.7307847,4,1834.842072,13,309.105403,34,15,9,417,3,20053.79979,2,0,0,6581.698361,1,High Risk
CUST_03172,52,Male,Self-Employed,45825.36796,196,2357.911034,4,866.3599568,27,294.5017451,15,3,9,708,3,12820.54207,6,0,0,6117.248993,1,High Risk
CUST_03173,36,Other,Self-Employed,46764.3896,29,1575.388063,7,593.8454362,26,648.7205643,4,5,5,316,0,11404.58084,2,0,0,2148.160602,1,High Risk
CUST_03174,43,Other,Employed,41297.55764,175,779.8235809,8,123.1298159,21,467.8162389,30,18,2,550,3,13890.899,2,0,0,3346.002957,1,High Risk
CUST_03175,53,Female,Employed,62350.18896,83,1213.098668,7,277.0475717,20,828.4165044,36,0,7,896,2,8836.452972,7,0,1,9652.002478,1,High Risk
CUST_03176,47,Other,Self-Employed,38588.11766,115,1888.366512,1,1379.072175,23,54.08101922,24,7,6,404,0,8926.339548,7,0,0,12904.85803,1,High Risk
CUST_03177,62,Male,Employed,43520.56841,180,838.5452924,3,1325.678492,18,495.5573273,61,5,4,340,2,13284.09519,6,0,0,4424.57122,1,High Risk
CUST_03178,60,Male,Self-Employed,27316.89175,119,1773.813643,1,1063.625263,23,372.1940351,24,2,1,871,2,10239.48108,0,0,0,10645.34053,0,Low Risk
CUST_03179,58,Male,Unemployed,56809.59007,126,2219.57701,5,409.7230366,25,438.5746048,66,13,4,898,3,15848.17394,4,0,0,7035.213371,1,High Risk
CUST_03180,41,Other,Unemployed,66954.25331,97,1153.16185,3,1328.490896,24,455.9808144,37,1,8,768,4,6712.065681,3,0,0,1803.520954,0,Low Risk
CUST_03181,68,Male,Unemployed,43501.63068,65,10.76570316,6,957.4239163,44,660.7928946,47,15,4,854,4,17712.31426,5,0,0,5938.712376,1,High Risk
CUST_03182,36,Male,Unemployed,64533.02739,235,1283.650949,1,1029.223557,43,453.6411089,63,12,2,832,1,14821.45159,5,0,0,10973.37677,1,High Risk
CUST_03183,53,Male,Self-Employed,47354.77804,136,1096.92187,8,956.1598306,28,456.2173977,1,15,6,720,1,12153.46782,1,0,0,3396.056587,0,Low Risk
CUST_03184,25,Female,Unemployed,10000.0,126,503.6956059,4,272.5544854,9,935.4824095,63,10,2,803,4,2758.677357,7,0,0,2137.683872,1,High Risk
CUST_03185,65,Other,Unemployed,49072.72398,118,1969.414858,0,380.6436672,10,195.0029757,68,10,7,510,0,17026.19022,6,1,0,5058.263033,1,High Risk
CUST_03186,25,Other,Unemployed,46839.71823,97,2000.529923,11,621.4236418,23,228.5363815,19,15,4,432,4,23775.08262,7,0,0,4843.384561,1,High Risk
CUST_03187,53,Other,Unemployed,51853.9208,69,1674.564778,10,1025.273898,23,964.3179117,10,9,4,599,5,9215.920614,2,0,0,15785.52723,0,Low Risk
CUST_03188,20,Female,Self-Employed,54557.33783,234,1153.211774,2,316.8487712,11,927.2319619,30,16,5,518,3,17154.64138,2,0,0,8755.049375,1,High Risk
CUST_03189,29,Other,Unemployed,37689.41254,197,1608.097189,3,738.6287548,6,51.64925885,34,11,9,689,4,11312.15441,2,0,0,13333.83474,0,Low Risk
CUST_03190,40,Female,Employed,76483.6696,99,979.9274383,2,738.1866714,39,1035.759116,43,4,5,633,0,5418.219714,3,0,0,7648.504209,0,Low Risk
CUST_03191,24,Female,Employed,48809.09203,118,2047.80214,5,1077.458891,16,644.7346777,54,11,2,686,0,7396.636402,4,1,0,9321.973712,1,High Risk
CUST_03192,21,Other,Employed,46406.05386,189,1149.931046,5,1036.135037,34,322.8665245,44,2,6,876,1,11357.45,0,0,0,12005.80491,0,Low Risk
CUST_03193,41,Male,Employed,63401.53295,15,1298.321965,9,446.4209248,5,501.3698154,20,18,8,600,1,14720.09661,3,0,0,1961.751871,0,Low Risk
CUST_03194,67,Male,Employed,50333.71902,151,1364.957235,10,1306.340159,11,392.6310833,51,9,0,413,0,3238.207723,4,0,0,3466.524639,1,High Risk
CUST_03195,21,Other,Employed,96185.14987,66,4113.776141,6,392.8660599,14,500.163786,19,15,3,885,2,7769.392028,1,0,0,10407.35151,0,Low Risk
CUST_03196,29,Other,Self-Employed,46221.65976,167,684.2689,8,1182.283805,31,396.2512251,8,18,3,359,5,12197.8534,5,0,0,8395.522714,1,High Risk
CUST_03197,53,Female,Employed,56332.67812,210,1123.649989,9,607.4492856,22,205.6422979,8,10,0,414,1,4438.493226,4,0,0,10387.82339,1,High Risk
CUST_03198,35,Other,Unemployed,36515.25221,87,218.2725936,8,857.3740837,6,169.5437995,57,15,5,594,5,14353.91224,4,0,0,4231.866176,1,High Risk
CUST_03199,67,Female,Employed,65669.63977,178,1703.350863,6,879.095611,37,553.7948103,70,9,1,679,3,22342.76417,0,0,0,7397.96638,0,Low Risk
CUST_03200,58,Other,Self-Employed,55556.9311,58,2884.920465,10,869.1976042,30,299.8624123,32,14,5,859,2,11390.69308,4,0,0,14258.76397,1,High Risk
CUST_03201,41,Male,Employed,43898.57509,174,1316.743485,0,1036.074719,28,144.0814016,0,2,0,379,3,16410.58247,4,0,1,5357.021053,1,High Risk
CUST_03202,31,Male,Unemployed,34296.11423,143,986.2132048,2,937.0108243,43,632.8772722,2,9,9,326,3,4345.200787,7,0,0,11903.78836,1,High Risk
CUST_03203,43,Other,Unemployed,26430.39861,134,1451.365488,4,1074.277195,27,630.2177609,38,11,4,735,5,8216.168012,5,0,0,9726.447734,1,High Risk
CUST_03204,66,Female,Self-Employed,57536.86206,225,2327.773395,9,962.6169861,11,630.3576316,11,8,5,532,0,17967.4591,6,1,0,4434.708709,1,High Risk
CUST_03205,59,Male,Self-Employed,25036.16953,203,2605.165097,11,357.4406594,26,519.4590292,15,18,9,553,2,3814.805939,7,0,0,13272.2589,1,High Risk
CUST_03206,57,Female,Self-Employed,73552.53505,114,662.325466,10,894.4296761,3,280.8556939,76,0,1,664,1,7740.952061,2,0,0,13600.56499,0,Low Risk
CUST_03207,29,Other,Self-Employed,27268.7855,35,2026.537897,5,602.6455341,20,800.8812732,49,12,0,687,0,18857.40894,0,0,0,1978.261076,0,Low Risk
CUST_03208,54,Other,Employed,46789.25145,167,1418.700624,5,411.7581327,8,720.3596375,26,6,6,672,4,8340.259629,6,0,0,11479.2863,1,High Risk
CUST_03209,68,Male,Employed,34132.2571,55,2654.010198,4,698.5560376,48,1057.336125,28,19,0,646,1,0.564242878,7,0,0,6203.602824,1,High Risk
CUST_03210,51,Other,Unemployed,50588.35222,103,3336.16896,5,864.1324597,33,815.0827942,77,6,6,737,4,8617.695207,4,0,0,7405.119409,1,High Risk
CUST_03211,26,Male,Self-Employed,50477.12923,154,2956.467125,8,887.3862598,36,579.6207215,68,5,0,436,0,22462.97674,4,0,0,500.0,1,High Risk
CUST_03212,40,Female,Self-Employed,58006.45396,91,711.0026235,0,1169.608661,20,941.6500043,51,11,8,452,3,20638.40577,7,0,0,6339.904257,1,High Risk
CUST_03213,39,Male,Employed,22526.97811,181,826.8022377,0,1257.558192,22,518.4700316,5,3,4,643,3,11526.13605,6,0,0,4079.489408,1,High Risk
CUST_03214,45,Male,Self-Employed,36253.35213,171,2855.544742,8,917.6982908,23,520.5225714,23,19,5,357,2,10599.94883,7,0,0,7490.363192,1,High Risk
CUST_03215,23,Female,Unemployed,67469.85412,31,1416.831712,7,980.987232,9,488.1535612,39,9,6,519,1,26154.53526,2,1,0,3444.797011,1,High Risk
CUST_03216,65,Male,Unemployed,61853.92884,189,884.4565147,8,833.3581616,37,373.9900834,32,18,0,317,4,6384.711175,6,1,0,3840.504305,1,High Risk
CUST_03217,41,Male,Self-Employed,10000.0,170,409.8545958,6,1068.528912,5,1056.370862,8,1,7,727,4,8149.727486,7,0,0,3780.156045,1,High Risk
CUST_03218,34,Other,Unemployed,56790.13256,53,1611.757864,9,970.4458486,20,292.2461253,48,3,5,476,2,18356.2439,0,0,0,13141.04804,1,High Risk
CUST_03219,59,Female,Unemployed,31415.63043,52,1170.398139,5,780.9291671,36,85.58373457,66,14,1,855,5,6801.824164,1,0,0,7208.172044,0,Low Risk
CUST_03220,40,Male,Employed,39347.18822,113,1812.264563,8,1553.193898,28,383.4171667,22,5,0,781,5,14200.28989,0,0,0,10018.12723,0,Low Risk
CUST_03221,34,Female,Unemployed,45908.10343,38,1652.14674,1,608.8358228,39,591.3164684,21,0,0,793,1,4581.689318,7,0,0,9376.517001,1,High Risk
CUST_03222,41,Female,Self-Employed,78033.02284,209,527.5141146,3,1309.059935,20,364.7670938,71,17,3,785,3,20941.08979,3,0,0,4789.71967,0,Low Risk
CUST_03223,47,Male,Self-Employed,31231.44663,111,845.9973601,1,325.9974758,21,411.1146942,77,7,2,802,5,9405.786347,7,0,0,9625.599523,1,High Risk
CUST_03224,33,Other,Unemployed,24729.91967,62,2255.705415,5,1084.765788,34,19.74047222,7,12,5,309,0,8102.261425,6,0,0,8281.063457,1,High Risk
CUST_03225,46,Female,Self-Employed,58105.73888,148,2326.180179,0,1302.798923,45,187.6600028,18,18,9,618,2,6941.451651,4,0,0,4476.328113,1,High Risk
CUST_03226,60,Male,Employed,49495.6828,22,1202.852833,6,132.4733251,4,170.4454121,37,15,7,789,0,5101.09078,5,1,0,7297.634421,1,High Risk
CUST_03227,59,Female,Unemployed,71726.0583,135,1640.83975,6,848.6327006,14,709.3310135,5,0,0,557,0,9903.736084,3,0,1,15875.71864,1,High Risk
CUST_03228,47,Other,Unemployed,43648.98969,148,667.4063805,6,1050.394914,40,149.7814099,51,1,6,703,2,0.0,3,0,0,2292.072825,0,Low Risk
CUST_03229,45,Other,Unemployed,71794.71067,126,1457.054669,3,888.1872614,46,337.5392072,33,18,7,523,4,5459.132396,1,0,0,5780.214809,1,High Risk
CUST_03230,68,Other,Self-Employed,50292.83476,170,2384.267752,7,932.3545775,18,452.7290704,73,13,4,847,1,12101.3409,4,0,0,10071.01098,1,High Risk
CUST_03231,21,Male,Self-Employed,59524.07195,3,2834.644531,4,847.6781068,15,230.3383792,10,14,7,560,4,12529.12579,0,0,0,1378.906564,1,High Risk
CUST_03232,44,Male,Unemployed,79230.98277,21,1399.504031,1,417.0132608,39,568.9936527,42,1,0,575,3,11576.29046,7,0,0,6711.001209,1,High Risk
CUST_03233,22,Other,Self-Employed,46989.53771,89,1248.642178,4,1628.815957,46,612.4806083,34,12,1,655,1,7446.067154,7,1,0,12805.41359,1,High Risk
CUST_03234,27,Male,Self-Employed,68803.99224,156,350.8418114,11,623.7617478,42,865.4704514,10,19,3,625,2,21081.78553,5,0,0,5793.929513,1,High Risk
CUST_03235,63,Other,Unemployed,38955.22571,31,1021.22295,9,951.9564336,22,500.6785156,39,19,0,527,2,17215.171,2,1,0,12502.01243,1,High Risk
CUST_03236,52,Male,Unemployed,54095.70117,61,1445.211774,8,573.606113,3,0.0,31,10,4,899,2,11375.34368,6,0,0,3574.941034,1,High Risk
CUST_03237,61,Other,Self-Employed,23996.13491,65,1360.493905,9,20.0,20,355.7150461,48,9,9,602,0,11308.55321,4,0,0,14118.23993,1,High Risk
CUST_03238,54,Female,Unemployed,40922.24056,100,1046.00614,0,476.4204942,23,428.9154492,56,1,2,401,2,9154.274387,3,0,0,17797.07156,1,High Risk
CUST_03239,25,Other,Unemployed,30955.36534,213,2449.667903,10,293.3376577,41,822.1989067,64,16,1,592,3,8141.512737,3,0,0,500.0,0,Low Risk
CUST_03240,58,Other,Unemployed,71973.54686,192,1831.209904,1,1182.048639,25,442.9009313,47,2,6,307,3,11059.77824,6,0,0,14511.57119,1,High Risk
CUST_03241,42,Male,Unemployed,81298.3705,50,1367.569279,9,587.5961944,41,601.8143204,51,3,1,507,2,17671.32269,7,0,0,7151.930958,1,High Risk
CUST_03242,44,Male,Self-Employed,43615.365,64,2046.934227,7,620.0680313,1,424.3610408,38,4,8,662,1,9319.032374,6,1,0,6232.079511,1,High Risk
CUST_03243,69,Male,Unemployed,36085.31272,20,1479.195794,4,427.4842506,39,635.3591371,53,1,5,344,3,19682.84362,4,0,0,3486.780383,1,High Risk
CUST_03244,62,Male,Employed,26348.99906,196,2741.902853,11,832.9123896,7,342.2107163,24,3,7,757,1,8094.397208,6,0,0,2941.977217,1,High Risk
CUST_03245,38,Male,Unemployed,54761.74477,29,864.0766172,8,549.2395193,8,81.89017429,44,11,2,821,1,20948.14596,1,0,0,11226.49937,0,Low Risk
CUST_03246,24,Male,Employed,39158.84562,8,1762.573231,5,1147.324156,1,0.0,28,5,4,641,1,10216.18165,0,0,0,6102.826203,0,Low Risk
CUST_03247,30,Female,Unemployed,40123.10586,233,10.0,7,905.7137631,13,627.0766623,31,19,2,531,2,16082.2905,5,1,0,500.0,1,High Risk
CUST_03248,31,Other,Employed,79332.59511,200,1186.629801,11,599.860975,19,582.0204864,66,14,8,778,5,25654.81306,7,0,0,11873.33558,1,High Risk
CUST_03249,29,Other,Employed,44664.82427,189,1621.518806,0,1097.581568,1,600.4964505,11,6,0,642,0,26509.79544,2,0,0,8863.3184,0,Low Risk
CUST_03250,27,Other,Unemployed,60559.69227,8,1243.13734,8,802.7791831,3,529.7049043,57,5,7,468,2,3946.805887,5,0,0,5615.953964,1,High Risk
CUST_03251,43,Female,Unemployed,50953.29962,33,615.8227155,8,807.523917,34,9.718399571,19,13,5,567,3,18202.22652,7,0,0,13158.7244,1,High Risk
CUST_03252,47,Other,Unemployed,25606.30267,107,944.5886417,2,288.0777837,13,338.3721371,49,17,6,563,3,6335.005819,5,0,0,10780.77391,1,High Risk
CUST_03253,60,Female,Employed,16792.15329,234,694.8352897,0,775.1198535,20,474.8890575,7,6,1,600,3,14251.39718,1,0,0,10240.1462,0,Low Risk
CUST_03254,55,Female,Self-Employed,58775.39706,96,1404.495438,7,912.5406238,47,317.524316,30,5,6,899,3,14932.92802,5,0,1,500.0,1,High Risk
CUST_03255,56,Female,Self-Employed,80673.98938,58,2128.079225,7,1266.748388,14,642.243286,23,5,0,641,5,17167.3338,5,0,0,8924.740928,1,High Risk
CUST_03256,40,Other,Unemployed,55669.77564,184,1222.59281,11,536.8372295,38,461.2645881,12,5,6,406,0,4321.649186,0,0,0,11119.31468,1,High Risk
CUST_03257,27,Female,Self-Employed,61233.6233,215,2947.14067,8,1597.338018,49,664.5117916,71,19,7,458,5,4928.286083,4,0,0,4986.359726,1,High Risk
CUST_03258,28,Other,Self-Employed,33715.2865,171,1682.924877,5,994.9039109,19,788.7880259,41,9,1,653,1,7035.497898,1,1,0,5603.838518,1,High Risk
CUST_03259,66,Other,Unemployed,68268.09816,238,10.0,8,268.2058434,5,610.9227674,77,3,9,848,2,15499.26438,7,0,0,500.0,1,High Risk
CUST_03260,34,Male,Employed,68045.08019,20,1766.531925,11,504.1806601,27,542.2783034,78,9,1,758,3,13473.47894,5,0,0,500.0,1,High Risk
CUST_03261,67,Male,Unemployed,37468.4275,89,1459.683061,9,1297.349707,47,171.4217195,78,0,2,371,1,14468.98887,2,0,0,11713.18985,1,High Risk
CUST_03262,65,Female,Self-Employed,59817.35793,232,2601.915193,8,1235.1302,42,514.7606544,25,13,9,471,2,4941.119748,0,1,0,6381.580697,1,High Risk
CUST_03263,59,Female,Employed,18204.47869,25,1486.421993,11,806.3327185,1,99.21880796,37,17,3,526,0,13004.70368,4,0,0,4129.330868,1,High Risk
CUST_03264,37,Other,Self-Employed,63030.4154,222,1297.47426,3,852.4711961,27,198.3722904,37,8,7,476,4,8046.657417,6,0,0,5667.867928,1,High Risk
CUST_03265,61,Female,Employed,39696.48346,166,3158.353198,10,392.3864042,33,572.4178911,54,9,2,898,0,8307.069178,6,0,0,12568.38548,1,High Risk
CUST_03266,39,Female,Self-Employed,27911.67554,27,10.0,4,1262.504959,13,183.589255,9,18,5,401,4,11232.11327,0,0,0,15609.64683,1,High Risk
CUST_03267,25,Other,Unemployed,57247.51923,9,1224.584893,5,454.2815196,8,1067.104359,10,3,9,623,3,2904.834044,2,0,0,11883.29744,0,Low Risk
CUST_03268,31,Female,Self-Employed,18108.86063,212,1712.564233,5,1095.659389,22,728.4256559,2,12,7,655,1,15183.09927,4,0,0,7593.799363,1,High Risk
CUST_03269,21,Female,Self-Employed,56163.44445,150,1180.491739,9,1273.214829,43,512.4091159,22,9,9,426,5,3400.648844,3,0,0,15859.52299,1,High Risk
CUST_03270,26,Other,Employed,29618.97567,135,10.0,1,816.854444,34,0.0,61,12,1,693,1,9532.69704,3,0,0,4281.071141,0,Low Risk
CUST_03271,35,Other,Self-Employed,25767.02978,20,1823.269636,3,1138.663978,21,25.53635734,69,11,3,881,2,16450.74772,1,0,0,2464.905824,0,Low Risk
CUST_03272,22,Male,Unemployed,51077.3533,108,1133.607355,11,1446.673898,4,1069.734968,40,2,0,559,4,2931.014765,4,0,0,11269.66075,1,High Risk
CUST_03273,64,Other,Unemployed,46894.07736,234,1391.007685,8,893.7890797,40,363.0038662,40,18,7,576,4,3583.149063,6,0,0,11396.89294,1,High Risk
CUST_03274,22,Male,Unemployed,76222.21012,35,2507.085689,6,738.6443642,28,795.9155399,3,8,0,895,2,18213.48403,4,0,0,9253.134292,1,High Risk
CUST_03275,46,Female,Employed,26873.5775,81,1743.570019,8,776.6014999,34,369.9108289,2,12,8,764,1,5550.693376,1,0,0,9605.993243,0,Low Risk
CUST_03276,69,Other,Employed,74750.98084,37,1003.972586,5,539.9542341,49,250.2305736,50,7,5,671,5,17806.85671,5,1,0,2456.535823,1,High Risk
CUST_03277,62,Other,Self-Employed,29522.39712,112,1814.871914,10,532.0456725,33,233.4141798,54,3,2,433,1,14635.7694,0,0,0,8408.535302,1,High Risk
CUST_03278,59,Other,Self-Employed,66549.9635,67,1160.430163,6,954.8423673,3,116.2657573,62,8,7,554,2,3960.659136,1,0,0,1829.980456,1,High Risk
CUST_03279,57,Female,Self-Employed,69909.66541,65,1257.149539,8,742.6175622,44,641.8367141,48,6,1,822,5,13027.24804,5,0,1,8907.061022,1,High Risk
CUST_03280,52,Male,Employed,55786.25815,215,2105.861346,11,914.6492119,48,595.1302995,71,10,2,372,5,14717.84326,4,0,0,13590.10687,1,High Risk
CUST_03281,47,Female,Employed,35762.83015,74,986.6183872,3,278.5223476,8,364.8698747,69,14,6,586,4,3633.371503,5,0,0,9716.759992,1,High Risk
CUST_03282,20,Female,Self-Employed,22586.8195,201,1949.253388,8,767.5834112,13,0.0,68,12,0,470,5,12364.71349,3,0,1,4817.657357,1,High Risk
CUST_03283,27,Other,Employed,14868.0233,43,1315.917589,2,1160.541248,44,437.5694624,7,2,8,861,3,17014.40235,0,0,0,8234.816285,0,Low Risk
CUST_03284,56,Male,Employed,83341.23717,180,1093.644378,11,408.3765031,4,640.1440915,7,2,9,546,2,11509.45489,5,0,0,6908.834871,1,High Risk
CUST_03285,51,Female,Unemployed,44656.61191,130,1096.424864,10,805.7842449,49,1052.324033,18,19,8,653,1,12899.0306,6,0,0,6258.611361,1,High Risk
CUST_03286,67,Other,Unemployed,30115.98414,110,1008.811049,11,150.8867412,46,756.1789501,73,10,2,340,3,11159.61793,4,0,0,6504.098686,1,High Risk
CUST_03287,62,Female,Self-Employed,29423.10909,234,1571.411152,7,343.0882922,26,548.054181,54,4,3,411,3,18140.88747,7,0,0,2576.679161,1,High Risk
CUST_03288,56,Female,Self-Employed,53021.52308,106,1280.208025,2,1082.681311,10,288.5800275,72,19,1,760,4,11417.30407,6,0,0,9226.211156,1,High Risk
CUST_03289,23,Other,Unemployed,42892.66214,160,2595.608114,2,691.7504973,29,811.656953,71,18,9,504,5,7813.526126,2,0,0,7343.245478,1,High Risk
CUST_03290,49,Other,Employed,15452.73358,40,790.2974218,2,1437.725503,36,528.6456059,7,11,0,365,2,10652.75944,7,1,0,13683.11698,1,High Risk
CUST_03291,25,Male,Self-Employed,65561.73205,37,1934.493678,8,951.3550886,38,539.5679383,56,17,7,668,3,2617.164701,6,0,0,10056.52258,1,High Risk
CUST_03292,65,Female,Self-Employed,56029.704,196,2414.622722,9,985.7084827,33,795.2172649,71,3,8,760,0,0.0,3,0,0,15272.78069,0,Low Risk
CUST_03293,38,Other,Self-Employed,83118.39799,176,2884.100797,2,423.2312825,23,439.1246754,6,7,8,845,3,7032.515887,3,1,0,14600.13422,1,High Risk
CUST_03294,51,Other,Employed,70534.24606,138,850.5806662,5,665.2131181,15,724.2564916,45,13,9,773,3,21145.05051,1,0,0,1863.772984,0,Low Risk
CUST_03295,28,Male,Unemployed,10000.0,104,2319.508486,10,543.5773363,29,199.8486747,21,15,4,343,3,18113.0063,4,0,0,5247.233013,1,High Risk
CUST_03296,31,Male,Self-Employed,75505.53153,70,1664.720565,3,427.0953912,23,321.4751056,43,19,4,634,2,2141.513295,4,0,0,2062.333516,1,High Risk
CUST_03297,30,Other,Unemployed,71734.84249,39,2341.793129,1,1032.362594,2,617.8919119,4,7,4,654,4,5705.395412,6,0,0,3611.640252,1,High Risk
CUST_03298,65,Male,Unemployed,36745.29046,87,984.2648137,11,1102.580553,28,485.0364252,24,4,5,647,4,8256.463761,6,0,0,4821.722312,1,High Risk
CUST_03299,35,Other,Employed,42213.63637,143,1406.992221,11,939.628018,41,434.9640675,46,8,3,661,0,10853.8311,1,0,0,15848.69867,0,Low Risk
CUST_03300,20,Female,Employed,57411.05193,203,1209.054982,2,510.1764824,11,202.828583,42,1,1,689,5,5817.142618,4,0,0,14831.13902,1,High Risk
CUST_03301,64,Male,Employed,31744.12984,175,1139.351768,4,915.7555123,26,740.1908286,14,7,1,784,0,8324.964707,4,0,0,9264.760421,1,High Risk
CUST_03302,40,Female,Employed,45630.88037,31,1532.910831,9,130.5625595,28,87.35343338,63,6,5,561,3,18148.68244,5,0,0,5641.202519,1,High Risk
CUST_03303,49,Female,Employed,68000.67402,43,3495.918464,3,1263.053244,1,719.1680757,30,17,4,374,3,6001.517011,7,0,0,787.8645211,1,High Risk
CUST_03304,32,Female,Employed,59319.10236,58,2035.104448,4,345.6474385,28,512.736771,43,8,3,825,3,15371.46203,3,1,0,4978.77195,1,High Risk
CUST_03305,53,Other,Self-Employed,37997.87425,218,1219.101807,11,407.8393561,39,516.6315509,46,10,5,767,0,16571.50482,0,0,0,8131.950313,0,Low Risk
CUST_03306,23,Female,Unemployed,68409.69002,18,1266.433728,10,840.3522943,8,487.6339645,11,11,3,304,4,26391.74191,2,0,0,4289.505105,1,High Risk
CUST_03307,47,Female,Employed,55452.11473,142,1950.041509,0,871.4558461,43,283.8580412,63,7,9,600,0,7876.036456,2,0,0,12677.84643,0,Low Risk
CUST_03308,57,Female,Self-Employed,54836.69815,68,1351.073037,3,774.5379905,27,491.2443299,22,16,3,486,5,5291.060108,0,0,0,16099.56272,1,High Risk
CUST_03309,50,Other,Unemployed,40731.21747,192,1353.89988,10,411.4552207,36,591.4067273,49,18,5,500,4,1680.563607,2,0,0,4361.752184,1,High Risk
CUST_03310,46,Female,Employed,49882.30621,149,612.6543485,9,1196.671798,22,603.0297891,35,0,3,777,0,15962.83401,0,0,0,7326.560082,0,Low Risk
CUST_03311,24,Female,Employed,36066.35333,160,1462.351045,2,209.9177796,12,475.0185316,10,2,8,789,4,14571.4165,4,0,0,6467.074587,1,High Risk
CUST_03312,44,Male,Self-Employed,15070.07148,146,10.0,1,280.8558533,4,471.7083802,46,13,6,598,0,11378.918,1,0,0,6299.491597,0,Low Risk
CUST_03313,22,Other,Unemployed,44963.74102,218,85.27296576,6,762.5560298,31,469.8622104,55,17,5,785,4,13938.80249,5,0,0,4459.196578,1,High Risk
CUST_03314,52,Female,Employed,47801.25957,143,1219.753275,9,357.5181064,27,435.9452264,68,1,2,550,2,12497.86986,4,0,0,4963.483823,1,High Risk
CUST_03315,23,Male,Unemployed,52471.19803,71,2028.219548,8,1227.918847,14,58.82308949,36,7,3,675,2,9548.012098,6,0,0,2484.658056,1,High Risk
CUST_03316,44,Other,Self-Employed,71818.78277,25,2789.087835,0,387.6248776,23,369.8776807,9,16,1,496,1,9985.751049,1,0,0,10212.81071,1,High Risk
CUST_03317,39,Other,Employed,38258.87279,192,1821.094005,11,1344.959503,31,240.3003401,55,8,2,368,5,11419.2331,6,0,1,10393.63241,1,High Risk
CUST_03318,53,Other,Unemployed,43380.46394,232,1927.386278,6,1162.292758,20,459.4988068,41,11,0,859,4,26707.95965,0,1,0,13981.56399,1,High Risk
CUST_03319,45,Other,Self-Employed,63791.19676,161,1590.278728,10,1232.269507,4,270.6516739,29,6,8,548,4,17462.88633,6,0,0,2413.665706,1,High Risk
CUST_03320,24,Other,Self-Employed,36454.60194,55,2170.730484,11,1460.487094,36,586.2270397,21,0,9,531,5,5009.44806,4,0,0,1779.453027,1,High Risk
CUST_03321,54,Other,Employed,52767.49152,122,1670.706843,0,828.4297734,35,797.0694284,54,13,2,762,5,14382.86874,6,1,0,1054.358949,1,High Risk
CUST_03322,47,Female,Unemployed,42650.92376,147,1798.090145,4,445.4588915,27,420.0709606,37,1,7,628,4,11957.8636,0,0,0,3395.620171,0,Low Risk
CUST_03323,48,Female,Employed,45614.76111,130,249.0912039,0,763.9472435,31,568.0526639,55,16,3,435,1,22835.03599,5,0,0,14994.33384,1,High Risk
CUST_03324,28,Female,Employed,63646.60801,51,1710.36912,2,601.6670381,22,381.7122977,70,6,7,889,0,19552.80842,5,1,0,3502.427107,1,High Risk
CUST_03325,57,Female,Unemployed,43277.84499,179,1518.613118,7,551.7830546,15,474.1781884,35,14,6,778,5,11395.70097,6,0,0,8575.790911,1,High Risk
CUST_03326,69,Male,Unemployed,64233.39213,197,1167.087394,3,852.7987029,49,840.192346,77,8,3,360,2,11830.12161,3,0,0,15503.50273,1,High Risk
CUST_03327,25,Female,Unemployed,14856.20405,156,1225.983943,11,690.903525,9,113.6855211,10,7,6,386,1,5180.556115,6,0,0,9203.453202,1,High Risk
CUST_03328,38,Other,Self-Employed,24266.93587,15,432.9192652,0,536.7266105,28,331.4331303,6,6,7,812,2,15929.83346,7,0,0,6199.950087,1,High Risk
CUST_03329,63,Female,Self-Employed,10000.0,110,1931.269397,0,714.1091626,26,526.4036064,33,3,9,458,3,18879.24924,5,0,0,500.0,1,High Risk
CUST_03330,30,Female,Unemployed,29016.12889,168,1687.99216,7,992.1424625,34,458.2585644,62,9,2,698,1,12730.49732,7,0,0,6888.094602,1,High Risk
CUST_03331,21,Other,Self-Employed,83423.18593,152,1555.366599,7,1134.746022,41,406.2225891,1,6,4,881,1,13587.10848,5,0,0,9855.433868,1,High Risk
CUST_03332,66,Female,Employed,49684.35364,87,1684.000843,3,238.9766304,44,204.9850617,61,14,2,699,2,10040.95527,0,0,0,7074.642243,0,Low Risk
CUST_03333,63,Female,Unemployed,37016.55049,159,503.0283142,3,693.8796198,23,608.1266485,6,12,6,761,4,17290.72363,5,0,0,7137.033795,1,High Risk
CUST_03334,63,Female,Employed,64090.52285,47,2910.658295,9,750.5298781,22,474.7554511,42,7,5,663,3,3952.925411,4,0,0,2453.822149,1,High Risk
CUST_03335,28,Male,Unemployed,66632.19903,176,2254.471788,10,386.1179922,2,660.7311596,17,8,0,380,2,5288.835374,1,0,0,16382.14805,1,High Risk
CUST_03336,40,Female,Employed,28024.73935,169,1996.492013,1,758.1029934,35,759.771012,19,8,9,392,1,17574.53645,3,1,0,6170.768094,1,High Risk
CUST_03337,43,Other,Unemployed,94967.60212,199,2687.614003,1,851.7984633,44,489.5131209,6,4,4,371,4,3536.684588,4,0,0,11321.50547,1,High Risk
CUST_03338,53,Other,Employed,54973.95517,208,1668.89379,11,981.5920908,13,831.4195258,51,5,3,356,3,8199.074233,7,0,0,7861.886074,1,High Risk
CUST_03339,41,Female,Unemployed,57242.33579,84,1274.01101,5,827.005309,3,761.3563539,36,15,1,822,4,10328.98096,4,0,0,6227.981716,1,High Risk
CUST_03340,22,Female,Unemployed,58950.19672,70,1719.058344,7,491.6677065,43,390.888389,45,15,0,806,2,14827.09858,4,0,0,6489.534126,1,High Risk
CUST_03341,31,Female,Self-Employed,58912.48166,99,2721.547234,6,1504.21051,47,866.1362882,41,13,6,728,4,12923.51619,6,0,0,12980.80498,1,High Risk
CUST_03342,47,Other,Employed,38813.47872,169,784.4126084,6,1090.19437,41,664.0165995,59,18,6,898,1,0.0,3,0,0,5445.310315,0,Low Risk
CUST_03343,49,Other,Self-Employed,88025.34724,150,2711.993793,2,993.4519106,31,819.5040201,79,18,5,697,1,15485.96111,4,0,0,9773.60925,1,High Risk
CUST_03344,45,Male,Employed,44866.60796,79,418.2255861,11,1151.69094,19,42.82770902,77,15,4,759,0,10674.20074,5,0,0,9300.900087,1,High Risk
CUST_03345,67,Male,Self-Employed,67235.32,230,1926.464592,1,885.6132101,16,667.5969942,31,4,8,582,3,18399.22117,1,0,0,4386.936758,0,Low Risk
CUST_03346,40,Male,Unemployed,41451.1768,239,2308.169502,9,1250.20531,28,577.9097302,37,0,1,504,2,6180.965371,5,0,0,3872.728156,1,High Risk
CUST_03347,47,Other,Self-Employed,38259.20294,198,2015.547602,6,819.9051826,38,295.7594047,38,4,2,396,4,21454.49611,4,0,0,9890.156321,1,High Risk
CUST_03348,45,Male,Self-Employed,84233.56304,37,2338.043023,3,800.6116111,31,125.3415274,25,8,8,771,5,4946.672011,2,0,0,16114.39943,0,Low Risk
CUST_03349,52,Female,Unemployed,48049.32134,138,1397.992946,0,1022.329968,3,462.3833737,29,6,1,759,1,9224.181421,0,0,0,1717.593745,0,Low Risk
CUST_03350,40,Female,Self-Employed,49386.07038,54,481.4950521,0,1351.725141,23,512.4849205,40,9,2,564,0,19561.01203,6,0,0,5556.867886,1,High Risk
CUST_03351,54,Other,Unemployed,55105.1097,42,2340.20375,3,1329.217015,43,352.9341956,8,14,5,568,2,25529.92602,2,0,0,8056.486664,1,High Risk
CUST_03352,53,Male,Employed,96831.86848,123,2978.892158,4,1007.496659,41,312.4578438,31,11,9,563,1,4957.79325,5,0,0,8453.810947,1,High Risk
CUST_03353,60,Female,Self-Employed,89037.70102,115,1368.285374,4,980.8141505,1,362.7071829,55,12,6,765,2,26960.18308,1,0,0,7335.63085,0,Low Risk
CUST_03354,66,Other,Unemployed,73108.08695,113,2045.551371,0,1043.614844,13,331.64695,52,17,1,306,1,0.0,1,0,0,18963.63608,1,High Risk
CUST_03355,37,Male,Unemployed,101365.2065,38,838.8876413,2,1144.96732,39,732.7515906,6,9,7,888,2,16535.53658,0,0,0,6844.72979,0,Low Risk
CUST_03356,30,Female,Self-Employed,32997.61904,136,778.5431479,5,1254.556179,41,299.1831353,75,0,8,427,1,22568.51623,1,0,0,1087.240342,1,High Risk
CUST_03357,42,Male,Employed,61805.91183,216,1585.879604,9,717.1955706,37,88.72520841,22,3,0,698,5,5808.119568,1,0,0,14481.31493,0,Low Risk
CUST_03358,67,Other,Self-Employed,51364.81276,72,917.8731556,6,1261.321451,33,696.4411392,51,16,5,483,5,19373.26497,7,1,0,2914.970151,1,High Risk
CUST_03359,41,Male,Unemployed,18156.42082,236,1576.976159,10,920.0482899,45,728.5447718,20,12,3,383,5,8932.466826,4,0,0,7555.56263,1,High Risk
CUST_03360,36,Other,Employed,58335.74475,230,3924.254517,0,1027.826068,42,469.9121104,75,1,9,739,5,7500.77232,0,0,0,4596.907401,0,Low Risk
CUST_03361,24,Male,Self-Employed,41165.12336,75,935.2943683,7,1283.682263,1,218.0761124,22,14,9,875,4,3863.308812,6,1,0,4385.911911,1,High Risk
CUST_03362,63,Female,Unemployed,77603.01514,18,1773.244252,3,1061.471788,35,15.1876558,68,11,4,532,3,11526.91919,2,1,0,2090.383389,1,High Risk
CUST_03363,30,Other,Self-Employed,42889.60644,233,93.25924588,8,1120.598447,5,508.704779,17,1,5,828,1,12858.46737,4,0,0,11021.36068,1,High Risk
CUST_03364,49,Other,Employed,41865.94455,176,1918.639656,10,663.7035134,35,628.1621717,36,6,5,392,2,4836.972922,4,0,0,12404.20777,1,High Risk
CUST_03365,34,Other,Employed,77595.23887,189,935.6724265,10,1324.40904,21,296.7928434,6,3,6,889,1,20546.26655,2,0,0,10369.41262,0,Low Risk
CUST_03366,46,Male,Employed,48821.82839,40,1734.111109,5,1043.490349,4,700.5059078,60,13,8,776,0,8353.245529,1,0,0,14686.7787,0,Low Risk
CUST_03367,54,Male,Employed,70931.79849,227,1712.713634,0,844.1230012,37,142.1029302,2,17,3,660,5,11769.05376,3,0,1,4471.836872,1,High Risk
CUST_03368,52,Female,Employed,57638.46992,20,1611.289056,1,1185.376035,40,517.8744508,0,10,8,410,4,13390.23646,6,1,0,6624.488435,1,High Risk
CUST_03369,39,Other,Self-Employed,57879.8863,14,742.0448025,2,1705.740674,21,0.0,59,2,0,641,5,29974.8494,5,0,0,4835.541397,1,High Risk
CUST_03370,35,Other,Employed,45607.14729,56,1272.927687,1,390.8764244,47,262.7860903,5,2,8,607,5,19695.98103,6,0,0,10103.23428,1,High Risk
CUST_03371,53,Male,Employed,59039.78082,221,1688.57425,9,518.693582,10,61.95969476,70,17,7,716,0,16893.46166,3,0,0,8889.631894,0,Low Risk
CUST_03372,21,Male,Unemployed,47633.14738,177,1305.889948,6,1739.856858,42,641.0289039,57,0,1,376,2,9351.441498,5,0,0,1037.312034,1,High Risk
CUST_03373,54,Female,Employed,35531.53794,3,2622.646068,11,949.3431948,30,585.2682728,30,12,6,567,1,14243.27689,6,0,0,13908.7727,1,High Risk
CUST_03374,59,Female,Unemployed,48123.42232,145,1532.813043,0,866.8043875,41,1112.22489,7,4,6,651,1,14862.67603,1,0,0,3847.128051,0,Low Risk
CUST_03375,47,Male,Unemployed,73180.9542,113,705.7037067,8,759.6149904,28,548.5650967,77,3,1,345,0,11814.96954,6,0,0,865.6682629,1,High Risk
CUST_03376,66,Other,Unemployed,59648.16606,221,1845.145936,1,1222.9526,32,392.5588934,14,2,7,625,3,17748.56122,4,0,0,2072.095018,1,High Risk
CUST_03377,58,Female,Self-Employed,63831.93316,210,10.0,3,1713.936558,21,242.1637033,6,18,5,758,4,30786.31071,7,0,0,13238.87214,1,High Risk
CUST_03378,25,Male,Self-Employed,50026.41269,23,3069.238979,7,567.1840107,48,746.4517206,6,12,5,681,1,5339.659904,2,0,0,15214.0014,0,Low Risk
CUST_03379,28,Male,Unemployed,15119.77719,131,123.3729939,10,766.0931455,26,1160.719594,32,15,4,514,1,14483.15722,3,0,0,7164.346628,1,High Risk
CUST_03380,39,Other,Self-Employed,28014.28703,95,2217.168736,2,677.245505,7,752.250289,40,18,7,740,2,14346.69257,4,0,0,11557.84697,1,High Risk
CUST_03381,20,Male,Employed,44797.90004,197,2092.630395,8,1056.502742,47,552.9296763,56,0,9,879,0,10577.66848,7,1,0,3690.992044,1,High Risk
CUST_03382,27,Male,Self-Employed,29568.87778,142,595.5682775,6,1227.837703,5,517.4440705,6,17,8,640,2,7983.420182,3,0,0,10423.88513,0,Low Risk
CUST_03383,42,Female,Employed,40561.56387,126,1947.566935,9,1367.326475,45,92.09838869,58,6,4,599,4,7672.912581,7,0,0,9742.619335,1,High Risk
CUST_03384,22,Male,Employed,39910.01775,158,948.4146185,11,1068.351399,24,719.9435721,19,2,0,585,1,25448.54667,2,0,0,2271.630581,0,Low Risk
CUST_03385,23,Male,Self-Employed,40452.64268,41,1367.657147,11,1681.766477,33,320.4582086,70,19,5,708,0,12951.26596,4,0,0,7791.360833,1,High Risk
CUST_03386,44,Female,Self-Employed,75869.0574,167,1876.31862,2,598.8364559,8,199.6033375,49,9,0,685,5,18079.55602,6,0,1,8044.259114,1,High Risk
CUST_03387,66,Other,Unemployed,49046.39105,225,1461.334144,2,507.9108066,35,453.2019189,13,7,4,767,0,10320.77918,6,0,0,4100.512635,1,High Risk
CUST_03388,57,Other,Self-Employed,66824.06285,62,699.9579398,4,1314.270503,30,305.24814,14,1,5,793,0,14597.84018,0,0,0,11293.5155,0,Low Risk
CUST_03389,34,Female,Self-Employed,52951.009,161,1828.299467,4,842.9913119,18,269.0360784,9,9,2,825,4,15099.25915,4,0,0,2662.472122,1,High Risk
CUST_03390,40,Female,Self-Employed,75483.43894,188,1333.510179,9,318.4208868,48,377.7754365,64,17,0,450,3,10565.32744,0,0,0,11598.55804,1,High Risk
CUST_03391,54,Other,Employed,68377.63289,227,1411.513247,4,689.3779599,0,27.34892368,54,11,1,477,3,13583.84041,1,0,0,15728.24739,1,High Risk
CUST_03392,65,Other,Employed,39352.71435,99,1458.797344,11,889.4805289,23,434.8768534,27,13,2,844,3,19702.82388,2,0,0,10296.58386,0,Low Risk
CUST_03393,33,Other,Employed,85309.33052,106,423.7532783,8,573.8131167,33,560.2545365,47,1,2,308,2,5323.58893,3,0,0,11894.15322,1,High Risk
CUST_03394,55,Other,Unemployed,41818.59667,141,600.5794024,8,444.8687595,16,252.5962291,2,16,1,650,2,13354.45852,1,0,0,11815.2162,0,Low Risk
CUST_03395,31,Other,Unemployed,53600.01198,112,1028.643229,5,727.3298022,33,836.8039834,59,19,5,502,4,15433.69222,1,0,0,11938.26397,1,High Risk
CUST_03396,36,Female,Unemployed,56786.48299,31,1828.264069,10,427.4133029,34,356.9438063,2,11,6,562,0,16790.40236,5,0,0,6310.69904,1,High Risk
CUST_03397,58,Male,Employed,58790.56568,91,756.6911477,10,1022.295864,35,230.5220489,74,6,4,448,3,17759.3071,5,0,0,9988.215251,1,High Risk
CUST_03398,28,Other,Self-Employed,64331.23811,121,2451.408205,6,119.6683036,12,704.232804,67,14,6,391,1,16345.0562,4,0,0,9788.153972,1,High Risk
CUST_03399,54,Other,Unemployed,36377.88046,143,1661.332675,9,831.6487248,24,516.1267503,38,1,2,864,3,19167.10058,4,1,0,1543.157892,1,High Risk
CUST_03400,32,Male,Unemployed,62822.0348,53,1791.502673,7,981.8284608,11,835.4680306,53,11,4,826,4,9567.001538,7,0,0,5837.035992,1,High Risk
CUST_03401,34,Male,Employed,60460.62003,110,1234.665263,8,768.3105661,20,901.8450575,31,16,2,755,3,20751.34488,5,0,0,4342.556289,1,High Risk
CUST_03402,37,Male,Unemployed,50008.49663,184,223.1587501,5,1182.628014,36,154.6371918,15,0,3,863,1,12741.68055,5,0,0,5517.897511,1,High Risk
CUST_03403,52,Male,Self-Employed,46584.61693,149,1925.534939,7,320.303568,45,1056.580662,16,7,5,759,1,17241.20578,0,0,0,12677.57625,0,Low Risk
CUST_03404,25,Male,Employed,35454.17038,60,922.2373751,1,554.6186745,37,0.0,10,4,3,752,1,4145.861963,0,0,0,5802.127802,0,Low Risk
CUST_03405,46,Male,Employed,58646.32092,38,306.4860651,9,684.4878738,0,182.9304802,31,7,3,499,4,15978.30625,1,0,0,5691.960784,1,High Risk
CUST_03406,42,Female,Self-Employed,38111.54864,30,832.1904965,7,1049.453599,47,165.8132063,26,19,6,336,3,12925.42186,1,0,0,8206.620609,1,High Risk
CUST_03407,46,Male,Self-Employed,54281.85386,198,1436.220963,10,876.4776551,5,837.1516264,4,13,5,687,4,10196.05224,4,0,0,6719.821435,1,High Risk
CUST_03408,53,Male,Self-Employed,48176.07759,133,10.0,1,1550.178094,44,629.7678746,17,5,0,890,5,19765.84105,4,0,0,3995.396351,1,High Risk
CUST_03409,65,Female,Unemployed,25985.1064,232,1231.103522,7,517.9749361,44,569.0891914,2,17,7,732,1,13346.61504,6,0,0,8614.280437,1,High Risk
CUST_03410,57,Male,Self-Employed,33198.10675,103,2306.659122,1,311.7538855,10,0.0,27,4,0,847,3,13209.87092,6,0,0,7940.253039,1,High Risk
CUST_03411,33,Other,Employed,57285.96544,109,1525.579189,2,1426.181144,15,494.3260548,65,9,8,393,2,3428.369296,3,1,0,5068.897824,1,High Risk
CUST_03412,55,Other,Self-Employed,40562.27395,91,2459.499668,6,299.1994956,21,1109.549528,33,14,3,490,4,7883.561449,2,0,0,8931.151124,1,High Risk
CUST_03413,27,Male,Employed,39948.43697,171,1177.47691,10,1039.071949,45,628.8929342,21,2,6,775,2,13104.01002,3,0,0,6099.668914,0,Low Risk
CUST_03414,54,Female,Employed,36248.94676,37,2422.520701,8,457.4654853,10,417.9637406,29,2,4,465,5,7953.994017,7,0,0,11703.30528,1,High Risk
CUST_03415,38,Other,Unemployed,36859.79259,95,426.6872188,2,75.7385772,36,770.3191129,47,16,9,339,2,20711.81866,2,0,0,500.0,1,High Risk
CUST_03416,49,Female,Self-Employed,79567.99732,107,1979.900336,4,668.8256722,25,536.4241009,64,13,2,363,0,10239.56794,1,0,0,5533.032654,1,High Risk
CUST_03417,33,Other,Unemployed,29841.09553,223,1413.382625,8,1114.824987,25,375.0231201,60,9,7,751,1,6215.512047,4,0,0,8554.643252,1,High Risk
CUST_03418,39,Male,Self-Employed,76512.25842,78,2583.894702,6,372.380119,41,330.1749811,18,18,9,681,5,5302.413319,3,0,1,6461.66273,1,High Risk
CUST_03419,68,Female,Self-Employed,44046.83803,229,1170.084969,1,1001.633155,20,635.5752585,51,15,1,746,2,11199.92606,5,1,0,1554.306101,1,High Risk
CUST_03420,44,Female,Self-Employed,38232.41913,86,657.9306611,4,1067.002246,25,429.6837798,40,16,9,574,4,17107.88744,2,0,0,16747.34762,1,High Risk
CUST_03421,59,Female,Self-Employed,56908.82415,211,1905.346278,4,354.9084505,14,541.7705765,64,19,2,377,1,6363.354431,6,0,0,8060.770977,1,High Risk
CUST_03422,43,Other,Self-Employed,50954.73412,78,2817.748952,8,720.283549,38,0.0,49,12,4,424,5,5727.649895,5,0,0,2449.325271,1,High Risk
CUST_03423,33,Other,Employed,46445.00088,52,1688.943977,1,1351.976188,34,472.6319112,40,0,4,820,1,8543.132875,7,1,0,11501.35031,1,High Risk
CUST_03424,45,Other,Employed,53957.90535,102,1466.319457,0,1027.707417,10,234.9639562,32,0,4,588,5,11595.46126,7,0,0,6307.368371,1,High Risk
CUST_03425,57,Male,Self-Employed,50669.56754,204,528.0330129,3,708.4776374,8,759.2950174,16,16,6,426,4,5657.579249,5,0,1,12788.12904,1,High Risk
CUST_03426,42,Other,Employed,46119.24048,212,2257.523756,3,945.3534184,41,235.2257306,54,17,7,515,3,12727.55524,7,0,0,6197.907485,1,High Risk
CUST_03427,41,Male,Unemployed,66842.13883,160,1458.714574,0,560.157842,22,308.6921221,45,16,7,405,4,21338.38333,0,0,0,11724.32198,1,High Risk
CUST_03428,67,Female,Unemployed,23954.41912,74,2060.648015,9,1189.793487,3,161.9181554,58,11,2,790,3,11917.79984,2,0,0,8106.311258,0,Low Risk
CUST_03429,38,Female,Unemployed,33536.03318,235,1657.781385,6,1189.641023,29,707.2330727,70,5,7,855,1,9551.996518,2,0,0,8084.676758,0,Low Risk
CUST_03430,65,Male,Self-Employed,35812.12699,117,3132.006954,1,842.3170703,27,629.2510528,56,6,9,876,4,18709.77559,7,0,0,5042.680582,1,High Risk
CUST_03431,22,Other,Self-Employed,30957.14008,79,1054.067479,10,880.7471548,24,225.869719,19,16,1,896,2,5089.005352,5,0,0,6058.486772,1,High Risk
CUST_03432,61,Male,Employed,51546.67897,225,1083.335393,8,450.4210937,21,268.5165651,40,15,3,356,4,15183.77249,4,0,0,9503.396761,1,High Risk
CUST_03433,38,Female,Employed,59097.55206,123,2310.736577,6,326.7872505,24,698.1845246,74,0,1,579,2,12160.84511,3,1,0,6757.928386,1,High Risk
CUST_03434,28,Female,Employed,14674.4511,200,2330.361785,11,668.1883396,25,1010.731095,70,10,4,471,2,22155.13764,1,0,1,3682.391225,1,High Risk
CUST_03435,47,Male,Unemployed,41467.04469,56,2355.686795,11,769.4094016,49,611.9674539,37,9,2,404,1,19524.63184,3,1,0,4563.947797,1,High Risk
CUST_03436,39,Other,Unemployed,44210.05555,73,1489.862443,6,1171.919624,28,787.0555287,26,0,9,305,3,265.5187922,1,0,0,10332.96016,1,High Risk
CUST_03437,64,Other,Unemployed,44854.59279,87,1666.125774,0,1122.849713,45,434.0010153,8,10,9,333,3,13256.10858,5,0,0,11137.23267,1,High Risk
CUST_03438,26,Male,Unemployed,26868.41654,104,422.1165299,8,864.6915109,40,234.4049918,67,2,2,838,2,3244.148875,6,0,0,12367.98985,1,High Risk
CUST_03439,33,Male,Employed,44360.22429,109,1371.304994,9,1216.688645,31,458.1321929,37,15,4,829,3,18843.93432,0,0,0,6482.942725,0,Low Risk
CUST_03440,28,Other,Self-Employed,33599.78795,181,1721.437151,8,469.7798374,25,771.4701136,24,0,3,816,4,6282.846489,5,0,0,15927.7033,1,High Risk
CUST_03441,38,Female,Self-Employed,43981.21208,30,1721.869213,1,1177.067911,27,358.4408278,13,6,5,771,2,16722.00609,7,0,0,12440.87244,1,High Risk
CUST_03442,66,Male,Unemployed,19046.70466,194,893.8080674,9,523.34995,19,413.3945388,36,10,4,554,2,18908.93995,7,0,0,7813.134597,1,High Risk
CUST_03443,33,Other,Self-Employed,44103.93038,110,620.5244698,8,1233.893086,47,1056.208433,49,16,9,855,0,1069.480553,5,0,1,8188.307873,1,High Risk
CUST_03444,57,Other,Self-Employed,37057.39527,215,2335.353402,1,795.3287373,1,940.9681291,71,18,4,546,4,20841.2296,4,0,0,10934.30345,1,High Risk
CUST_03445,55,Female,Self-Employed,45275.34114,23,2209.881227,1,100.5996632,22,535.8192808,41,13,2,616,3,18737.47325,2,0,0,4504.54024,0,Low Risk
CUST_03446,59,Female,Unemployed,55414.26879,218,1314.183945,7,1055.555007,38,794.8485458,74,15,3,550,3,5679.906744,5,0,0,1541.024825,1,High Risk
CUST_03447,36,Female,Employed,49194.76891,157,2325.974627,2,1083.341016,4,202.7862593,53,16,2,647,0,18967.87671,3,0,0,8711.773253,0,Low Risk
CUST_03448,49,Female,Employed,64281.11363,29,2251.582656,2,640.1969809,20,666.2361018,34,13,2,374,4,4807.160955,3,0,0,8481.472436,1,High Risk
CUST_03449,28,Female,Self-Employed,43506.20456,79,157.2882447,6,670.0591476,21,526.7073741,30,8,9,539,1,17451.38455,1,0,0,4388.925431,1,High Risk
CUST_03450,52,Male,Employed,61139.92672,52,1416.869653,9,744.159152,48,605.3785712,45,12,8,435,1,11452.62812,6,0,0,4993.664905,1,High Risk
CUST_03451,44,Other,Employed,70249.76791,159,2570.9221,5,126.1968656,10,163.881057,16,1,9,526,4,3481.970588,3,0,0,12207.63977,1,High Risk
CUST_03452,33,Male,Unemployed,54927.6747,169,227.7984766,6,20.0,29,112.5031507,52,19,5,758,3,20856.823,6,0,0,8497.273809,1,High Risk
CUST_03453,30,Male,Unemployed,49625.63905,59,339.4324361,5,1255.568973,27,359.8993222,21,7,9,895,5,20842.0747,7,0,0,731.2379488,1,High Risk
CUST_03454,54,Male,Self-Employed,57458.51752,121,2001.292639,8,511.5763164,35,158.2612455,57,3,1,385,1,13154.65481,2,0,0,500.0,1,High Risk
CUST_03455,60,Male,Self-Employed,55563.50511,222,2533.875609,1,1449.342438,16,262.6420911,40,4,0,759,5,12134.83675,1,0,0,500.0,0,Low Risk
CUST_03456,33,Male,Self-Employed,68022.37415,167,1276.071585,7,1279.64063,20,1146.494135,2,14,2,411,5,9593.627549,2,0,0,14994.88101,1,High Risk
CUST_03457,49,Female,Unemployed,64288.39027,223,1124.481473,10,1348.51836,36,807.8955306,62,1,2,368,1,15319.33674,5,0,0,5081.902153,1,High Risk
CUST_03458,60,Female,Employed,64504.88979,66,140.7109392,5,572.3953666,35,586.6075634,65,8,3,661,3,14453.02008,6,0,0,6848.480039,1,High Risk
CUST_03459,23,Other,Unemployed,50792.46724,50,1261.365761,3,237.0595846,24,612.5413453,45,7,3,585,4,21158.17637,1,0,0,18838.88014,0,Low Risk
CUST_03460,23,Male,Unemployed,56142.07939,152,322.4300632,5,419.5911927,23,604.252078,7,10,4,742,0,13261.21391,7,0,0,3663.032129,1,High Risk
CUST_03461,47,Other,Employed,55805.47274,230,1216.283662,5,643.7408455,29,452.2675843,38,12,3,450,4,20399.15366,2,0,0,12016.59779,1,High Risk
CUST_03462,27,Female,Employed,28267.17076,160,2548.62137,11,20.0,41,580.8915192,24,6,1,809,0,837.4224779,1,0,0,6853.65629,0,Low Risk
CUST_03463,21,Female,Self-Employed,69240.48833,158,464.4428565,9,633.6010088,34,736.7385505,78,18,0,783,5,16862.67028,4,0,0,11877.84323,1,High Risk
CUST_03464,60,Female,Employed,19952.77046,153,1298.170124,2,729.4126904,20,442.3118861,46,14,9,740,5,13067.80513,3,0,0,10181.11191,0,Low Risk
CUST_03465,65,Male,Employed,62819.35984,227,2188.794098,7,346.9526599,5,860.9552333,33,11,6,475,4,14153.89104,2,0,1,500.0,1,High Risk
CUST_03466,41,Male,Employed,54805.92974,6,879.0129604,4,435.8302156,20,439.151773,67,12,8,853,1,22910.82781,6,0,1,3821.039225,1,High Risk
CUST_03467,60,Female,Employed,44882.8119,133,1826.315083,10,722.7905176,7,251.9057534,56,0,8,328,5,18642.73091,0,0,0,3851.202933,1,High Risk
CUST_03468,35,Other,Self-Employed,57041.42286,63,2148.155685,9,924.7002919,4,565.5830597,24,7,0,896,2,9898.033336,5,0,1,9003.50288,1,High Risk
CUST_03469,48,Other,Self-Employed,57534.24787,98,1562.736873,10,488.2120662,39,451.8699852,72,14,8,852,2,6886.333582,4,0,0,5212.013573,1,High Risk
CUST_03470,68,Female,Employed,26459.60168,6,1579.162213,3,902.2884134,9,436.1615598,61,13,0,674,3,502.0192551,4,0,0,9165.680304,1,High Risk
CUST_03471,67,Other,Employed,75490.27308,67,621.6387197,1,847.8961028,30,720.0294803,38,7,0,730,4,14702.11919,5,0,0,10596.90396,1,High Risk
CUST_03472,49,Female,Self-Employed,51298.48497,142,1180.590061,9,816.4100507,29,409.1699339,75,2,1,684,4,19379.55813,2,0,0,15716.53997,0,Low Risk
CUST_03473,31,Other,Self-Employed,91665.18148,143,1629.753253,0,571.7950567,20,266.6936311,77,11,9,650,3,19608.46575,2,0,0,10468.02077,0,Low Risk
CUST_03474,54,Female,Employed,64215.87852,164,10.0,6,333.3171414,35,402.4135392,6,14,5,519,3,9578.575889,6,0,0,7680.592444,1,High Risk
CUST_03475,30,Other,Unemployed,50889.15224,126,10.0,9,1393.758193,26,315.109914,5,15,8,793,0,19505.14937,0,0,0,8911.20625,0,Low Risk
CUST_03476,65,Male,Self-Employed,37579.29285,189,1377.444415,10,1020.607071,37,312.2889456,53,6,4,446,0,19623.58076,5,0,0,500.0,1,High Risk
CUST_03477,69,Female,Self-Employed,48004.88833,95,1803.051851,2,1152.006079,34,744.6666701,18,17,8,876,2,17795.70402,2,0,0,5517.894677,0,Low Risk
CUST_03478,40,Female,Self-Employed,52696.95311,203,1570.488129,2,770.7296103,31,244.4214899,46,12,8,501,1,12314.95682,5,0,0,3551.499586,1,High Risk
CUST_03479,40,Other,Employed,76377.74278,33,203.0637302,2,742.5910952,25,529.6412412,18,5,7,712,4,11728.33209,0,0,0,12894.34345,0,Low Risk
CUST_03480,24,Female,Employed,72079.87702,73,2382.836054,9,971.7308883,3,416.9448419,33,1,6,519,2,15210.2162,2,0,0,11359.93872,1,High Risk
CUST_03481,67,Female,Self-Employed,58126.79268,143,1582.833129,11,157.8590773,26,472.5097123,42,1,2,682,2,16093.68199,7,0,0,500.0,1,High Risk
CUST_03482,39,Female,Employed,81845.44105,184,2276.555212,2,409.8747857,35,0.0,12,18,9,849,1,9152.590923,0,0,0,10926.12705,0,Low Risk
CUST_03483,56,Male,Employed,13708.73967,4,989.0789479,1,520.7787927,36,660.9542345,35,5,2,550,2,9829.129075,1,0,0,11987.42644,1,High Risk
CUST_03484,22,Male,Self-Employed,58330.17296,163,1712.005818,5,640.9017521,26,429.8490798,24,9,3,577,2,13614.02593,3,0,1,4610.359914,1,High Risk
CUST_03485,63,Other,Employed,72601.73453,52,1916.310402,9,492.1065122,46,742.8762064,55,16,8,353,1,8288.756917,7,0,0,11687.12253,1,High Risk
CUST_03486,52,Male,Unemployed,59853.87989,137,2303.61774,2,916.4824938,47,599.9476169,20,18,2,737,2,8949.859505,3,0,0,8775.337765,0,Low Risk
CUST_03487,28,Other,Employed,26009.45638,148,2235.981314,0,828.5065321,5,512.1148781,33,15,7,510,4,1440.822407,2,0,0,2234.134219,1,High Risk
CUST_03488,28,Male,Employed,75009.9764,181,859.9674556,9,1287.502641,17,501.851739,24,17,7,817,3,5945.586871,2,1,0,1663.442641,1,High Risk
CUST_03489,23,Other,Self-Employed,63704.27414,10,1407.376311,8,1665.815705,25,1059.866686,10,18,5,500,1,16466.65945,6,0,0,19460.24559,1,High Risk
CUST_03490,54,Male,Self-Employed,56174.21528,57,1081.431563,5,358.0024159,43,299.2283985,18,1,1,342,5,18042.32133,3,0,0,6960.485366,1,High Risk
CUST_03491,36,Male,Unemployed,51590.44384,206,1614.36932,5,851.5568249,23,573.0224943,48,2,5,547,3,11764.48402,6,0,0,9616.50727,1,High Risk
CUST_03492,53,Other,Employed,85886.63723,45,349.9482266,9,850.9340574,6,559.7110612,48,14,3,664,4,16744.66747,3,0,0,1230.350349,0,Low Risk
CUST_03493,43,Female,Unemployed,58001.31579,189,228.0775973,8,795.0306756,43,96.61649654,33,14,6,617,5,0.0,0,0,0,15701.80683,0,Low Risk
CUST_03494,51,Female,Unemployed,45645.44614,32,3408.515887,1,420.3114002,13,485.2813793,1,11,0,794,2,14568.37396,0,0,0,11716.00453,0,Low Risk
CUST_03495,20,Male,Self-Employed,35395.18698,61,3048.276292,9,478.980894,12,110.6197461,29,19,2,670,2,3244.641865,1,0,0,8696.430889,0,Low Risk
CUST_03496,27,Other,Employed,63635.52451,11,2432.730097,8,884.1419642,25,483.0217683,37,12,7,858,5,6960.34587,6,0,0,15645.80873,1,High Risk
CUST_03497,64,Female,Self-Employed,67752.20111,222,1887.376927,11,469.1274743,42,94.34028919,14,1,0,487,5,15895.45794,7,0,0,1271.466838,1,High Risk
CUST_03498,42,Other,Unemployed,51017.27998,70,2120.372497,2,855.7451903,42,595.3281332,74,17,9,570,2,16914.57888,7,0,0,4926.097039,1,High Risk
CUST_03499,66,Female,Unemployed,39959.98736,169,2122.5479,2,713.9175754,1,185.0284037,59,14,2,880,3,568.132734,1,0,0,8160.570228,0,Low Risk
CUST_03500,59,Other,Self-Employed,73941.01877,83,2823.750347,2,849.5802661,45,497.0296498,3,17,2,557,5,1995.247574,0,0,0,5299.119477,1,High Risk
CUST_03501,31,Male,Self-Employed,34026.52248,141,1105.990488,0,466.3448353,46,93.88096144,13,12,7,541,0,7974.874997,1,0,0,11591.7274,1,High Risk
CUST_03502,31,Other,Self-Employed,85450.01686,125,893.900067,9,855.1142348,22,618.8965091,7,5,0,393,3,1249.147017,7,0,0,10313.22306,1,High Risk
CUST_03503,65,Female,Self-Employed,36778.39127,132,1487.845382,6,491.6665958,27,480.3595505,76,7,9,807,0,9516.872583,7,0,0,13418.92619,1,High Risk
CUST_03504,66,Male,Self-Employed,26990.63575,25,1976.418885,9,856.243463,0,454.0064254,10,15,4,594,3,17200.00784,4,0,0,8780.440204,1,High Risk
CUST_03505,34,Other,Unemployed,29293.39945,193,1296.126196,6,1268.788643,31,535.00982,79,19,6,779,4,2687.655475,6,0,0,3494.517346,1,High Risk
CUST_03506,60,Female,Self-Employed,30025.02509,24,1057.888817,1,891.3443475,11,630.940727,49,2,3,319,3,24076.21202,5,0,0,6618.102491,1,High Risk
CUST_03507,38,Male,Employed,45741.27013,191,2649.788747,5,912.6546338,45,285.1787628,75,16,9,703,3,10435.86625,6,0,0,10610.01648,1,High Risk
CUST_03508,45,Other,Unemployed,41572.89472,156,830.3331446,3,1086.022281,49,495.7449208,37,17,2,718,1,14233.14679,0,0,0,6529.256253,0,Low Risk
CUST_03509,48,Female,Unemployed,68443.51685,142,2674.925131,10,308.7545794,34,383.4321471,23,11,9,715,5,5830.085373,1,0,0,8510.44586,0,Low Risk
CUST_03510,41,Other,Employed,65877.34668,162,2270.536174,6,1401.622551,25,825.5064045,37,6,5,828,2,18248.37549,1,0,1,5973.761202,1,High Risk
CUST_03511,59,Other,Employed,45976.80094,11,3029.561522,6,430.5435026,30,397.9362821,61,11,4,862,2,13403.10645,2,0,0,10302.91072,0,Low Risk
CUST_03512,40,Male,Unemployed,105860.9193,237,3246.483876,3,1107.881349,11,298.9059748,55,2,1,435,5,13527.01996,7,0,1,10398.29767,1,High Risk
CUST_03513,57,Male,Self-Employed,45738.3008,199,1796.186535,2,1061.418496,28,123.8705156,64,11,5,414,2,14320.63636,2,0,0,18768.02766,1,High Risk
CUST_03514,39,Female,Unemployed,48136.70561,92,3162.781917,6,484.2417735,4,433.1378442,16,14,2,805,0,4239.510224,2,0,0,665.7069653,0,Low Risk
CUST_03515,48,Male,Unemployed,27006.47693,201,1904.187772,8,1153.110148,34,327.2832965,16,16,8,479,4,14463.38181,3,0,0,9433.433015,1,High Risk
CUST_03516,23,Female,Employed,48550.27416,223,1816.932153,3,974.2344682,6,590.3448915,26,11,2,624,0,16225.74091,5,0,0,17359.28032,1,High Risk
CUST_03517,26,Other,Unemployed,55353.21245,35,1655.04094,5,1461.492526,15,555.5159797,24,8,8,489,1,2815.461716,3,1,0,13384.31649,1,High Risk
CUST_03518,47,Other,Self-Employed,28684.02391,154,1152.455551,6,867.682563,31,632.7821183,75,0,5,490,1,10383.15898,3,0,0,16554.66591,1,High Risk
CUST_03519,47,Female,Employed,41023.55435,91,2107.737669,9,762.009834,16,185.2105085,48,15,7,588,5,10154.88073,0,0,0,3214.420532,0,Low Risk
CUST_03520,23,Other,Unemployed,55886.19314,97,2420.49003,2,619.8331152,20,0.0,57,14,8,465,3,12254.4332,2,1,0,8255.030316,1,High Risk
CUST_03521,41,Male,Unemployed,40552.96138,223,381.3080812,4,189.825655,26,499.7546823,0,10,7,557,1,16329.7391,2,1,0,1754.950156,1,High Risk
CUST_03522,31,Other,Self-Employed,36785.1349,71,3547.874254,11,688.6203523,39,705.7960386,12,4,1,535,1,16908.80308,0,0,0,4146.162603,1,High Risk
CUST_03523,64,Male,Unemployed,64078.39426,40,2799.607143,0,703.435562,46,401.5934837,52,6,2,693,4,11401.05625,3,0,0,14329.48639,0,Low Risk
CUST_03524,22,Female,Unemployed,26921.9514,239,1034.247318,5,891.7203639,14,946.2667024,20,2,7,784,1,17735.2051,5,0,0,2748.814563,1,High Risk
CUST_03525,41,Female,Unemployed,30417.39719,141,1949.874507,4,301.9139112,22,469.1348904,0,12,4,877,3,3735.195869,1,0,0,6610.504619,0,Low Risk
CUST_03526,63,Other,Unemployed,53192.82813,162,1465.4553,6,716.3457261,7,316.0285029,76,12,9,759,2,13568.29481,4,0,0,3804.897588,1,High Risk
CUST_03527,21,Other,Self-Employed,65230.86673,66,1766.272497,8,1001.687987,24,604.1109306,30,18,3,784,0,0.0,7,0,0,9297.585342,1,High Risk
CUST_03528,43,Male,Unemployed,55499.43139,74,1391.253099,10,1036.428386,10,845.2565215,60,9,5,314,0,9011.953917,2,0,0,1348.69036,1,High Risk
CUST_03529,53,Male,Unemployed,45970.0294,22,1918.526095,3,149.0646884,20,489.2221025,2,6,5,770,0,14890.41783,3,0,0,8018.563453,0,Low Risk
CUST_03530,46,Other,Unemployed,44503.00485,36,644.7086199,8,1047.242313,9,688.4201639,74,19,6,544,3,16284.8626,1,0,0,12092.90019,1,High Risk
CUST_03531,60,Other,Employed,68187.95389,113,3252.059536,5,713.6991304,49,394.3238787,28,14,4,550,4,13763.25335,2,0,0,6411.433388,1,High Risk
CUST_03532,20,Female,Self-Employed,65462.02579,44,705.3417555,4,735.2461929,8,399.9741743,47,17,0,465,3,21444.36707,7,0,0,14057.01161,1,High Risk
CUST_03533,27,Female,Employed,50897.28653,138,1941.906626,1,20.0,47,779.6500584,61,19,7,803,0,12651.38081,2,0,0,10276.7396,0,Low Risk
CUST_03534,42,Female,Employed,45002.86342,68,957.0885151,0,1322.749907,0,57.14008838,24,6,0,505,3,1773.536811,4,0,0,6456.035494,1,High Risk
CUST_03535,57,Other,Self-Employed,50634.89947,23,1375.005674,7,861.8796098,21,237.7371212,33,2,3,420,3,0.0,7,0,0,4812.348265,1,High Risk
CUST_03536,25,Other,Employed,36910.44593,81,1869.008159,11,263.9888507,5,645.1453828,17,19,2,787,3,6047.578027,3,0,0,12572.01785,0,Low Risk
CUST_03537,41,Other,Employed,47296.83827,72,1578.240015,11,931.3205512,29,414.0998941,64,9,2,578,2,6009.519859,5,0,0,6585.429254,1,High Risk
CUST_03538,44,Female,Employed,41188.3399,7,1603.500758,5,920.5674543,33,574.6283394,27,14,5,836,3,12225.2647,0,0,0,7451.58186,0,Low Risk
CUST_03539,37,Other,Self-Employed,48184.79327,69,1205.575315,6,1227.890454,12,633.2361506,3,11,7,785,4,8691.881367,1,1,0,17468.96029,1,High Risk
CUST_03540,36,Male,Unemployed,41833.68315,237,946.7776038,5,691.6089307,21,170.4641018,20,15,4,807,2,6289.265955,6,0,0,12640.88105,1,High Risk
CUST_03541,31,Other,Self-Employed,59431.13373,173,2030.480389,9,804.1986241,5,168.4094696,69,18,5,518,5,8503.144045,7,0,0,4438.006741,1,High Risk
CUST_03542,25,Other,Self-Employed,64731.2972,18,816.5728167,6,575.0172699,40,788.2351411,20,11,5,499,5,9971.765457,6,0,0,8423.239329,1,High Risk
CUST_03543,45,Other,Self-Employed,43165.11524,101,980.3037296,8,1009.282015,45,403.4670757,19,1,0,382,3,6985.298948,1,0,0,12464.61829,1,High Risk
CUST_03544,46,Other,Employed,35386.16596,75,989.6905668,4,525.7783804,23,331.043676,40,7,6,575,1,12233.6635,3,0,0,5064.644402,1,High Risk
CUST_03545,27,Other,Unemployed,62809.19122,37,1234.861199,0,487.453319,20,592.55007,52,12,0,521,0,17684.46638,1,0,0,14419.43607,1,High Risk
CUST_03546,38,Male,Self-Employed,53325.65863,85,363.7938361,0,776.2708618,38,744.8421386,61,0,6,840,2,8107.616047,6,0,0,10006.56609,1,High Risk
CUST_03547,61,Male,Self-Employed,43398.75059,173,376.0918332,8,370.94768,22,694.6527502,30,1,7,361,1,12497.26393,6,0,0,18303.57365,1,High Risk
CUST_03548,20,Other,Unemployed,74759.93444,112,1934.449504,4,1360.745926,4,615.4554428,24,13,3,697,0,24418.5865,0,0,0,6764.531645,0,Low Risk
CUST_03549,48,Female,Unemployed,39829.38331,228,1943.557088,10,1474.543355,6,789.4122131,68,3,7,465,4,13470.44299,6,0,0,10609.9789,1,High Risk
CUST_03550,64,Other,Unemployed,14127.14632,41,1748.546906,1,641.2434701,2,627.3982664,71,5,5,430,1,18542.29298,7,0,0,4765.633526,1,High Risk
CUST_03551,68,Other,Employed,37256.73133,12,2600.151698,2,314.6917477,12,361.4707481,16,12,5,610,4,9164.599345,6,0,0,7599.129739,1,High Risk
CUST_03552,54,Other,Unemployed,79130.81258,204,794.2253982,0,917.8072136,11,565.5391901,78,8,8,505,4,19014.19989,1,0,0,5347.04356,1,High Risk
CUST_03553,59,Female,Employed,44281.33284,150,119.7751287,5,631.2641187,5,695.8348638,19,15,5,704,1,7178.083839,7,0,0,12644.96969,1,High Risk
CUST_03554,33,Female,Self-Employed,40722.09275,3,2128.24571,11,1211.138396,33,297.6831967,44,0,4,462,1,15609.81918,3,0,0,633.7077482,1,High Risk
CUST_03555,54,Female,Employed,50478.85618,8,102.4070648,5,524.4986916,14,358.1039943,49,8,9,599,2,18463.23597,0,0,0,500.0,0,Low Risk
CUST_03556,67,Male,Unemployed,68199.13558,183,1390.490309,2,990.5796278,46,549.2849599,50,6,9,471,4,21252.81106,4,0,0,9294.533524,1,High Risk
CUST_03557,64,Female,Employed,48507.80017,176,1722.562611,2,839.8977563,17,671.8123273,71,17,5,468,1,12753.80945,5,0,0,8317.060624,1,High Risk
CUST_03558,39,Male,Unemployed,60644.25647,68,3148.632853,6,563.3084713,48,494.1858936,77,15,7,454,4,10380.17425,3,0,0,4541.388666,1,High Risk
CUST_03559,68,Male,Employed,46593.20784,40,1062.663823,0,884.01744,2,564.4803382,32,6,8,391,3,3702.790625,5,0,0,8475.434564,1,High Risk
CUST_03560,32,Female,Self-Employed,60785.80108,163,1121.547456,4,1107.486395,21,0.0,28,17,9,455,3,11558.82181,4,0,0,500.0,1,High Risk
CUST_03561,57,Female,Employed,53244.73029,69,2028.855312,2,830.3969817,34,899.8239747,21,8,9,304,3,16825.28844,1,0,0,15073.71619,1,High Risk
CUST_03562,68,Female,Self-Employed,42836.14805,102,1981.599162,4,834.0496328,27,693.9026822,66,19,7,490,4,16188.11149,5,0,0,4465.415472,1,High Risk
CUST_03563,65,Male,Unemployed,54645.65558,79,1225.281297,10,494.5258003,40,681.9431105,2,1,7,850,4,11883.14455,0,1,0,12688.40907,1,High Risk
CUST_03564,68,Other,Self-Employed,40234.82166,37,1648.12237,3,1200.471679,41,660.5597253,5,4,6,309,1,14223.62851,7,0,0,2822.83114,1,High Risk
CUST_03565,27,Female,Unemployed,25192.60967,209,910.3881108,5,1165.591302,11,682.679608,39,8,0,874,1,22025.96269,5,0,0,1933.557609,1,High Risk
CUST_03566,62,Female,Unemployed,49642.01971,47,1857.333266,11,656.304284,0,847.7640799,75,3,3,383,2,16086.97513,1,0,0,3771.906013,1,High Risk
CUST_03567,39,Female,Self-Employed,26791.26156,152,225.0614999,8,756.4990392,35,779.7403596,68,15,3,776,2,10595.71806,3,1,0,8188.138116,1,High Risk
CUST_03568,52,Male,Self-Employed,60753.73164,237,3826.252668,1,1294.977235,29,607.028588,4,2,2,328,2,11983.67691,4,0,0,12068.85183,1,High Risk
CUST_03569,45,Male,Employed,49325.16611,70,2076.852399,9,403.2502126,22,701.4194518,2,5,3,711,5,16053.71245,7,0,0,15087.39448,1,High Risk
CUST_03570,58,Other,Employed,75619.25507,19,618.7163565,7,1011.500937,36,569.427728,3,16,1,694,0,15566.31502,4,0,0,12833.34081,1,High Risk
CUST_03571,40,Female,Self-Employed,44055.732,7,1285.667825,1,604.4851794,27,309.7819682,62,18,2,512,3,25542.74261,1,0,0,1652.432611,1,High Risk
CUST_03572,68,Male,Self-Employed,49639.51046,215,657.4702937,3,1422.327257,48,372.9474565,4,7,2,770,4,21904.08057,3,0,0,7117.100598,0,Low Risk
CUST_03573,61,Other,Self-Employed,23546.73108,59,845.0792278,8,822.206355,4,394.9179149,60,9,9,520,5,5849.631856,6,1,0,5766.308411,1,High Risk
CUST_03574,62,Female,Self-Employed,30126.3204,218,1669.332217,3,1241.132481,35,457.4792921,56,9,0,451,3,8097.940756,6,0,0,7629.860584,1,High Risk
CUST_03575,60,Male,Unemployed,19782.99028,97,2613.273286,6,533.535428,46,440.6372423,41,15,6,334,4,19669.63503,1,0,0,9713.439448,1,High Risk
CUST_03576,28,Female,Self-Employed,69394.8886,170,1419.063158,10,363.0149612,9,211.2837918,55,5,3,360,5,7339.347057,5,0,0,4526.114813,1,High Risk
CUST_03577,43,Female,Self-Employed,41728.02233,32,10.0,4,718.00919,4,552.6597087,71,19,7,575,0,13011.13791,2,0,0,16873.94091,1,High Risk
CUST_03578,56,Male,Self-Employed,73887.43553,172,1008.87963,1,891.9392103,13,684.4719856,27,7,8,521,4,21746.74956,3,0,0,6079.791022,1,High Risk
CUST_03579,68,Male,Self-Employed,10000.0,9,1061.501784,7,621.2439113,23,383.6144816,54,2,1,722,2,13872.55558,7,0,0,11368.249,1,High Risk
CUST_03580,60,Male,Unemployed,77865.33917,126,1571.140264,10,1065.407599,27,418.8790779,37,1,1,703,5,17897.49404,3,1,0,1430.45597,1,High Risk
CUST_03581,36,Female,Employed,48775.58797,201,1387.203388,9,726.5162513,20,688.5927435,22,9,1,897,3,13328.38733,0,0,0,16902.74156,0,Low Risk
CUST_03582,43,Female,Employed,56117.253,93,10.0,9,71.49699338,44,547.3511609,6,7,7,899,3,11574.03672,2,0,0,11022.49823,0,Low Risk
CUST_03583,40,Other,Employed,30867.03086,218,760.0467294,1,993.4841927,39,720.3579744,37,11,1,747,3,952.6172471,6,0,0,6660.779905,1,High Risk
CUST_03584,58,Female,Employed,59491.21854,149,614.0086394,2,491.1120293,11,683.7885458,76,19,5,463,0,13541.9965,4,0,0,9596.22177,1,High Risk
CUST_03585,60,Male,Employed,43269.54537,171,2217.944084,9,673.4409164,19,302.2349301,56,11,4,440,5,8819.810189,1,0,0,9942.114181,1,High Risk
CUST_03586,58,Female,Unemployed,28508.824,164,1271.9891,6,1343.595921,31,556.599015,36,8,9,556,3,20056.72367,4,0,0,8867.407472,1,High Risk
CUST_03587,32,Other,Employed,28262.00565,152,10.0,4,1420.484103,37,650.029759,5,18,8,802,1,0.0,3,0,0,6767.535687,0,Low Risk
CUST_03588,30,Other,Unemployed,27943.69214,54,805.2795405,9,598.5772977,39,325.8927012,9,14,1,669,2,8955.317554,5,0,0,2333.800158,1,High Risk
CUST_03589,65,Male,Unemployed,56844.31272,221,2439.751442,10,1002.225321,41,208.2734852,26,13,0,568,2,20331.57133,1,0,0,15103.18382,1,High Risk
CUST_03590,38,Male,Employed,38558.63091,8,1020.69888,2,606.7039284,20,495.4119387,56,4,1,462,4,23736.81942,6,0,0,8846.933795,1,High Risk
CUST_03591,30,Other,Employed,20478.3124,204,956.5035739,11,699.5944574,16,0.0,15,17,9,829,0,18916.47878,4,0,0,4559.401562,1,High Risk
CUST_03592,32,Other,Employed,56647.39125,111,1363.762174,1,587.9786048,0,0.0,58,11,4,351,4,16015.93418,1,0,0,6772.327948,1,High Risk
CUST_03593,65,Other,Self-Employed,10890.86858,97,1680.483569,10,196.4797119,43,650.1977548,27,5,7,625,4,1655.442668,4,0,0,13259.27364,1,High Risk
CUST_03594,64,Male,Unemployed,73923.29775,155,1385.823035,5,833.2693283,27,310.0409726,2,19,7,357,2,5643.322342,1,0,0,13542.20166,1,High Risk
CUST_03595,20,Other,Employed,85755.39037,68,2318.520342,9,900.8578854,1,424.543835,56,10,1,582,5,17573.27871,7,0,0,6717.230702,1,High Risk
CUST_03596,59,Other,Self-Employed,26376.37384,12,1385.874438,0,565.1493891,16,560.2913344,64,14,4,356,5,4261.53681,4,0,0,5526.488401,1,High Risk
CUST_03597,63,Male,Unemployed,68944.11137,204,2039.411878,7,1180.727099,38,489.8618747,66,3,1,679,1,10592.47677,7,0,0,5814.405429,1,High Risk
CUST_03598,38,Female,Self-Employed,56283.76404,28,1657.350023,4,647.371924,13,308.2525125,29,13,6,308,0,10131.87885,4,0,0,12674.56709,1,High Risk
CUST_03599,31,Female,Self-Employed,40999.30382,135,465.5992055,4,576.9758613,13,989.9339191,18,4,9,890,0,14516.25439,1,0,0,13843.17751,0,Low Risk
CUST_03600,27,Other,Employed,41839.29643,216,2928.240613,1,984.2760913,43,480.3702569,7,10,7,804,0,16022.86577,0,0,0,6844.885795,0,Low Risk
CUST_03601,27,Female,Unemployed,61780.60963,70,2424.546287,6,260.0613035,47,1189.181952,61,19,4,577,1,0.0,1,0,0,10872.17162,1,High Risk
CUST_03602,64,Female,Self-Employed,49280.88564,100,1046.576901,4,1117.337661,17,265.0554866,18,6,0,733,0,13709.35994,5,0,0,6536.869461,1,High Risk
CUST_03603,31,Female,Unemployed,10000.0,73,1411.099798,7,659.2407949,39,405.811742,35,12,6,706,3,7916.466164,4,0,0,1873.695034,1,High Risk
CUST_03604,67,Female,Employed,87314.25925,52,1992.154258,4,1146.250127,33,506.1503035,68,18,2,383,1,15336.88333,2,0,0,10725.67196,1,High Risk
CUST_03605,52,Other,Unemployed,57797.13535,19,1644.021725,8,1250.845684,42,518.6233039,59,3,1,735,4,1324.507026,3,0,0,7276.984243,0,Low Risk
CUST_03606,64,Female,Self-Employed,49063.80595,13,1585.646352,4,1024.053705,0,747.51194,33,19,5,672,3,18095.13258,0,0,0,7379.208426,0,Low Risk
CUST_03607,45,Female,Self-Employed,37068.38169,55,1904.480349,2,515.8093475,41,0.0,54,11,1,444,5,7715.305329,5,0,0,11608.14424,1,High Risk
CUST_03608,58,Male,Unemployed,46598.71093,52,1782.771937,1,362.2089027,17,881.7768303,26,13,9,450,4,9678.314932,1,0,0,1986.156115,1,High Risk
CUST_03609,47,Other,Self-Employed,72845.37066,138,1786.413165,4,298.0745678,47,31.3015212,38,0,7,848,0,21784.45295,3,0,0,500.0,0,Low Risk
CUST_03610,24,Male,Self-Employed,54709.13182,222,1573.083472,9,1186.018746,33,305.6730158,41,7,2,500,1,11181.49132,5,0,0,9651.12812,1,High Risk
CUST_03611,27,Male,Self-Employed,56756.74324,126,2011.119782,9,752.8199607,22,512.9611707,41,15,1,753,5,17927.58005,0,0,0,15615.6087,0,Low Risk
CUST_03612,44,Other,Employed,27514.92885,238,1667.749008,4,590.2723719,48,602.5531387,47,18,7,808,3,11853.34691,2,0,0,12348.39504,0,Low Risk
CUST_03613,46,Female,Employed,43706.65503,227,1687.849425,5,753.771247,15,450.1484335,30,4,5,661,1,21989.84953,6,0,0,4568.340362,1,High Risk
CUST_03614,65,Male,Self-Employed,50918.92712,64,2599.892154,1,1178.217423,18,380.3582594,21,13,3,491,1,14038.95837,3,0,0,9252.662466,1,High Risk
CUST_03615,42,Other,Unemployed,62538.19418,219,1846.756774,4,1072.558925,36,501.8153954,40,11,4,829,5,15100.63085,5,0,0,10323.04732,1,High Risk
CUST_03616,49,Female,Employed,42515.30822,215,1764.44108,0,953.4771545,5,400.567081,23,11,9,462,1,13080.7973,7,0,0,10554.57675,1,High Risk
CUST_03617,64,Other,Unemployed,66701.63778,78,788.9687682,2,1023.26012,23,770.8977697,39,19,6,578,4,10223.11468,7,0,0,5326.577392,1,High Risk
CUST_03618,66,Male,Self-Employed,29401.64225,125,829.2661674,2,863.0603244,16,672.9227753,31,11,3,650,1,17250.61885,1,0,1,5285.589325,1,High Risk
CUST_03619,42,Female,Self-Employed,51251.65382,92,2413.363343,2,905.7395701,47,611.6840082,50,10,6,511,0,7516.051369,2,1,0,500.0,1,High Risk
CUST_03620,68,Female,Unemployed,48242.93218,31,1956.514323,2,877.3588309,15,755.7013271,32,14,5,434,3,16371.44781,1,0,0,9004.290431,1,High Risk
CUST_03621,66,Other,Employed,22720.5237,104,2234.048971,7,799.978564,38,587.0371347,27,6,4,807,2,17766.81705,7,0,0,11437.60823,1,High Risk
CUST_03622,39,Female,Unemployed,49141.25318,229,1658.135379,0,1063.680859,47,440.3591627,78,9,2,784,1,15220.52185,5,0,0,12374.12668,1,High Risk
CUST_03623,37,Male,Unemployed,39513.11863,103,1817.989451,5,926.4487372,40,97.83028457,62,4,0,826,3,6349.522231,3,0,0,3017.88347,0,Low Risk
CUST_03624,37,Male,Self-Employed,75447.94509,112,1383.399208,5,491.7497391,5,965.8431075,21,14,7,685,4,14685.04375,1,0,0,7709.71917,0,Low Risk
CUST_03625,21,Male,Employed,42615.39135,174,1478.618491,0,985.1060349,15,780.7394588,17,1,6,758,4,18290.61789,5,0,0,7586.906971,1,High Risk
CUST_03626,23,Other,Unemployed,56315.66962,111,1166.574357,0,886.5364732,8,197.6741438,1,12,5,396,1,4397.976039,7,0,0,4130.028999,1,High Risk
CUST_03627,49,Female,Employed,27841.24431,175,2566.979505,2,1013.994714,28,683.0825236,25,13,3,313,5,2846.891977,2,0,0,12666.22738,1,High Risk
CUST_03628,52,Female,Self-Employed,54258.24008,31,930.5530931,7,763.5275802,3,615.237127,38,19,4,454,5,17072.84748,6,0,1,7984.270823,1,High Risk
CUST_03629,55,Female,Employed,42529.16645,218,1746.03396,5,1084.10911,25,264.180319,16,5,4,429,1,8120.384005,2,0,0,5718.180718,1,High Risk
CUST_03630,37,Male,Self-Employed,36027.02329,61,1374.6877,3,778.5070072,37,846.3262796,15,0,1,303,5,16478.85396,3,0,0,13100.98223,1,High Risk
CUST_03631,56,Female,Employed,101010.0602,145,2261.447028,4,1053.35789,25,541.3341862,26,14,5,451,0,22266.90881,3,0,0,10789.45962,1,High Risk
CUST_03632,38,Male,Unemployed,43637.91748,72,1682.111939,9,640.2349694,13,213.0084089,48,10,4,489,2,3169.592261,4,0,0,4946.282223,1,High Risk
CUST_03633,66,Female,Self-Employed,46184.91927,98,1869.200187,2,664.4610811,34,195.5783484,2,12,0,427,5,2646.069304,2,0,0,500.0,1,High Risk
CUST_03634,47,Male,Unemployed,66235.88215,46,1666.063004,10,1010.718383,48,603.9928759,41,16,8,888,1,16814.64716,5,0,0,4510.569729,1,High Risk
CUST_03635,59,Female,Self-Employed,36168.31973,228,706.2651269,10,683.8793122,42,261.2847201,62,3,6,755,1,19874.58451,4,0,0,8464.033695,1,High Risk
CUST_03636,39,Other,Employed,57258.90099,166,1940.289951,5,1572.023943,23,316.2481438,28,10,1,377,0,22286.11617,7,0,1,5692.467546,1,High Risk
CUST_03637,68,Other,Employed,59185.76742,86,1420.643314,5,998.2557454,7,606.1590475,1,0,5,733,4,16839.75278,1,1,0,2663.71699,1,High Risk
CUST_03638,52,Male,Self-Employed,54404.60768,123,890.8858347,5,808.7232202,39,334.8492549,13,13,0,885,5,11195.01482,3,0,0,6865.39828,0,Low Risk
CUST_03639,31,Male,Self-Employed,91334.10769,59,371.319287,8,1086.965272,24,382.5427267,11,4,1,424,2,12575.28316,5,0,0,500.0,1,High Risk
CUST_03640,34,Female,Self-Employed,35523.15711,119,846.1814291,9,631.7618565,3,302.5332492,23,4,6,511,4,14017.6053,0,1,0,10473.93526,1,High Risk
CUST_03641,60,Female,Employed,77676.81083,66,2111.271245,10,1123.055187,14,668.125095,27,2,2,492,1,22101.958,5,0,0,17396.38685,1,High Risk
CUST_03642,58,Other,Self-Employed,58498.52724,206,2909.49907,7,1113.332326,15,809.6211705,17,8,6,887,2,13757.89167,1,0,0,10675.10826,0,Low Risk
CUST_03643,21,Female,Self-Employed,66370.09304,101,1594.717329,5,1238.73692,10,73.39992376,5,12,5,526,1,7861.665223,4,0,0,13805.54409,1,High Risk
CUST_03644,48,Male,Unemployed,56142.21869,40,702.6165513,1,645.716664,27,253.9663503,29,10,4,639,0,13338.36861,7,0,0,5012.283849,1,High Risk
CUST_03645,60,Male,Self-Employed,83808.99233,147,1833.103576,3,372.0433611,6,0.0,33,17,9,439,0,2623.976993,2,0,0,6364.059953,1,High Risk
CUST_03646,29,Male,Unemployed,44238.59738,29,2361.906733,5,586.4458763,49,531.6264093,57,9,8,712,4,8667.781965,7,0,0,2592.679691,1,High Risk
CUST_03647,21,Male,Unemployed,58949.96429,19,3036.986477,8,701.4293194,37,551.2168489,27,5,9,485,3,10154.34771,3,0,0,10622.32252,1,High Risk
CUST_03648,30,Male,Unemployed,73498.51293,65,2511.2921,10,1383.52406,23,262.5708637,71,8,4,622,4,9661.720059,3,0,0,12644.95513,0,Low Risk
CUST_03649,32,Other,Employed,39940.83145,13,1679.415793,1,1568.25421,30,390.8214691,74,12,4,514,2,2480.199726,5,1,0,5146.730837,1,High Risk
CUST_03650,29,Other,Unemployed,68007.86019,66,1960.062178,5,920.6318066,3,614.4979544,52,17,7,888,0,4879.373329,6,0,0,8909.992488,1,High Risk
CUST_03651,33,Male,Self-Employed,49664.5114,41,921.9111805,9,803.2867128,36,888.0341344,15,9,6,808,4,11881.06988,1,0,0,1263.535949,0,Low Risk
CUST_03652,37,Female,Employed,27772.09471,132,2137.559991,10,677.5322593,34,315.0752758,25,14,0,374,0,17030.90171,5,0,0,7209.552083,1,High Risk
CUST_03653,28,Male,Employed,23871.38759,117,2247.178967,9,1088.641623,5,527.3643184,64,11,9,708,3,9493.983327,7,0,0,4162.614428,1,High Risk
CUST_03654,58,Other,Employed,48365.243,196,10.0,9,1566.003487,45,636.4804206,56,19,1,639,4,12451.30079,1,0,0,8565.048293,0,Low Risk
CUST_03655,47,Male,Employed,67835.93219,184,1614.143088,6,1425.047812,32,949.3026386,30,14,3,860,0,17264.20686,3,0,0,10651.77894,0,Low Risk
CUST_03656,22,Other,Employed,12578.54783,159,2692.070204,7,1198.291814,31,600.511133,26,13,8,618,1,28024.22724,4,0,0,3693.561677,1,High Risk
CUST_03657,39,Other,Employed,53608.1007,47,963.0130881,8,1193.155886,45,977.2706779,48,18,6,538,5,10102.81976,2,0,0,1904.513827,1,High Risk
CUST_03658,25,Male,Employed,66062.78843,218,10.0,4,1091.30846,37,139.6537543,8,18,1,809,3,6950.682481,3,0,0,7580.211424,0,Low Risk
CUST_03659,46,Male,Unemployed,26996.90206,90,1477.864108,8,783.448274,34,602.9827513,25,9,7,753,5,16740.44139,3,0,0,7693.343528,0,Low Risk
CUST_03660,21,Female,Self-Employed,38588.60074,82,2360.832851,8,542.2081221,16,432.6912545,5,0,0,786,1,17111.38411,1,0,0,7434.983765,0,Low Risk
CUST_03661,48,Other,Self-Employed,60302.60495,161,1820.489072,10,792.7150687,31,493.8744527,6,19,7,357,5,4152.627876,7,0,0,2284.911487,1,High Risk
CUST_03662,57,Female,Unemployed,65273.68305,179,1521.55023,6,947.8188607,13,196.2303309,12,6,4,564,2,5287.202144,2,0,0,2345.908069,1,High Risk
CUST_03663,22,Male,Unemployed,78873.768,237,759.4859318,1,291.2281354,18,805.6466713,48,10,0,541,3,3780.695971,3,0,1,9067.209328,1,High Risk
CUST_03664,35,Other,Employed,39445.86558,11,621.4047728,7,746.4672447,23,645.4916368,9,3,2,375,0,7702.429344,1,0,0,500.0,1,High Risk
CUST_03665,49,Female,Employed,35319.61662,157,1646.217201,11,510.9236759,38,553.3315382,42,3,6,647,1,17180.22779,0,0,0,2458.035041,0,Low Risk
CUST_03666,59,Female,Unemployed,79748.33836,186,1453.176342,4,1154.844406,10,71.63692214,48,9,6,830,2,14142.67127,6,0,0,15683.11023,1,High Risk
CUST_03667,21,Female,Employed,36411.04641,107,2182.005833,10,607.6020592,6,728.3489682,17,4,7,441,1,13011.22033,3,0,0,5450.137803,1,High Risk
CUST_03668,36,Male,Self-Employed,59131.13914,127,1852.480974,7,914.8771162,44,333.8146632,10,15,3,807,3,6109.747472,0,0,0,1400.783611,0,Low Risk
CUST_03669,60,Male,Self-Employed,89296.06742,80,905.5488856,1,554.9928975,23,303.9967516,9,11,5,412,5,5640.882748,2,0,0,2123.52048,1,High Risk
CUST_03670,31,Male,Employed,63548.75648,47,1704.906281,6,1359.194764,23,123.1017556,27,0,6,792,1,12445.6162,2,0,0,13372.5154,0,Low Risk
CUST_03671,54,Other,Employed,64098.8639,219,1572.337583,4,204.7350722,13,416.705527,52,4,7,649,1,11708.64734,3,0,0,4728.190918,0,Low Risk
CUST_03672,62,Male,Employed,73005.18989,173,168.7057953,3,966.5441319,23,361.7356195,53,17,2,318,4,14936.80685,6,0,0,7067.918218,1,High Risk
CUST_03673,20,Other,Self-Employed,59447.6164,110,1164.695832,9,352.959816,10,835.414977,24,3,4,516,0,20326.21257,5,0,0,5790.168815,1,High Risk
CUST_03674,64,Female,Employed,64185.26723,152,1548.051496,5,621.7335723,7,249.057972,5,14,7,799,1,5166.744919,4,0,0,1234.681353,1,High Risk
CUST_03675,34,Female,Unemployed,43833.38695,101,1409.305045,4,872.1653463,43,320.2861315,10,5,5,724,4,11103.99765,7,0,0,945.8798077,1,High Risk
CUST_03676,45,Male,Employed,70879.3244,163,1752.592361,5,889.374961,14,352.4108497,32,6,0,710,5,12680.10105,1,0,0,9826.651389,0,Low Risk
CUST_03677,56,Female,Unemployed,57442.66909,29,1562.680426,8,880.2433944,41,295.2660828,68,18,1,810,0,13160.41768,1,0,1,2469.596257,1,High Risk
CUST_03678,40,Male,Employed,23394.75637,42,1772.54922,0,853.1121993,1,168.0446693,45,13,2,407,3,12445.20346,4,0,0,17974.34846,1,High Risk
CUST_03679,68,Other,Employed,54372.99042,28,1633.496173,10,575.3545083,23,662.3114938,76,14,6,404,3,11780.01636,6,0,0,1146.874612,1,High Risk
CUST_03680,50,Female,Self-Employed,10946.33452,85,1481.417667,0,742.5813369,44,456.740386,54,15,9,854,4,13136.95515,0,0,0,2550.461009,0,Low Risk
CUST_03681,44,Male,Unemployed,62850.43338,175,1627.634858,5,811.0719057,9,365.1656041,69,14,2,588,4,15101.78172,5,1,0,10028.85025,1,High Risk
CUST_03682,42,Female,Unemployed,45796.07222,233,1210.771236,1,868.3761389,31,337.1317936,50,5,8,726,3,7764.631389,7,0,0,8556.751208,1,High Risk
CUST_03683,43,Female,Unemployed,84299.94801,175,1167.450273,7,777.0118345,16,531.4239322,24,5,8,589,2,14817.58529,5,1,0,13776.23059,1,High Risk
CUST_03684,57,Male,Self-Employed,58813.36276,28,1578.719784,6,1055.356647,9,338.9637077,22,5,7,633,5,15088.20243,2,0,0,10032.61514,0,Low Risk
CUST_03685,47,Female,Unemployed,66635.26864,72,10.0,5,832.6854396,21,482.9598548,49,11,8,319,0,13409.97663,3,0,0,13102.92508,1,High Risk
CUST_03686,40,Female,Self-Employed,31113.9815,69,1203.328953,3,870.4640887,5,619.3858403,45,1,7,617,0,21457.77967,1,0,0,15199.90902,0,Low Risk
CUST_03687,62,Female,Employed,62322.34505,8,935.0622754,8,666.0716781,26,586.093977,76,3,8,762,4,13297.78062,1,0,0,6589.878461,0,Low Risk
CUST_03688,37,Female,Employed,38468.15559,30,836.2279335,6,431.6453257,19,859.4419396,43,5,3,301,5,14188.37272,3,0,0,500.0,1,High Risk
CUST_03689,55,Other,Unemployed,69629.31815,197,1247.820055,6,853.9101258,0,744.5908705,12,9,3,515,0,6136.527708,3,0,0,14552.04082,1,High Risk
CUST_03690,54,Female,Employed,29869.65993,15,427.7334353,4,1222.606115,16,582.6278585,70,18,4,899,2,18239.74418,1,1,0,12203.24413,1,High Risk
CUST_03691,64,Female,Employed,51976.53235,65,1251.639995,0,955.3514308,0,595.4233415,47,4,6,552,0,23489.2533,1,0,0,10335.73111,1,High Risk
CUST_03692,28,Male,Unemployed,29158.11623,15,1685.060875,1,513.8771206,36,990.1290536,16,5,8,522,4,12937.93911,1,0,0,14587.37913,1,High Risk
CUST_03693,57,Other,Employed,52264.57916,207,2340.336318,7,1085.159009,14,300.4630219,72,13,3,507,1,0.0,3,0,0,7637.469101,1,High Risk
CUST_03694,49,Male,Unemployed,86404.76431,131,3259.338502,10,682.7090263,0,624.3282143,13,14,6,367,1,18450.51123,5,0,0,5304.529217,1,High Risk
CUST_03695,63,Male,Unemployed,62982.82544,42,37.15954138,4,1050.128893,16,284.3646888,29,18,5,525,4,20216.03081,0,0,0,12902.11082,1,High Risk
CUST_03696,53,Male,Employed,49412.68697,167,752.8691539,1,670.9214473,45,708.4188272,29,18,8,890,1,13299.11503,1,0,0,9186.119391,0,Low Risk
CUST_03697,51,Other,Employed,10000.0,33,1251.434881,11,923.6572539,44,659.6260953,32,6,8,638,5,8890.284511,6,0,0,6985.491721,1,High Risk
CUST_03698,22,Male,Employed,40357.63187,19,1610.616,4,618.5259322,42,438.6255677,53,17,8,667,0,19641.35152,7,0,0,14849.01171,1,High Risk
CUST_03699,22,Male,Employed,58543.76562,139,1791.63049,7,627.4316262,43,824.4278716,56,11,4,791,4,19187.19208,6,0,0,14013.17592,1,High Risk
CUST_03700,47,Male,Employed,40804.56184,111,1011.901968,3,251.8071215,37,515.0542078,30,7,2,846,4,13509.78584,0,0,0,5466.896541,0,Low Risk
CUST_03701,63,Female,Self-Employed,75688.70446,66,10.0,2,979.2261867,42,583.9138219,22,2,5,658,4,18837.17035,1,0,0,1425.305339,0,Low Risk
CUST_03702,34,Male,Employed,51287.68692,59,2327.683483,4,929.5593722,1,96.04555621,51,14,1,596,1,7649.244646,3,0,0,3631.293552,0,Low Risk
CUST_03703,60,Other,Self-Employed,69414.71209,143,1902.132364,6,949.2549507,17,1063.175176,53,9,6,712,3,19753.49914,4,1,0,5348.906102,1,High Risk
CUST_03704,42,Other,Unemployed,53688.21544,167,2070.586651,1,896.3656964,11,241.8756477,46,18,6,698,1,13641.67851,0,1,0,5797.949966,1,High Risk
CUST_03705,59,Female,Employed,45032.32142,144,1328.278452,0,533.2124883,28,189.1402098,48,11,1,843,4,10169.80755,6,0,0,9223.224047,1,High Risk
CUST_03706,30,Other,Employed,41516.12294,205,1780.929606,10,1138.064743,22,655.3219962,55,2,5,690,0,12692.64567,6,0,0,21714.33606,1,High Risk
CUST_03707,67,Other,Employed,31781.22731,27,10.0,4,1147.472755,46,542.838397,7,13,3,827,5,16847.75425,7,1,0,12557.77907,1,High Risk
CUST_03708,51,Female,Unemployed,69739.0373,225,643.7014853,6,524.1168872,8,116.7788612,21,16,6,565,3,13851.20493,4,0,0,13496.0989,1,High Risk
CUST_03709,55,Male,Self-Employed,42295.78522,124,2455.405924,7,986.243397,7,285.6554312,61,2,7,548,4,23014.98038,1,1,0,7867.281272,1,High Risk
CUST_03710,52,Female,Self-Employed,59401.34315,80,1524.731106,10,1106.246915,49,398.9316631,53,6,9,483,5,19280.98431,6,0,0,9028.001975,1,High Risk
CUST_03711,43,Male,Employed,40536.5903,59,2995.42503,7,635.4656043,15,314.1822329,34,16,0,493,1,4970.354583,1,0,0,10309.45581,1,High Risk
CUST_03712,58,Male,Employed,30505.47972,73,720.2353742,9,696.3875088,22,549.0784143,14,14,4,798,2,17545.98067,5,0,0,13433.92327,1,High Risk
CUST_03713,53,Other,Employed,59992.53459,90,3541.71768,8,986.9396929,28,732.7339404,4,19,8,352,4,18037.14604,3,0,0,12376.84736,1,High Risk
CUST_03714,47,Female,Employed,36559.32987,115,3656.302511,10,271.3845807,9,1049.562534,16,9,1,381,0,15691.31653,4,0,0,11172.85019,1,High Risk
CUST_03715,56,Other,Unemployed,42791.22959,102,984.0636897,10,419.0189725,11,117.3410822,2,6,3,845,2,6298.413026,4,0,0,5111.729612,1,High Risk
CUST_03716,26,Other,Employed,27523.60726,172,1136.453217,11,453.5787472,11,483.4596447,18,19,7,384,2,18715.17532,1,0,0,500.0,1,High Risk
CUST_03717,23,Male,Unemployed,41123.78147,172,2501.60153,0,171.2892723,29,521.1448546,36,2,4,684,1,13562.31696,7,0,0,13376.49097,1,High Risk
CUST_03718,56,Other,Employed,50433.92903,49,1049.778248,6,1179.728921,9,517.791514,20,14,7,870,1,5932.551897,6,0,0,11294.11845,1,High Risk
CUST_03719,20,Female,Self-Employed,44825.16236,118,1287.514205,9,104.153865,13,549.8499708,50,19,9,324,5,14140.17054,2,0,0,5160.18504,1,High Risk
CUST_03720,20,Other,Self-Employed,64728.0791,174,913.4364443,7,920.0887322,3,520.7600431,53,4,9,842,3,18791.82019,6,0,0,18077.27481,1,High Risk
CUST_03721,66,Other,Employed,52619.37338,171,934.9768605,5,1084.089188,46,790.357917,10,1,0,885,4,6945.021063,6,0,0,4200.578048,1,High Risk
CUST_03722,39,Male,Employed,105571.6486,133,1594.372847,9,697.241416,19,596.8129747,64,8,6,302,5,6947.301955,5,0,0,7841.929096,1,High Risk
CUST_03723,38,Female,Unemployed,57636.51058,238,1281.10643,11,566.0713313,40,121.9009219,29,17,5,493,3,16372.58959,6,0,0,6900.377193,1,High Risk
CUST_03724,48,Other,Employed,18761.22437,92,10.0,3,881.4948578,38,170.6200415,42,12,1,676,3,14202.40371,2,0,0,4932.221748,0,Low Risk
CUST_03725,29,Male,Employed,46168.11651,113,2652.870771,6,800.6415502,6,726.8937164,35,19,6,844,2,16927.84525,4,0,0,5689.118241,1,High Risk
CUST_03726,37,Other,Employed,47727.53334,92,2779.47593,2,1151.226702,29,623.2499618,56,6,2,390,1,12426.05262,6,0,0,5204.13397,1,High Risk
CUST_03727,47,Female,Self-Employed,38954.63771,131,1909.916774,1,20.0,40,430.9924822,25,3,3,784,2,27053.25461,4,0,0,4744.502839,1,High Risk
CUST_03728,54,Other,Unemployed,51306.99502,209,1600.610065,5,478.4523833,23,618.0614403,59,7,5,850,4,9890.877636,6,0,0,10507.94129,1,High Risk
CUST_03729,62,Other,Self-Employed,38418.85288,141,751.3144256,1,996.5519094,9,652.9709484,21,5,2,328,3,16014.79403,0,0,0,11853.57196,1,High Risk
CUST_03730,66,Male,Unemployed,55990.75638,231,1130.508625,5,817.656605,44,752.7295968,23,3,0,404,3,9265.702655,1,0,0,5152.596734,1,High Risk
CUST_03731,50,Other,Self-Employed,15643.62117,137,2371.327316,9,1063.211956,37,442.1897608,11,4,9,324,4,3598.213664,2,0,0,5746.435673,1,High Risk
CUST_03732,46,Male,Employed,70594.85249,14,1978.335885,2,891.7069917,35,699.2044257,74,19,0,793,5,11265.50532,3,0,0,9706.787563,0,Low Risk
CUST_03733,30,Female,Self-Employed,21590.77323,168,1864.225107,1,752.8420279,16,468.0769621,59,19,5,574,3,10342.79235,7,0,0,9087.35254,1,High Risk
CUST_03734,68,Other,Self-Employed,45256.00006,184,1898.224965,7,694.1990449,20,131.5687522,20,8,3,748,1,22721.04635,0,0,0,8591.206681,0,Low Risk
CUST_03735,68,Female,Unemployed,36811.2778,197,2349.993844,3,1613.769256,45,596.9908558,79,7,6,398,1,14644.13316,2,0,0,8897.774732,1,High Risk
CUST_03736,57,Female,Unemployed,55506.56128,108,2229.992741,11,1337.231196,2,816.5503234,35,1,8,827,3,7391.979943,1,0,0,10738.77442,0,Low Risk
CUST_03737,24,Other,Self-Employed,46701.66001,124,2051.524537,3,973.4267843,0,694.8788647,6,6,7,883,4,12393.54453,1,0,0,12965.24467,0,Low Risk
CUST_03738,27,Male,Unemployed,54529.71198,55,1221.401444,6,827.4623627,17,799.8364737,60,17,2,498,2,6619.040296,5,0,0,5526.278968,1,High Risk
CUST_03739,53,Female,Unemployed,70001.46341,220,2847.501962,7,988.3463923,1,544.0548856,52,9,6,896,3,10547.31326,1,0,0,9519.389235,0,Low Risk
CUST_03740,67,Female,Unemployed,63835.07788,224,1112.065047,11,1089.392151,39,288.7930369,27,2,0,762,0,18268.86612,2,0,0,5807.933872,0,Low Risk
CUST_03741,31,Other,Unemployed,50653.53215,162,804.9912341,8,946.58934,47,548.2938835,23,16,1,472,1,14882.07799,1,0,0,500.0,1,High Risk
CUST_03742,57,Other,Unemployed,58271.1398,102,1048.97032,9,537.0169568,3,406.3825095,52,1,8,735,0,2134.321208,6,0,0,3967.284715,1,High Risk
CUST_03743,20,Other,Self-Employed,85280.13534,175,547.0233232,7,1424.578769,31,581.9435657,12,2,9,561,0,7278.760019,5,0,0,16050.07034,1,High Risk
CUST_03744,50,Other,Unemployed,64476.2893,181,1966.860732,3,886.1728797,18,514.682439,77,4,7,743,0,7043.480402,3,1,0,12601.29197,1,High Risk
CUST_03745,23,Other,Employed,44716.31718,39,1489.14947,1,1504.875511,19,757.2568052,71,12,6,592,3,7890.056952,6,0,0,500.0,1,High Risk
CUST_03746,68,Other,Self-Employed,73001.55807,121,2402.920183,9,865.5016204,41,154.1782364,0,12,9,810,3,13781.13973,5,0,0,4884.44004,1,High Risk
CUST_03747,64,Male,Self-Employed,57043.58577,61,10.0,4,714.0213268,48,0.0,40,5,1,303,0,18285.32184,1,1,0,7230.538779,1,High Risk
CUST_03748,69,Female,Self-Employed,32670.05268,56,1668.716045,6,1284.449043,48,519.6414938,58,13,1,766,3,9987.554524,0,0,0,8160.069448,0,Low Risk
CUST_03749,24,Male,Unemployed,46746.99878,148,1294.500954,1,905.4154353,6,411.0716376,12,4,6,474,0,8232.385029,5,1,0,5471.776949,1,High Risk
CUST_03750,49,Male,Employed,23499.36746,3,1223.516539,3,846.6979221,8,370.2104736,53,0,6,640,0,17019.3655,3,0,0,11542.86837,0,Low Risk
CUST_03751,43,Other,Unemployed,10000.0,151,667.4620217,5,379.872528,6,323.3352281,46,8,5,765,5,13883.81671,6,0,0,14861.55771,1,High Risk
CUST_03752,22,Female,Self-Employed,32917.27476,30,1534.900751,7,1031.076232,26,490.9930456,26,2,9,469,2,8875.254446,0,0,0,13092.25679,1,High Risk
CUST_03753,30,Male,Self-Employed,52206.45924,114,888.2310122,9,627.341366,20,603.1159496,76,5,4,745,5,9671.495802,5,0,0,5538.233407,1,High Risk
CUST_03754,64,Other,Self-Employed,52259.15974,18,2715.739247,5,643.2730768,34,637.4835471,39,3,5,826,2,10259.0242,5,0,0,1825.997502,1,High Risk
CUST_03755,23,Other,Self-Employed,24591.63767,178,2001.652673,5,628.3079041,23,0.0,31,1,8,870,2,18666.19125,0,0,0,10713.64045,0,Low Risk
CUST_03756,45,Female,Unemployed,10000.0,30,2285.143642,5,953.6618421,31,474.078824,57,15,3,597,4,14650.48272,6,0,0,1306.031798,1,High Risk
CUST_03757,46,Male,Employed,76473.72454,152,107.7134247,3,262.6183042,11,54.308082,75,5,9,809,1,23009.94768,7,0,0,11304.4535,1,High Risk
CUST_03758,65,Male,Employed,51715.27614,213,2208.511462,2,726.20413,22,722.5874591,42,13,0,458,3,15290.24651,4,0,0,14419.57281,1,High Risk
CUST_03759,62,Male,Self-Employed,78002.8156,114,2133.106187,0,1143.097647,35,655.4957195,51,9,8,716,2,6683.636103,4,1,0,10327.93121,1,High Risk
CUST_03760,46,Other,Employed,76974.63974,131,1174.945061,1,364.0158957,48,233.5569229,76,3,7,659,1,1997.249225,1,0,1,3140.365561,1,High Risk
CUST_03761,61,Female,Self-Employed,63224.77402,225,1350.849217,1,860.5076363,28,522.1502364,79,6,1,645,1,8266.522487,3,0,0,3587.771289,0,Low Risk
CUST_03762,69,Female,Self-Employed,51064.58447,118,713.7987705,9,579.0102029,2,0.0,33,16,3,713,5,2213.238745,6,0,1,8295.196553,1,High Risk
CUST_03763,25,Male,Employed,42842.28534,172,1253.950939,6,658.7074082,42,609.2091957,5,4,2,425,3,7332.966421,2,0,0,15995.38818,1,High Risk
CUST_03764,34,Other,Self-Employed,62934.73742,100,1951.700509,10,1379.303291,7,612.8348955,47,13,2,409,5,12118.9655,7,0,0,8636.228966,1,High Risk
CUST_03765,49,Male,Employed,47122.55841,234,964.5265668,5,222.3287858,33,689.5206988,17,15,5,748,4,4202.262785,4,0,0,2970.928737,1,High Risk
CUST_03766,61,Female,Self-Employed,39386.85327,72,1528.892723,7,1067.970618,13,655.381821,38,7,6,441,0,16720.7316,3,0,0,7494.326464,1,High Risk
CUST_03767,56,Other,Employed,12237.71568,94,3536.500157,8,632.7251059,35,365.3915002,77,15,7,309,2,8962.989267,4,0,0,17503.44467,1,High Risk
CUST_03768,56,Male,Self-Employed,48504.10445,5,716.9616587,4,615.3176052,47,242.7528112,6,5,6,316,4,16802.49371,5,0,0,1364.873321,1,High Risk
CUST_03769,61,Male,Employed,69740.07597,225,1765.709069,10,410.9531801,45,325.9211762,5,10,8,789,3,6329.500928,3,0,0,14095.83512,0,Low Risk
CUST_03770,56,Other,Self-Employed,72667.69844,210,672.948164,2,1063.864873,31,468.6354099,75,1,1,826,4,16343.70897,7,0,0,6500.878007,1,High Risk
CUST_03771,54,Female,Self-Employed,50959.01679,83,311.6116781,3,733.0083843,6,184.0338146,52,0,9,302,5,8971.238001,1,0,0,10178.12211,1,High Risk
CUST_03772,42,Other,Self-Employed,34003.21369,46,2139.435653,10,688.8157052,9,413.5160366,0,8,3,541,1,10581.32756,0,0,0,12194.42251,1,High Risk
CUST_03773,25,Male,Employed,66249.3894,157,1174.502112,7,838.4429252,11,413.5678816,28,4,1,486,4,8188.86005,4,0,0,4648.648553,1,High Risk
CUST_03774,23,Male,Unemployed,49723.42194,181,2779.502824,2,740.399506,39,779.4236634,68,1,2,534,2,11097.47023,7,0,0,13282.78173,1,High Risk
CUST_03775,37,Male,Self-Employed,43417.84397,26,1954.290708,1,99.75924209,22,617.6694449,48,13,9,477,4,15455.76988,7,0,0,10216.85032,1,High Risk
CUST_03776,28,Male,Self-Employed,23793.53145,150,871.3582986,6,628.211536,10,320.1507275,58,19,0,898,4,3730.161635,6,0,0,14205.28481,1,High Risk
CUST_03777,68,Female,Employed,87867.70659,162,798.4344337,3,1113.404312,12,572.9317314,12,12,7,616,1,25331.07606,0,0,0,9819.214213,0,Low Risk
CUST_03778,48,Female,Self-Employed,63291.17208,101,2076.486408,7,272.6842376,11,605.2055027,44,11,4,552,5,25398.44174,5,1,0,16638.57495,1,High Risk
CUST_03779,32,Male,Self-Employed,65232.47315,143,657.67407,0,418.5217351,6,66.20908161,45,8,4,610,4,8997.927345,0,0,0,593.130132,0,Low Risk
CUST_03780,66,Female,Self-Employed,34469.43326,114,635.2353792,7,650.6230116,43,1018.935214,22,5,7,491,1,17978.64585,6,0,0,11158.28431,1,High Risk
CUST_03781,36,Female,Self-Employed,51435.49401,173,124.6345377,4,546.0318035,9,454.4583041,31,3,8,302,2,4824.582252,6,0,0,9272.374214,1,High Risk
CUST_03782,64,Female,Unemployed,48533.11041,150,1998.710972,11,790.2400813,6,274.7975131,71,9,8,457,2,2163.240079,7,0,0,3208.124488,1,High Risk
CUST_03783,51,Male,Unemployed,64077.703,125,852.3015059,1,417.4231369,26,505.0467424,74,4,9,485,0,23597.47107,6,0,0,13869.74268,1,High Risk
CUST_03784,67,Other,Self-Employed,74474.93221,114,1787.772984,0,664.2509167,6,270.3189862,12,3,8,440,5,16762.43672,2,0,0,3056.031283,1,High Risk
CUST_03785,41,Other,Self-Employed,24184.11925,132,458.2037635,5,783.2019139,49,60.14144813,52,19,1,350,0,12941.10132,2,1,0,11227.38663,1,High Risk
CUST_03786,23,Other,Self-Employed,30655.80324,70,189.3375113,8,1027.129146,23,640.8067818,19,3,6,724,1,16526.46253,1,0,0,6243.607855,0,Low Risk
CUST_03787,24,Male,Unemployed,61623.28131,93,2075.816138,8,1235.676285,22,510.5928024,0,12,6,674,0,8008.484858,3,0,0,18293.58212,0,Low Risk
CUST_03788,56,Female,Unemployed,40855.47153,62,1373.189596,8,708.4584962,24,565.2990109,56,15,3,419,0,12642.27427,6,0,0,10856.70049,1,High Risk
CUST_03789,60,Female,Employed,64667.73412,219,957.4377455,10,1460.821084,43,77.13640887,65,10,4,669,3,13460.69587,1,1,0,10969.75003,1,High Risk
CUST_03790,68,Male,Employed,43284.9318,134,1110.836696,3,735.6333968,35,613.9312419,10,18,5,716,0,3355.109051,3,0,0,15470.04722,0,Low Risk
CUST_03791,32,Male,Self-Employed,27522.05665,126,1113.688524,5,1090.106302,32,443.2458775,45,17,6,506,5,18945.16009,7,0,0,8137.586458,1,High Risk
CUST_03792,53,Other,Self-Employed,18331.7092,98,3127.414857,11,1476.027707,36,186.6587407,29,0,1,842,4,9327.408329,5,1,0,10378.5931,1,High Risk
CUST_03793,64,Other,Unemployed,58714.30256,147,1712.345325,9,848.7579432,41,272.5139519,68,3,9,463,2,4974.598337,6,0,0,2154.761273,1,High Risk
CUST_03794,41,Male,Self-Employed,59155.70978,131,1611.194005,5,319.2656824,38,893.035158,6,8,1,433,0,22151.62187,2,0,0,8256.323085,1,High Risk
CUST_03795,42,Other,Self-Employed,67463.88336,35,897.2107007,4,831.81635,6,390.7310759,23,8,1,600,1,19432.70035,7,0,0,8435.241318,1,High Risk
CUST_03796,22,Female,Unemployed,55901.72491,32,2129.449199,1,585.9249891,29,881.8365987,47,10,4,389,3,10763.88194,1,0,0,500.0,1,High Risk
CUST_03797,61,Male,Unemployed,10000.0,7,578.1594939,6,703.9487906,30,260.3284662,42,4,5,371,3,4504.79298,3,0,0,10117.65971,1,High Risk
CUST_03798,53,Male,Unemployed,59061.81394,120,1914.947916,0,1494.741909,44,356.4238728,78,5,5,658,2,15209.55766,5,0,0,14244.01063,1,High Risk
CUST_03799,51,Female,Unemployed,23765.76564,142,1919.275888,5,372.0328019,45,396.0471195,35,19,2,848,2,12465.83351,2,0,0,11976.36349,0,Low Risk
CUST_03800,64,Female,Employed,16381.07603,232,2314.030985,4,905.1633878,36,693.6968563,73,5,3,400,1,25202.19928,3,0,0,13842.46463,1,High Risk
CUST_03801,68,Female,Unemployed,14213.21686,162,10.0,4,492.7975519,20,562.074324,0,7,6,329,1,20095.51428,1,0,1,11151.36273,1,High Risk
CUST_03802,40,Other,Unemployed,12556.61649,40,2401.795474,7,692.3197206,33,542.0877953,6,18,6,849,5,9305.941907,4,0,0,8287.655611,1,High Risk
CUST_03803,65,Male,Self-Employed,55021.60583,19,1783.047031,8,1060.694817,45,759.3488173,43,0,5,465,5,20810.59151,4,0,0,500.0,1,High Risk
CUST_03804,63,Other,Self-Employed,36838.68366,188,896.5468271,6,911.3573802,20,651.6109027,60,4,0,691,1,20173.11056,5,0,0,4092.277336,1,High Risk
CUST_03805,40,Female,Self-Employed,22656.10476,111,10.0,9,721.2387059,39,159.9484591,25,18,9,820,3,1559.242787,1,0,0,8463.760384,0,Low Risk
CUST_03806,63,Other,Employed,50415.486,42,1175.006841,7,572.5698862,19,738.6648362,29,1,5,576,3,15563.84863,5,0,0,5544.278088,1,High Risk
CUST_03807,30,Female,Unemployed,30093.20196,226,1649.463036,1,910.6273673,33,232.3400726,0,15,0,468,1,19338.66518,0,0,0,3892.399774,1,High Risk
CUST_03808,58,Other,Unemployed,67659.27663,154,283.8802218,1,1397.690351,7,746.264438,62,1,4,574,0,9603.989113,5,0,0,20209.71407,1,High Risk
CUST_03809,23,Other,Employed,76103.94873,142,819.1987135,11,484.5268201,31,610.092058,14,8,5,548,5,4648.726819,6,0,0,14480.46561,1,High Risk
CUST_03810,20,Female,Unemployed,46083.15976,113,489.2317951,7,1469.08236,29,642.0599727,62,17,6,811,0,30124.45375,4,0,0,17844.0369,1,High Risk
CUST_03811,47,Other,Self-Employed,74790.93896,130,1152.189139,5,1219.824108,28,389.8268021,54,15,7,411,1,21615.32976,5,0,0,5645.524408,1,High Risk
CUST_03812,43,Male,Employed,74760.63369,97,629.3839524,7,1279.273679,4,229.3249835,56,6,8,891,1,13763.2099,4,0,0,7621.6323,1,High Risk
CUST_03813,54,Other,Unemployed,51522.93939,149,3236.205374,8,907.9513333,29,462.12938,19,8,5,317,3,0.0,4,0,0,6237.458037,1,High Risk
CUST_03814,32,Other,Employed,81202.1624,31,2190.948856,8,1209.895421,11,573.2363911,21,11,6,759,0,9767.078225,0,0,0,500.0,0,Low Risk
CUST_03815,66,Male,Employed,38810.08391,215,615.5454404,10,446.9090511,38,643.3993018,49,18,3,379,5,24059.73273,2,0,0,9924.778227,1,High Risk
CUST_03816,53,Female,Unemployed,14805.40714,220,732.0491084,5,566.1846323,26,371.0668884,35,0,9,498,2,20315.74148,2,0,0,5916.959273,1,High Risk
CUST_03817,30,Male,Self-Employed,22021.19458,182,315.2800295,7,1068.034835,12,331.2826208,36,5,6,415,2,10658.46887,7,0,0,5709.427757,1,High Risk
CUST_03818,55,Other,Unemployed,37981.67622,222,1379.736679,1,903.5457693,46,420.5302701,45,1,9,843,4,9261.864892,6,1,0,4523.037168,1,High Risk
CUST_03819,36,Female,Unemployed,59617.4369,147,2920.131368,7,748.0672595,9,699.7294021,26,16,0,522,5,21063.17157,0,0,0,7728.884819,1,High Risk
CUST_03820,54,Other,Self-Employed,29213.18838,75,2457.881814,2,20.0,35,48.97339999,18,13,2,761,2,10848.77304,5,0,0,11499.57937,1,High Risk
CUST_03821,37,Other,Unemployed,37835.58464,23,1658.421418,0,647.5840832,30,429.9198169,15,12,0,387,0,11567.5052,7,0,0,3767.151263,1,High Risk
CUST_03822,59,Male,Unemployed,27509.42321,62,1264.654487,6,389.0811769,15,326.494104,53,10,7,731,3,14911.02717,0,0,0,6454.992484,0,Low Risk
CUST_03823,41,Male,Unemployed,38247.76427,100,1941.153367,0,972.737009,38,624.268329,33,15,2,627,0,15865.75802,1,0,0,6849.468067,0,Low Risk
CUST_03824,43,Female,Employed,74168.7699,77,1723.852995,10,733.091015,44,767.8932249,78,17,6,402,0,5720.749419,7,0,0,7396.494087,1,High Risk
CUST_03825,38,Female,Employed,56436.36603,121,1846.360735,0,580.0948095,35,92.53232394,50,19,1,597,2,16039.36676,7,0,0,4250.751395,1,High Risk
CUST_03826,56,Female,Employed,39614.1932,150,1657.897154,0,1725.018669,25,579.4224827,35,2,4,488,1,6341.398625,1,0,0,10434.28938,1,High Risk
CUST_03827,58,Other,Unemployed,71968.48022,115,1855.848767,3,1163.361067,43,721.0961146,52,0,2,670,4,20123.6605,7,1,0,8058.016115,1,High Risk
CUST_03828,40,Male,Self-Employed,50461.97428,183,363.519058,11,1169.555249,19,254.5965616,61,13,9,549,2,10301.92978,6,0,0,6772.942742,1,High Risk
CUST_03829,27,Male,Employed,52405.79902,116,1403.73543,11,1570.775301,33,742.0781993,30,16,2,525,2,14082.72985,5,0,0,9829.440813,1,High Risk
CUST_03830,47,Male,Self-Employed,70569.9548,105,1686.815965,3,1080.767124,36,251.3912369,3,2,4,423,2,0.0,1,0,0,7444.144321,1,High Risk
CUST_03831,24,Female,Unemployed,43832.81966,82,1151.95703,9,530.1660967,7,648.1309683,11,11,7,604,4,17366.84018,2,0,0,4281.047534,0,Low Risk
CUST_03832,36,Male,Employed,66492.32833,65,501.790148,10,489.2362769,3,793.0855611,52,1,1,697,3,18201.12563,5,1,0,9256.674357,1,High Risk
CUST_03833,56,Male,Unemployed,65208.71555,59,1504.180145,5,1137.715966,28,310.4482175,60,1,3,577,5,9224.365461,6,0,0,8577.031419,1,High Risk
CUST_03834,55,Male,Self-Employed,47380.19047,31,4818.31604,11,79.22600208,30,433.9181792,18,11,3,457,2,4102.306781,3,0,0,500.0,1,High Risk
CUST_03835,38,Female,Employed,24868.52031,131,841.5199924,9,772.7771291,1,778.3862428,55,4,4,302,3,3912.916409,4,0,0,12473.58542,1,High Risk
CUST_03836,46,Male,Employed,50228.45175,126,1386.191975,11,40.10646786,24,0.0,8,15,5,630,3,12349.95707,1,0,0,2394.311565,0,Low Risk
CUST_03837,53,Female,Employed,70470.55844,212,2509.108366,2,834.5952279,37,621.748569,24,4,8,309,0,5640.141271,6,0,0,8010.701537,1,High Risk
CUST_03838,30,Male,Employed,64755.82525,61,2918.499469,9,1098.924588,2,949.5288521,53,2,4,878,1,11943.47418,4,0,0,6221.628011,1,High Risk
CUST_03839,64,Male,Self-Employed,80784.50704,194,1033.368318,5,897.7954371,45,0.0,46,5,9,861,4,13040.10334,0,0,0,8774.125183,0,Low Risk
CUST_03840,66,Male,Employed,41172.79628,88,2271.692251,6,1128.338276,41,769.344661,40,18,7,496,1,13715.30353,2,0,0,5699.112245,1,High Risk
CUST_03841,31,Female,Unemployed,64027.40851,202,2133.001544,10,1487.68943,42,706.2456811,50,11,4,741,3,20977.2879,1,0,0,9300.236137,0,Low Risk
CUST_03842,40,Female,Employed,31886.82043,73,1094.937828,0,749.761547,4,486.5511199,49,7,2,314,3,20197.65294,5,0,0,13882.92451,1,High Risk
CUST_03843,30,Male,Self-Employed,53628.51129,91,1999.967177,5,1782.677774,21,602.4633686,6,5,5,421,4,13283.76368,5,0,0,5752.561959,1,High Risk
CUST_03844,58,Other,Employed,69897.42329,224,1361.54276,9,874.4344847,15,561.4154882,26,13,3,859,1,16366.2438,3,0,0,6243.55975,0,Low Risk
CUST_03845,47,Female,Self-Employed,66315.64257,100,998.5786661,0,1132.207772,8,363.9412795,47,2,4,305,0,14742.40339,5,0,0,4848.168609,1,High Risk
CUST_03846,24,Female,Self-Employed,51855.31475,46,2875.252402,6,586.1280499,47,809.2891744,54,10,7,815,1,21171.15633,2,0,0,9424.679831,0,Low Risk
CUST_03847,36,Male,Unemployed,45175.06107,178,2019.465448,9,1366.759893,8,498.4350426,62,6,3,578,2,13250.61392,0,0,0,6826.915231,1,High Risk
CUST_03848,39,Other,Employed,32093.04216,235,154.5601617,4,1164.598569,48,598.4044557,5,8,6,355,1,17935.20937,5,0,1,8535.003426,1,High Risk
CUST_03849,60,Male,Employed,45936.08109,118,1397.822848,9,1315.007956,11,259.9844522,34,10,2,314,3,25638.30935,7,0,0,2736.212235,1,High Risk
CUST_03850,65,Female,Employed,26416.33085,77,1084.409188,3,819.0765476,46,0.0,31,12,3,687,4,14948.81265,6,0,0,8259.788871,1,High Risk
CUST_03851,31,Female,Unemployed,43822.50713,145,1331.482346,0,360.6038525,41,205.2908209,77,17,7,390,2,9552.164634,6,0,0,500.0,1,High Risk
CUST_03852,25,Male,Unemployed,17487.98212,165,1912.765463,8,961.1391039,3,957.2933934,5,9,7,793,3,9809.559847,7,1,0,10289.75614,1,High Risk
CUST_03853,36,Male,Self-Employed,26263.9899,25,1734.724248,6,206.0430653,48,661.0507447,62,1,8,538,1,8011.019918,5,0,0,5042.99402,1,High Risk
CUST_03854,38,Other,Self-Employed,65350.50621,183,2647.260318,1,682.3349687,17,391.9897989,17,6,3,820,4,17005.44825,5,1,0,6198.577072,1,High Risk
CUST_03855,45,Other,Self-Employed,63345.09365,47,2477.480306,3,866.8781528,17,643.0932509,30,14,9,516,2,14612.50523,4,0,0,8564.649678,1,High Risk
CUST_03856,67,Female,Unemployed,44800.7389,215,528.8817031,3,1632.028502,41,605.7133733,51,9,3,484,1,10287.48878,2,0,0,3238.823829,1,High Risk
CUST_03857,63,Other,Unemployed,51165.83821,94,1421.348974,7,911.4920142,42,49.77419604,15,11,4,494,2,21691.09589,6,0,0,3373.736903,1,High Risk
CUST_03858,63,Other,Unemployed,53580.1221,15,10.0,1,848.8381142,32,712.4708157,55,19,4,338,0,10079.29426,4,0,0,18778.94987,1,High Risk
CUST_03859,51,Female,Self-Employed,58285.91102,36,702.6503118,10,777.9386516,41,22.9737774,66,8,2,339,0,13014.39905,5,0,0,7925.598064,1,High Risk
CUST_03860,25,Female,Unemployed,56359.70073,168,10.0,4,330.2681833,2,342.8124438,61,18,0,315,4,7753.934183,1,0,0,12178.9121,1,High Risk
CUST_03861,55,Female,Self-Employed,25938.03419,72,245.6038215,9,830.039044,37,254.9673715,51,5,9,380,0,11784.31774,5,0,0,5043.391662,1,High Risk
CUST_03862,57,Female,Self-Employed,10000.0,110,2620.082451,7,836.0089366,16,550.2675781,4,18,0,364,3,7623.301577,5,0,0,7200.454836,1,High Risk
CUST_03863,30,Male,Employed,31696.00612,198,2102.166813,5,460.9870266,11,552.7456289,52,0,7,414,1,11818.43598,0,0,0,4701.263389,1,High Risk
CUST_03864,52,Female,Employed,47222.05323,135,1993.647935,3,384.639035,10,0.0,79,1,3,861,2,6146.420651,3,0,0,14224.02898,0,Low Risk
CUST_03865,43,Female,Employed,67283.30605,128,2440.27017,4,631.450261,16,807.5230136,16,14,9,584,2,9369.555102,7,1,0,9159.08747,1,High Risk
CUST_03866,42,Female,Self-Employed,54218.47443,170,1990.164773,1,822.7265425,34,515.6121739,30,10,1,445,5,8167.363774,2,0,0,6366.056892,1,High Risk
CUST_03867,34,Other,Employed,59618.77813,200,1432.181144,4,639.8560365,40,740.7129735,15,17,5,715,0,8466.612822,5,0,0,10376.93667,1,High Risk
CUST_03868,46,Female,Employed,33856.13081,23,1028.528594,2,432.1935926,49,508.2871691,56,0,8,678,2,6998.392454,4,0,0,4992.933196,1,High Risk
CUST_03869,30,Male,Employed,48726.87981,158,2856.51889,11,901.2452882,5,544.0088396,20,3,4,769,2,10364.24351,7,0,0,2089.392291,1,High Risk
CUST_03870,69,Male,Unemployed,51178.72747,133,2545.108452,2,988.6033885,34,141.4127468,40,3,2,566,1,0.0,7,1,0,13138.59341,1,High Risk
CUST_03871,36,Female,Self-Employed,36397.8169,25,1324.430194,6,842.4541982,5,305.5179462,38,3,3,712,4,16396.97446,0,0,0,6931.518373,0,Low Risk
CUST_03872,33,Male,Employed,30747.92169,202,2111.090521,2,602.9560501,31,446.2347731,36,17,1,698,5,14034.2946,6,0,0,9680.871601,1,High Risk
CUST_03873,46,Other,Unemployed,45919.80001,21,10.0,3,1008.194357,10,674.0048029,40,0,6,590,2,14121.30222,0,0,0,6769.501186,0,Low Risk
CUST_03874,37,Female,Unemployed,61902.25427,205,2151.386092,6,733.3119486,42,387.327933,52,6,3,379,0,11267.63213,6,0,0,9800.17202,1,High Risk
CUST_03875,47,Male,Unemployed,33710.8732,52,1099.36856,2,383.8207024,38,320.1960633,73,13,3,671,0,19822.29802,1,0,0,500.0,0,Low Risk
CUST_03876,66,Male,Employed,46252.53081,204,3669.988757,9,1162.685524,12,274.1477617,31,15,7,776,5,7987.594101,2,0,0,4421.568589,0,Low Risk
CUST_03877,66,Female,Unemployed,74389.81342,188,2420.498295,9,923.7278067,12,589.6192189,24,14,9,461,4,2077.379875,1,0,0,500.0,1,High Risk
CUST_03878,23,Male,Self-Employed,40651.8564,222,10.0,1,758.248393,38,477.1035412,52,4,4,447,2,13854.57702,1,0,1,15494.55782,1,High Risk
CUST_03879,26,Female,Unemployed,50131.09377,22,930.9600828,9,250.1317283,45,279.3029416,63,12,2,804,2,23666.25802,1,0,0,8673.07426,0,Low Risk
CUST_03880,64,Male,Unemployed,48097.25454,238,1548.464499,6,539.2989023,33,451.601112,32,4,5,504,2,20895.59579,0,0,0,6517.822629,1,High Risk
CUST_03881,54,Other,Unemployed,46619.75069,118,1466.049074,4,1506.497999,2,311.7836789,37,17,7,896,4,17708.09407,7,0,0,4196.153052,1,High Risk
CUST_03882,67,Male,Unemployed,80032.60696,94,1429.915417,0,272.0802783,31,255.419649,78,4,9,349,0,25818.84333,4,0,0,13078.51119,1,High Risk
CUST_03883,28,Male,Self-Employed,55503.55956,95,2287.785383,11,712.0277521,3,100.4718297,7,4,0,713,2,9749.644594,4,1,0,15985.90136,1,High Risk
CUST_03884,27,Female,Employed,21736.7222,202,1067.37781,9,794.2824832,39,160.2822121,0,5,8,420,5,9454.369286,7,0,0,9480.521715,1,High Risk
CUST_03885,64,Male,Self-Employed,77511.55724,85,1442.134976,7,912.1668763,0,486.8162974,73,13,3,757,2,10647.10311,7,0,0,9068.627657,1,High Risk
CUST_03886,36,Female,Self-Employed,54946.6423,55,2720.85768,2,275.9901725,8,0.0,58,1,4,498,5,0.0,7,0,0,9229.970941,1,High Risk
CUST_03887,36,Other,Employed,43275.66145,125,2733.775539,10,860.9616897,48,289.3623627,34,14,9,525,5,20939.47239,3,0,0,5665.198837,1,High Risk
CUST_03888,68,Female,Unemployed,74289.9651,87,2282.190588,6,209.8630881,49,661.7595578,15,15,2,559,3,12154.36333,5,0,0,7293.635555,1,High Risk
CUST_03889,52,Female,Employed,35983.58066,84,1220.218319,5,834.1000787,6,745.4973418,13,4,8,874,1,8375.68602,3,1,0,500.0,1,High Risk
CUST_03890,51,Male,Employed,80882.60167,11,934.1400291,9,571.6607283,26,592.5380998,4,15,5,577,4,10926.20844,4,0,0,3403.988921,1,High Risk
CUST_03891,27,Other,Self-Employed,51679.44757,6,1466.964911,11,496.9457566,2,703.9783219,79,0,0,303,1,6417.035408,1,0,0,9680.786475,1,High Risk
CUST_03892,38,Female,Employed,68100.05925,171,1522.761389,5,1092.186006,21,504.9151625,20,7,8,492,4,12387.64516,0,0,0,6889.211395,1,High Risk
CUST_03893,57,Male,Unemployed,105215.038,27,1471.737216,7,717.5378148,15,236.8341573,57,0,4,603,1,8995.190191,1,0,0,13393.39763,0,Low Risk
CUST_03894,22,Male,Self-Employed,53241.6477,36,1945.036459,11,965.7987817,7,671.4578739,56,6,2,450,3,9275.217431,1,0,0,2610.794749,1,High Risk
CUST_03895,24,Female,Unemployed,48257.0258,75,1788.533052,3,977.389419,4,621.6738095,10,5,3,305,1,6751.463568,6,1,0,12848.96886,1,High Risk
CUST_03896,32,Male,Self-Employed,30793.46712,139,1755.125833,3,1244.483721,48,365.0116675,70,7,4,752,2,12265.3731,1,0,0,5348.217369,0,Low Risk
CUST_03897,66,Female,Unemployed,47829.73178,84,1126.604798,11,377.1097904,29,344.3961171,7,4,0,514,1,8999.295194,2,0,0,5218.705296,1,High Risk
CUST_03898,65,Female,Employed,31348.90805,205,540.8502555,2,1121.655482,27,488.5862441,13,14,9,626,1,20158.11658,2,0,0,5219.478586,0,Low Risk
CUST_03899,50,Female,Employed,46634.56827,143,2055.713695,0,805.7615679,26,783.2697505,48,19,2,384,0,15238.53429,1,0,0,4654.83417,1,High Risk
CUST_03900,35,Other,Employed,102104.3143,232,1548.552883,9,667.6563969,49,406.0171587,32,15,6,717,4,4151.818642,3,1,0,10815.34217,1,High Risk
CUST_03901,69,Female,Unemployed,52152.76318,139,1827.048299,2,397.7623183,21,0.0,23,16,8,453,1,15680.36516,3,0,0,5498.037416,1,High Risk
CUST_03902,51,Male,Self-Employed,40033.62471,210,1849.377868,0,1012.306802,29,608.3613195,70,10,5,831,5,14052.48957,4,0,0,500.0,1,High Risk
CUST_03903,41,Other,Self-Employed,46225.07462,6,10.0,5,477.2214175,36,222.6647503,37,1,3,569,2,12423.65856,0,0,0,9367.613472,1,High Risk
CUST_03904,48,Male,Self-Employed,42586.31481,164,2877.208933,7,981.2323054,6,611.2652478,78,0,3,545,2,11057.82862,2,0,0,9570.852907,1,High Risk
CUST_03905,41,Other,Employed,68871.23372,9,1047.918072,2,1474.740771,49,601.6633434,49,16,8,672,4,19059.80448,5,0,0,7468.337411,1,High Risk
CUST_03906,62,Other,Unemployed,48375.95724,17,2599.155656,11,1142.991964,29,884.6405239,63,0,0,370,3,5362.494878,1,1,0,8216.669473,1,High Risk
CUST_03907,22,Other,Self-Employed,78959.98568,40,1839.725003,3,1287.002014,12,475.1978762,1,1,5,501,4,11591.51049,5,0,0,7822.895863,1,High Risk
CUST_03908,29,Other,Unemployed,44310.21289,205,637.1433136,4,548.348328,21,624.0001829,38,16,3,650,2,1940.608702,2,0,0,11120.75218,0,Low Risk
CUST_03909,61,Male,Self-Employed,45471.57301,226,933.8891434,6,1066.956566,10,533.4347343,73,3,2,357,3,15200.83287,5,0,0,14513.79701,1,High Risk
CUST_03910,40,Female,Employed,33857.88106,93,948.7018276,11,399.5247657,4,719.6935375,13,11,0,520,3,11612.75802,4,0,0,2733.224744,1,High Risk
CUST_03911,35,Male,Unemployed,43099.12576,224,994.7120047,10,718.2809841,21,0.0,11,9,4,458,0,6115.893223,3,0,0,16481.26887,1,High Risk
CUST_03912,31,Female,Self-Employed,18795.73589,54,84.51538336,5,1409.44522,14,330.7059707,77,9,3,507,5,13108.10316,6,0,0,14251.65087,1,High Risk
CUST_03913,21,Male,Self-Employed,11663.41669,83,861.230467,1,587.2552278,38,438.2835094,50,14,9,537,1,20185.89692,3,0,0,6708.854406,1,High Risk
CUST_03914,60,Other,Self-Employed,61244.12037,102,2273.905473,6,1188.974664,36,511.6873471,9,10,3,487,5,12668.53573,6,0,0,9346.719058,1,High Risk
CUST_03915,43,Other,Self-Employed,18582.06866,213,2355.804481,7,1155.476357,30,196.5106029,43,6,7,693,5,2550.177199,7,0,0,13883.34411,1,High Risk
CUST_03916,54,Female,Employed,57307.37899,9,958.9937146,11,1176.159438,28,574.0930914,39,9,1,553,0,11888.0081,6,1,0,11026.38341,1,High Risk
CUST_03917,49,Female,Self-Employed,40991.0567,109,10.0,0,356.5493084,38,720.5626203,59,18,9,648,1,13767.6112,7,0,0,10621.68438,1,High Risk
CUST_03918,49,Male,Self-Employed,66911.5215,47,2004.734748,5,983.8203381,16,326.8243259,69,17,9,621,0,7843.960932,0,0,0,12986.13108,0,Low Risk
CUST_03919,66,Female,Employed,18978.72043,61,637.0095421,10,745.1905019,40,256.9637925,30,1,3,479,3,25318.92215,0,0,0,1213.965549,1,High Risk
CUST_03920,54,Male,Self-Employed,60768.51465,124,699.4451885,8,1180.9739,5,598.8607202,36,6,0,899,1,3303.708866,6,0,0,3968.029081,1,High Risk
CUST_03921,38,Female,Unemployed,55968.79918,23,1273.732867,6,220.7498601,40,539.81248,72,13,1,662,2,0.0,4,0,0,7355.857785,1,High Risk
CUST_03922,69,Female,Unemployed,56525.29206,158,1198.824906,4,928.7257612,16,558.3739982,57,10,9,603,3,6377.738437,7,0,0,12715.7217,1,High Risk
CUST_03923,27,Female,Self-Employed,70230.1796,5,868.1968746,9,879.231321,33,136.9383456,42,0,9,681,4,308.9257719,0,0,0,16002.86259,0,Low Risk
CUST_03924,45,Other,Employed,51265.16721,144,940.4825824,10,103.459142,22,1184.022291,70,19,2,425,3,17665.44767,4,0,0,11067.22069,1,High Risk
CUST_03925,68,Other,Employed,10000.0,4,1098.448236,9,490.1028754,29,0.0,37,4,0,673,2,18369.34123,7,0,0,5696.787082,1,High Risk
CUST_03926,59,Male,Employed,58083.94563,31,928.809829,8,159.4467254,12,716.4100308,7,3,1,479,0,2335.642313,7,0,0,7704.082064,1,High Risk
CUST_03927,26,Female,Self-Employed,55754.10703,148,979.1304652,1,545.7756443,29,320.6186314,33,13,6,854,1,5468.610453,5,0,0,4742.104837,1,High Risk
CUST_03928,49,Male,Self-Employed,45596.74851,39,1255.416036,6,992.2259796,48,1255.446169,16,2,9,387,0,4710.645631,5,0,0,5478.982591,1,High Risk
CUST_03929,26,Female,Unemployed,34848.08766,175,1782.685852,8,868.3779515,19,609.8173909,16,17,9,825,5,11863.43556,6,0,0,4716.719037,1,High Risk
CUST_03930,22,Other,Employed,43503.45219,47,1699.242184,1,859.2900282,5,766.7093154,52,17,5,542,0,14821.51137,2,0,0,10493.21276,1,High Risk
CUST_03931,20,Other,Self-Employed,76245.07598,154,1066.263558,10,436.0881619,30,624.4801455,14,3,1,829,1,20972.78902,1,0,0,9919.478256,0,Low Risk
CUST_03932,55,Female,Self-Employed,33441.6588,122,1246.645333,9,1192.157672,18,0.0,63,2,0,527,0,14548.26403,3,0,0,12778.5805,1,High Risk
CUST_03933,44,Female,Self-Employed,18672.59347,48,2575.479267,5,793.4131126,5,528.0913693,56,9,9,376,5,9979.370286,6,0,0,9056.219024,1,High Risk
CUST_03934,56,Other,Employed,23571.27163,142,2289.307016,8,811.7963343,33,590.1460672,19,15,8,589,2,9707.407454,7,1,0,6253.987886,1,High Risk
CUST_03935,20,Other,Employed,49364.67349,55,1938.574468,2,1129.139849,27,618.3651196,60,2,0,852,5,12585.80445,1,0,0,10237.5137,0,Low Risk
CUST_03936,34,Male,Unemployed,80075.30953,47,82.93452955,7,453.0289883,12,795.7663447,24,18,9,418,4,12947.42156,5,0,0,13446.91562,1,High Risk
CUST_03937,56,Other,Employed,89687.313,34,1585.640424,4,879.9917195,9,556.795327,77,19,4,886,1,11264.81404,2,0,0,10838.00817,0,Low Risk
CUST_03938,32,Female,Self-Employed,61704.16717,20,959.6221238,6,948.2118721,40,701.177418,26,14,8,476,0,12584.20536,5,0,0,14064.8037,1,High Risk
CUST_03939,59,Male,Unemployed,32337.57293,15,734.7909503,11,609.0511474,44,309.8046581,46,4,8,517,1,11856.52194,6,0,0,9210.948741,1,High Risk
CUST_03940,27,Female,Employed,34248.3484,134,1212.249331,2,1028.330683,6,58.81048336,27,10,5,880,5,3289.163915,0,1,0,1588.907174,1,High Risk
CUST_03941,24,Male,Employed,65765.07192,25,2337.660049,7,966.9931097,17,269.0743778,5,8,2,311,0,12887.30139,7,0,0,11831.95539,1,High Risk
CUST_03942,28,Female,Employed,73969.43774,64,2210.622153,1,764.5881507,21,314.3549279,40,12,1,412,2,6752.178849,3,0,0,11636.86389,1,High Risk
CUST_03943,20,Other,Employed,38444.0541,56,1004.388673,7,753.7471885,13,269.3832046,58,10,2,619,3,13239.13748,7,0,0,15670.33253,1,High Risk
CUST_03944,55,Female,Self-Employed,75640.10891,204,1567.696258,1,983.2416803,35,194.0922167,77,13,0,325,4,14936.51064,0,0,0,4496.523129,1,High Risk
CUST_03945,54,Male,Employed,45867.91689,185,1162.751973,6,1075.964864,7,260.6127977,60,0,2,690,4,19063.66366,1,0,0,9081.74757,0,Low Risk
CUST_03946,21,Female,Self-Employed,62857.11157,71,1307.946786,1,822.0149711,11,389.8647282,79,8,1,354,1,11799.79201,5,0,0,8865.459358,1,High Risk
CUST_03947,59,Male,Self-Employed,70618.40576,170,2298.044714,6,1192.066311,39,244.9261532,48,12,7,507,4,8170.684523,0,0,0,6970.579124,1,High Risk
CUST_03948,42,Female,Self-Employed,23328.17872,16,1449.476002,0,1030.484087,47,1141.83264,4,1,9,890,0,17066.20892,4,0,0,1602.209936,1,High Risk
CUST_03949,28,Other,Unemployed,58125.8978,100,94.25083486,5,174.0376176,32,150.0625747,10,3,6,739,5,12380.59831,1,0,0,6455.637797,0,Low Risk
CUST_03950,53,Other,Self-Employed,75715.56579,30,1610.9517,9,308.2861559,23,609.9819524,39,15,0,450,2,23781.53344,0,0,0,6899.282521,1,High Risk
CUST_03951,65,Female,Employed,39908.02963,202,2953.09505,6,1213.782327,41,364.7924726,69,9,0,762,5,3491.665543,1,0,0,6109.000394,0,Low Risk
CUST_03952,33,Female,Unemployed,30981.53416,210,940.0010082,3,713.629404,38,634.2060864,38,5,4,627,2,8519.952848,0,0,0,9832.113354,0,Low Risk
CUST_03953,23,Female,Employed,58906.13784,97,2738.834058,10,857.461538,13,439.4808421,69,8,3,497,5,7720.440742,0,0,0,15120.0817,1,High Risk
CUST_03954,49,Male,Self-Employed,52401.97902,73,1993.971856,10,1198.751681,48,712.6835474,19,1,7,803,1,23064.9346,5,0,0,11367.98382,1,High Risk
CUST_03955,50,Female,Employed,44108.52744,69,2441.008274,0,797.7560739,4,400.1005709,3,0,7,519,0,14729.19543,5,0,0,4291.262772,1,High Risk
CUST_03956,57,Female,Unemployed,49960.17122,159,2200.353643,11,813.0436634,18,521.8287838,12,11,2,603,4,774.3569937,5,0,0,12600.15291,1,High Risk
CUST_03957,30,Male,Unemployed,19934.7079,102,1642.235784,5,495.9447685,2,0.0,48,15,4,810,0,1239.868001,1,0,0,13107.63392,0,Low Risk
CUST_03958,54,Other,Employed,57280.55581,63,1009.404418,3,929.4980775,0,156.3150726,75,1,6,832,4,17153.75044,2,0,0,10675.96133,0,Low Risk
CUST_03959,27,Female,Employed,78666.7614,105,1640.539466,2,1005.279277,39,111.4442142,8,12,7,703,0,5652.956687,6,0,0,15372.32259,1,High Risk
CUST_03960,22,Female,Employed,37135.83578,198,1686.545561,3,597.741357,40,879.1011989,58,7,2,662,4,12031.99866,1,0,0,7279.24108,0,Low Risk
CUST_03961,33,Other,Unemployed,35088.49525,139,2277.247691,5,477.2925176,36,733.0118853,2,0,7,370,4,10760.69778,3,0,0,17845.31524,1,High Risk
CUST_03962,32,Other,Self-Employed,53106.11139,121,10.0,4,1719.201239,32,548.7167464,10,4,9,393,2,23869.57982,3,0,0,9271.332495,1,High Risk
CUST_03963,64,Male,Employed,101225.7941,19,356.103808,1,767.4820356,48,761.3700237,4,9,8,774,3,10578.00405,2,0,0,500.0,0,Low Risk
CUST_03964,51,Female,Self-Employed,69797.89892,51,1689.042659,1,560.7076811,45,246.5469473,34,2,2,884,3,9466.940852,0,0,0,18023.46481,0,Low Risk
CUST_03965,53,Female,Unemployed,48304.85387,193,1766.184393,2,1047.305256,16,871.8863066,23,10,1,527,5,15385.33906,1,0,0,2807.432942,1,High Risk
CUST_03966,64,Male,Employed,50712.77872,214,806.2195133,10,782.2220877,8,524.2367354,69,4,1,646,1,18672.43759,6,0,0,7559.590706,1,High Risk
CUST_03967,38,Other,Employed,71579.24376,80,1785.822331,5,419.9817869,30,440.4208011,5,11,4,474,5,12735.3349,7,0,0,6063.527225,1,High Risk
CUST_03968,57,Male,Unemployed,33631.24554,48,2042.684568,11,969.0687501,34,753.7046417,41,11,9,516,3,0.0,5,0,0,6761.291979,1,High Risk
CUST_03969,35,Other,Employed,61011.36692,95,1344.23288,0,501.4076608,2,738.8141502,42,12,0,847,1,16852.47322,0,0,0,7983.318122,0,Low Risk
CUST_03970,21,Male,Self-Employed,29885.80984,123,2643.64457,10,1351.760301,12,145.1484187,13,13,5,696,2,3857.782422,0,0,0,12358.23626,0,Low Risk
CUST_03971,59,Other,Unemployed,66648.46405,15,2793.155538,6,973.0766204,36,715.4488655,75,3,6,573,1,2787.164991,7,0,0,10068.63601,1,High Risk
CUST_03972,36,Male,Unemployed,44708.82094,230,1597.427823,7,703.0918514,37,456.779708,24,2,4,414,3,9046.462798,3,0,0,7968.171037,1,High Risk
CUST_03973,53,Other,Employed,53612.49425,47,2172.697928,6,838.2714563,13,569.3400971,17,16,7,502,4,12750.3884,5,0,0,5973.61228,1,High Risk
CUST_03974,61,Other,Unemployed,43540.23047,183,142.9105692,10,1116.150842,5,397.0279303,23,7,5,817,1,20752.31697,6,0,0,7215.822087,1,High Risk
CUST_03975,35,Other,Employed,62576.36077,19,2358.697055,2,865.0864387,28,225.7061405,62,15,0,424,3,0.0,5,0,0,13054.73419,1,High Risk
CUST_03976,57,Other,Employed,46855.7255,49,2672.788938,5,1542.73831,48,161.7183534,78,10,8,607,3,12928.54333,1,0,0,9192.907354,0,Low Risk
CUST_03977,21,Other,Unemployed,88843.49035,64,687.6773621,3,1197.553631,8,345.0077874,0,4,4,497,4,20865.7473,4,0,0,4737.135087,1,High Risk
CUST_03978,21,Female,Employed,75539.61662,180,1993.377886,4,970.6625786,35,608.9717136,14,15,4,814,0,11389.79532,5,0,0,10595.88737,1,High Risk
CUST_03979,45,Other,Self-Employed,26522.80408,45,10.0,2,472.0549443,22,563.7266236,53,8,0,777,3,16625.04782,6,0,0,15810.28702,1,High Risk
CUST_03980,32,Female,Self-Employed,53446.21045,70,870.5817106,4,748.5891636,14,550.7775971,33,12,4,365,2,16120.69169,5,0,0,4309.205132,1,High Risk
CUST_03981,66,Other,Employed,63232.79418,126,1083.743197,5,967.6062395,49,699.2289467,51,7,2,507,5,8583.45292,3,0,0,500.0,1,High Risk
CUST_03982,50,Female,Self-Employed,41753.13209,214,320.1975948,7,511.9985045,46,486.1041641,1,4,9,577,4,15642.3874,5,0,0,8205.436928,1,High Risk
CUST_03983,53,Female,Employed,71824.58067,205,1309.607753,11,1252.699406,49,973.758953,35,8,2,438,0,12703.82696,7,0,0,10719.34082,1,High Risk
CUST_03984,58,Male,Self-Employed,69703.71469,236,1256.830698,5,459.0449304,6,594.3019309,22,5,9,608,4,10093.50712,0,0,0,15064.5707,0,Low Risk
CUST_03985,22,Other,Unemployed,48495.87404,216,1993.421485,8,576.9710057,46,253.265256,23,1,7,631,5,21577.75288,0,0,0,4506.912933,0,Low Risk
CUST_03986,27,Male,Employed,67661.88591,111,288.8817877,9,603.1952853,24,165.4133297,31,6,8,467,1,10952.7104,4,0,0,7057.847479,1,High Risk
CUST_03987,42,Male,Employed,10000.0,202,1998.674204,9,1060.338561,36,583.1429578,50,16,5,846,3,21061.23096,0,0,0,6096.389568,0,Low Risk
CUST_03988,33,Other,Employed,74436.58777,30,868.6654901,9,518.2722715,22,446.3041055,45,11,2,342,3,9954.37909,2,0,0,11219.53487,1,High Risk
CUST_03989,46,Male,Employed,65957.15844,175,477.190799,9,170.0082004,10,211.0579999,12,0,7,570,4,11232.92759,4,0,1,3110.420113,1,High Risk
CUST_03990,48,Other,Employed,30421.80149,171,1342.886608,3,1180.813593,45,460.607308,13,14,2,599,1,10603.67923,5,0,0,14372.12364,1,High Risk
CUST_03991,58,Male,Employed,54533.84648,96,2102.194487,1,644.4648002,7,362.2657979,16,10,6,341,5,18298.27819,0,0,0,10552.24382,1,High Risk
CUST_03992,58,Other,Unemployed,13526.8968,227,1112.632306,11,426.0223287,35,389.0409731,15,9,1,896,4,6812.285436,3,0,0,2425.912041,0,Low Risk
CUST_03993,20,Other,Unemployed,36258.37461,227,1911.124744,8,535.7995064,41,839.3337133,31,15,5,815,2,14768.80486,3,0,0,6748.140137,0,Low Risk
CUST_03994,36,Other,Self-Employed,69721.50809,120,1723.125121,10,1400.866962,38,679.4764839,78,8,7,626,3,14372.4225,6,1,0,8723.622632,1,High Risk
CUST_03995,60,Female,Employed,49768.94915,166,4007.732265,2,570.034706,0,761.9168014,11,11,2,584,3,14407.26904,2,0,0,4731.655281,0,Low Risk
CUST_03996,49,Male,Self-Employed,48772.34649,93,1249.931512,10,756.8211631,43,929.2453789,2,14,8,561,2,24294.20469,4,0,0,4763.082744,1,High Risk
CUST_03997,32,Female,Self-Employed,50814.07143,86,1366.807564,6,643.5785732,12,531.2541532,74,15,8,554,0,10725.01973,4,0,0,4960.153183,1,High Risk
CUST_03998,40,Male,Unemployed,48714.26637,35,2386.338038,3,368.5681098,15,563.1071459,52,0,2,493,5,28392.2154,7,0,0,4853.450209,1,High Risk
CUST_03999,38,Male,Self-Employed,67774.81491,27,1458.63096,11,540.0485032,45,581.6514247,42,5,2,380,3,18728.58427,0,1,0,500.0,1,High Risk
CUST_04000,38,Male,Unemployed,38858.18694,238,1700.789095,11,344.6120575,12,777.4112599,4,12,4,710,5,3319.064635,0,1,0,12072.35793,1,High Risk
CUST_04001,44,Female,Self-Employed,57548.22933,237,94.68301247,0,1134.558446,36,763.5391052,46,0,8,438,4,5164.233191,1,0,0,13754.26704,1,High Risk
CUST_04002,41,Male,Employed,29396.88203,21,1402.467392,7,835.3076726,13,353.2918087,26,12,0,800,0,18163.82348,5,0,0,500.0,1,High Risk
CUST_04003,50,Female,Self-Employed,63339.78611,177,935.9220114,11,1668.937217,12,214.1206169,51,4,0,402,0,7533.676614,2,0,0,8583.868895,1,High Risk
CUST_04004,36,Other,Unemployed,44215.32017,215,1116.393876,3,551.8812463,45,231.201523,55,2,0,843,4,13477.20617,4,0,0,6511.368329,1,High Risk
CUST_04005,42,Male,Unemployed,49262.22441,108,1705.230967,10,499.3989138,11,512.9333844,79,11,3,669,5,7841.74229,0,0,0,6419.86387,0,Low Risk
CUST_04006,51,Male,Unemployed,43480.9231,35,1456.072696,5,1336.815919,27,191.7964645,79,9,6,350,2,9224.343549,7,0,0,3960.4921,1,High Risk
CUST_04007,29,Other,Self-Employed,45758.23879,69,2117.729894,6,1170.291961,21,590.8870199,79,8,1,537,0,10470.59882,5,0,0,6285.629395,1,High Risk
CUST_04008,29,Other,Self-Employed,31914.9279,144,2263.187048,7,934.6677576,19,0.0,67,16,2,339,3,17913.98253,4,0,0,18112.2945,1,High Risk
CUST_04009,55,Male,Unemployed,55926.50112,209,1358.239415,9,410.2079697,46,967.59918,14,5,3,522,1,10647.37874,5,0,0,11385.62669,1,High Risk
CUST_04010,27,Other,Employed,59983.95375,163,1739.584364,1,1410.748694,18,157.1158733,18,13,0,817,0,20561.71869,2,1,0,7620.867888,1,High Risk
CUST_04011,39,Female,Employed,26048.47723,44,10.0,8,774.7638941,10,336.9491637,25,2,1,680,2,6149.155675,3,0,0,1678.819673,0,Low Risk
CUST_04012,51,Female,Self-Employed,39264.80169,216,1751.664291,9,649.263705,29,355.5950362,78,17,1,571,4,16766.77901,2,0,0,5808.491175,1,High Risk
CUST_04013,69,Male,Self-Employed,50540.24917,195,2342.409925,2,1200.035908,25,865.9861088,44,6,5,698,3,13282.7476,4,0,0,7873.383205,1,High Risk
CUST_04014,33,Female,Unemployed,39224.33351,97,772.198661,0,792.1967076,14,498.1902835,9,8,3,705,1,4590.118123,0,1,0,4155.788238,1,High Risk
CUST_04015,69,Female,Self-Employed,45989.21094,49,2104.40766,1,392.01547,29,233.4682461,25,14,6,445,0,8460.862113,4,0,0,8952.426557,1,High Risk
CUST_04016,47,Male,Self-Employed,79089.83133,37,1138.421089,7,814.1059098,28,481.966551,7,18,7,733,2,11293.48098,1,1,0,7370.306495,1,High Risk
CUST_04017,65,Other,Unemployed,31673.06986,119,1038.65134,9,526.5279195,31,511.1997959,79,15,1,528,1,19437.46711,5,0,0,11632.21305,1,High Risk
CUST_04018,43,Male,Unemployed,10000.0,214,2639.350248,5,20.0,29,596.7064367,31,18,1,860,1,11244.51304,2,0,0,4475.773374,0,Low Risk
CUST_04019,34,Female,Self-Employed,39222.68338,162,1473.684539,10,491.4014327,43,226.3228303,20,18,4,753,3,24407.17747,1,0,0,10176.64932,0,Low Risk
CUST_04020,41,Male,Employed,44093.12567,185,2193.452597,0,615.2925502,15,721.12791,44,16,3,662,3,10088.55018,4,0,0,10594.24062,1,High Risk
CUST_04021,49,Male,Self-Employed,41180.18092,184,10.0,10,395.5242117,35,532.5040829,54,5,9,550,0,12590.46011,6,0,0,9243.825706,1,High Risk
CUST_04022,23,Female,Employed,54838.60155,78,1012.130623,8,1001.336286,17,866.6974112,11,0,1,693,0,19933.86624,7,0,0,6905.848701,1,High Risk
CUST_04023,32,Female,Employed,31494.52832,181,2069.277442,6,527.8932849,40,456.62688,47,18,8,594,1,4443.989611,4,0,0,10970.29288,1,High Risk
CUST_04024,42,Male,Employed,28844.9579,210,1599.527567,9,967.4491703,47,481.1351934,58,14,8,869,2,19209.78862,5,0,0,5302.202319,1,High Risk
CUST_04025,27,Female,Unemployed,37859.23086,189,1352.906681,10,368.3380923,38,458.5740534,73,2,9,600,1,8098.558709,1,0,0,500.0,0,Low Risk
CUST_04026,37,Female,Unemployed,38230.72274,202,1983.182154,2,1118.226622,27,812.9170366,69,16,3,327,5,10599.97241,0,0,0,6257.696637,1,High Risk
CUST_04027,31,Female,Unemployed,88175.13706,144,834.9157586,6,353.2311157,18,671.2099636,36,5,1,372,2,13503.17659,0,0,0,8125.562015,1,High Risk
CUST_04028,50,Female,Self-Employed,77944.05586,148,2473.792734,5,20.0,10,317.2151217,30,3,2,612,3,7155.301275,2,0,0,4283.832297,0,Low Risk
CUST_04029,33,Female,Unemployed,19948.51491,130,1329.935808,2,1233.041905,16,1168.851464,2,7,7,379,2,27968.94808,7,0,0,7561.182463,1,High Risk
CUST_04030,53,Female,Unemployed,15263.43957,57,847.4086625,7,500.4371687,20,339.6382451,68,3,7,328,2,13337.08329,5,0,0,500.0,1,High Risk
CUST_04031,37,Other,Self-Employed,48456.44694,224,899.9481468,0,1414.92517,36,368.7163826,58,1,6,610,3,12826.83757,1,0,0,10767.5151,0,Low Risk
CUST_04032,53,Male,Self-Employed,84408.71022,227,1434.760091,4,997.6071654,43,740.9531351,32,9,3,356,4,8462.537993,2,0,0,10657.0867,1,High Risk
CUST_04033,30,Female,Employed,61989.61535,100,1158.818432,7,1076.592161,33,459.8621792,35,11,0,709,5,3949.017839,2,0,0,7877.589464,0,Low Risk
CUST_04034,60,Male,Self-Employed,49408.05741,186,1920.927512,2,1165.915375,32,230.4607132,73,0,9,794,1,18816.64581,7,0,0,13703.96421,1,High Risk
CUST_04035,31,Other,Self-Employed,41790.66309,110,1462.904359,10,839.4377712,28,808.0828384,2,11,8,432,0,10374.51308,7,0,0,3863.311932,1,High Risk
CUST_04036,68,Female,Unemployed,69388.92458,51,1215.214322,9,843.4193962,3,1000.617842,74,9,6,446,2,13984.9932,3,0,0,11547.34607,1,High Risk
CUST_04037,34,Male,Employed,53203.80883,228,1782.714804,10,1248.469008,31,243.7232377,2,11,0,528,0,6142.614224,5,0,1,9762.432654,1,High Risk
CUST_04038,50,Female,Employed,81171.6509,190,1076.366838,11,838.9754735,10,806.1147099,58,18,4,895,5,16883.4188,2,0,0,6043.715931,0,Low Risk
CUST_04039,68,Female,Self-Employed,19621.31248,115,1893.067173,5,545.1381036,25,376.4437632,53,2,2,861,0,10111.83043,5,0,0,7270.282201,1,High Risk
CUST_04040,48,Female,Unemployed,57625.62419,183,1761.114256,9,1005.015496,17,0.0,27,18,1,631,1,2084.776868,5,0,0,7647.234484,1,High Risk
CUST_04041,45,Female,Unemployed,39860.64198,201,1728.194248,10,60.22480497,31,662.9485812,8,6,2,748,4,10263.37563,2,0,0,9206.183018,0,Low Risk
CUST_04042,37,Female,Unemployed,57456.95392,136,1213.641746,1,1261.845581,26,32.13579859,25,0,5,743,4,16673.36467,3,0,0,8574.468745,0,Low Risk
CUST_04043,51,Female,Unemployed,54515.41253,72,996.312647,8,1269.153698,15,317.4538749,28,12,6,741,5,15527.01086,2,0,0,1819.20438,0,Low Risk
CUST_04044,41,Female,Self-Employed,59173.99176,88,2146.965977,1,1219.358334,9,431.2436565,9,8,9,710,5,14302.3739,2,1,1,11684.68101,1,High Risk
CUST_04045,57,Other,Unemployed,67596.47864,138,1991.243448,4,1205.920187,43,491.7728786,26,15,8,512,4,11789.03016,5,0,0,12075.23409,1,High Risk
CUST_04046,36,Other,Employed,75016.26644,231,693.6114342,2,770.5386361,33,773.2893086,62,17,9,408,4,12230.62364,2,0,0,8601.770229,1,High Risk
CUST_04047,42,Female,Employed,85131.01707,145,1153.737788,9,762.6611654,32,346.661439,61,14,6,801,3,8664.855911,1,0,1,12396.00714,1,High Risk
CUST_04048,43,Female,Self-Employed,50284.29742,156,2571.768243,11,369.6259686,9,848.9466799,17,19,0,844,0,18968.75362,3,0,1,4134.220332,1,High Risk
CUST_04049,69,Other,Unemployed,40237.70048,41,2287.206011,8,1411.814438,41,477.1232844,52,14,6,401,0,11696.2851,7,0,0,15407.29106,1,High Risk
CUST_04050,27,Other,Unemployed,27935.20816,133,563.9831026,8,630.2436394,25,228.4503325,16,14,0,780,5,8844.13451,0,0,0,4126.421494,0,Low Risk
CUST_04051,60,Other,Unemployed,57827.95413,187,1509.511132,6,918.9598584,41,648.5669394,48,9,7,720,5,22747.32241,2,0,0,12503.51773,0,Low Risk
CUST_04052,25,Female,Unemployed,65028.51225,12,1835.20368,9,888.915849,24,950.0360169,25,17,1,752,5,19429.34024,7,0,0,8868.458242,1,High Risk
CUST_04053,24,Male,Self-Employed,25727.94052,5,2294.909043,4,330.8532864,1,384.8604929,4,14,1,711,3,12582.69759,1,0,0,9725.421413,0,Low Risk
CUST_04054,63,Male,Unemployed,70603.96972,224,1601.697556,8,189.3637416,25,238.9839687,72,11,0,393,1,9893.958197,1,1,0,13683.05816,1,High Risk
CUST_04055,48,Male,Self-Employed,48175.69441,48,1887.08848,6,801.9553173,19,355.8461783,43,0,8,783,2,10076.41958,1,0,0,10822.34089,0,Low Risk
CUST_04056,47,Male,Unemployed,27395.29788,152,2245.074947,1,641.1853588,2,65.87203518,23,12,7,343,4,6220.256556,3,0,0,4576.725897,1,High Risk
CUST_04057,30,Female,Unemployed,34730.8305,69,2352.555316,9,768.6970993,31,576.4506305,56,16,8,615,4,17716.98717,6,0,0,10430.95656,1,High Risk
CUST_04058,20,Male,Employed,33021.63027,195,1355.385317,0,1172.895471,0,111.9423346,6,16,7,357,3,23033.45812,6,0,0,17540.97607,1,High Risk
CUST_04059,62,Other,Self-Employed,33341.80553,99,1536.447022,9,878.7304527,23,660.3842215,19,6,3,441,4,15438.35452,3,0,0,16464.39423,1,High Risk
CUST_04060,38,Other,Employed,60258.22514,21,893.5581753,9,1065.482889,49,433.407077,55,10,8,689,3,21309.97208,7,0,0,12592.43089,1,High Risk
CUST_04061,28,Male,Self-Employed,65548.89912,230,1281.496684,3,955.8648568,42,673.450667,71,11,7,745,2,17166.17687,4,0,0,10121.50628,1,High Risk
CUST_04062,46,Other,Unemployed,80584.62047,64,1174.070065,9,689.2830324,43,434.2878297,18,8,0,304,0,3181.752276,2,0,0,4487.15228,1,High Risk
CUST_04063,53,Female,Unemployed,37431.99982,100,1349.104718,7,449.3688915,32,621.416061,63,14,9,732,4,20780.69866,0,1,0,9941.360091,1,High Risk
CUST_04064,63,Male,Self-Employed,56173.21281,59,1424.603032,5,892.6512538,37,253.0925738,42,0,4,734,1,10653.53965,0,0,0,7665.015074,0,Low Risk
CUST_04065,23,Male,Employed,38353.53559,97,2150.689264,1,829.3624168,47,569.7454832,43,10,8,422,3,13315.03483,4,1,0,5564.340448,1,High Risk
CUST_04066,55,Female,Self-Employed,50362.23025,109,1779.458252,4,1120.304718,34,335.8746072,24,4,7,317,5,6541.370757,0,0,0,7184.274177,1,High Risk
CUST_04067,37,Other,Self-Employed,23353.15303,90,476.0502985,8,747.1849756,16,652.4035664,16,18,0,784,2,1471.127742,2,0,0,4658.336765,0,Low Risk
CUST_04068,34,Female,Unemployed,29782.45147,206,1940.314006,5,695.9304592,47,464.0008344,38,17,5,810,1,8266.392801,0,0,0,18530.10477,0,Low Risk
CUST_04069,32,Female,Employed,64455.0888,143,1060.975022,5,719.6752157,42,775.5689867,24,17,5,522,0,13645.47721,2,0,0,6282.514495,1,High Risk
CUST_04070,38,Other,Self-Employed,23297.61286,146,628.4788811,6,478.4456777,47,437.0203835,38,17,1,543,1,12773.33305,3,0,1,11639.70305,1,High Risk
CUST_04071,68,Female,Employed,61066.95742,146,586.1903136,10,1306.418481,43,312.8722194,38,19,1,308,3,16781.45191,6,0,0,8051.179676,1,High Risk
CUST_04072,25,Other,Employed,37829.31706,117,1635.822456,4,1198.870064,32,533.8743558,58,6,0,645,4,13740.82988,3,0,0,2268.23934,0,Low Risk
CUST_04073,67,Other,Self-Employed,15340.34508,121,2348.736446,2,375.4395599,10,1086.135877,65,13,5,421,0,12917.43392,2,0,0,7628.585489,1,High Risk
CUST_04074,31,Female,Employed,10000.0,54,1331.351953,2,1081.38185,22,769.3504039,15,0,8,779,3,8736.404799,6,0,0,8336.707491,1,High Risk
CUST_04075,56,Other,Unemployed,76342.30424,214,2249.813643,4,154.2482276,37,299.6548689,52,19,7,597,2,24145.56789,6,0,0,14840.78911,1,High Risk
CUST_04076,36,Female,Unemployed,15702.50358,43,1568.538737,3,1144.851232,31,499.1231417,77,8,4,664,1,23817.39375,5,0,1,7540.4753,1,High Risk
CUST_04077,42,Other,Unemployed,48841.29291,50,10.0,4,556.2773421,18,333.580212,28,15,7,625,1,13608.40557,2,0,0,3418.466822,0,Low Risk
CUST_04078,45,Male,Unemployed,56371.1143,93,1989.719003,8,925.9651952,11,282.3226322,65,5,1,408,0,3688.343218,3,0,0,2906.509651,1,High Risk
CUST_04079,48,Other,Employed,26362.35988,41,1066.260062,4,124.6716087,27,503.6121212,9,6,5,842,0,14216.5375,2,0,1,12675.17668,1,High Risk
CUST_04080,52,Other,Unemployed,40036.54337,15,851.5699511,3,380.4535189,1,435.4002042,1,17,1,421,2,4440.883506,4,0,0,5135.531693,1,High Risk
CUST_04081,46,Female,Self-Employed,58618.83038,134,1994.312805,3,964.0460385,9,239.7453815,12,0,7,574,2,3616.097928,3,0,0,8436.424356,1,High Risk
CUST_04082,44,Other,Unemployed,55279.69133,98,1607.0879,0,554.6821358,18,335.3544274,53,15,1,370,0,17997.67971,0,0,0,500.0,1,High Risk
CUST_04083,29,Male,Self-Employed,41709.6398,111,1446.185715,9,506.0129954,27,513.4583944,1,17,4,474,3,6875.423511,3,0,0,15583.02746,1,High Risk
CUST_04084,66,Male,Self-Employed,54264.28333,106,1577.64189,3,1288.551594,46,355.4511684,41,17,6,592,3,9046.945702,0,0,0,3715.725985,0,Low Risk
CUST_04085,42,Other,Unemployed,48159.77604,100,822.3269525,11,1573.835724,7,496.1669666,13,18,6,774,0,17506.99093,7,0,0,12120.59908,1,High Risk
CUST_04086,40,Other,Unemployed,32532.50157,233,2915.968697,3,1127.954878,42,325.3663196,50,12,3,318,1,14847.23323,0,0,0,12935.50676,1,High Risk
CUST_04087,40,Male,Employed,71608.82822,45,1638.059958,8,417.8417999,22,617.018232,48,18,7,392,5,16203.68668,4,0,0,17588.97393,1,High Risk
CUST_04088,62,Female,Self-Employed,53733.57053,211,1626.91192,10,1417.231766,47,328.2861671,37,2,6,708,4,22798.37525,3,0,0,3410.648712,0,Low Risk
CUST_04089,32,Male,Unemployed,16843.43881,90,1430.362008,3,253.4987091,44,658.5384435,33,19,9,352,2,8799.37254,3,0,0,8320.82872,1,High Risk
CUST_04090,56,Male,Employed,59390.14369,95,206.7695701,6,693.4279911,29,426.8780156,28,16,4,784,3,14043.19594,7,0,0,21298.92593,1,High Risk
CUST_04091,52,Other,Unemployed,38920.7147,176,960.3475524,0,819.1722184,27,0.0,63,10,3,886,4,21016.89313,4,0,0,5342.823236,1,High Risk
CUST_04092,43,Other,Unemployed,44790.14857,222,520.981749,6,1473.413245,12,434.0098408,22,16,1,857,1,6461.816391,6,0,0,7680.112055,1,High Risk
CUST_04093,63,Male,Unemployed,50147.50702,128,444.2735465,1,1119.430698,36,626.2652943,22,11,1,714,2,11208.98839,7,0,0,11495.56809,1,High Risk
CUST_04094,30,Female,Self-Employed,35726.94495,111,266.7500373,11,637.6848068,11,361.8235252,15,11,3,847,3,17181.10193,3,0,0,12308.8178,0,Low Risk
CUST_04095,36,Male,Unemployed,82454.68153,49,991.8331788,10,469.2653052,9,450.960687,43,19,7,431,3,4608.569501,6,0,0,16703.09051,1,High Risk
CUST_04096,23,Male,Employed,23120.28095,216,1516.38692,7,1150.767429,16,656.1238197,59,15,5,542,1,13380.90242,0,0,0,5658.969394,1,High Risk
CUST_04097,66,Female,Unemployed,51020.37459,94,362.2445431,0,613.324365,0,879.9719802,70,0,8,390,1,10273.75016,5,0,0,5739.350152,1,High Risk
CUST_04098,44,Male,Unemployed,56864.32846,183,2059.874788,9,875.8590308,21,788.4158134,64,19,1,645,3,6559.684027,5,0,0,8738.351659,1,High Risk
CUST_04099,49,Male,Employed,50741.82995,155,1737.967319,2,320.5782288,14,527.2082841,18,12,6,663,3,19219.39669,6,0,0,15663.91242,1,High Risk
CUST_04100,28,Other,Employed,46562.25545,43,1314.632941,7,999.2402493,15,639.9289512,44,1,0,421,4,17510.82407,2,0,0,5319.923035,1,High Risk
CUST_04101,40,Female,Self-Employed,43213.76091,5,3229.674556,9,971.043301,19,522.5274222,0,15,1,658,1,15206.20777,5,0,0,6635.158762,1,High Risk
CUST_04102,39,Other,Self-Employed,35542.76098,123,1307.521314,7,365.4329784,9,124.4610562,11,6,8,413,5,16245.06597,5,0,0,5560.657465,1,High Risk
CUST_04103,38,Other,Self-Employed,35223.56315,79,2138.568326,10,1161.06809,41,816.5510887,24,1,7,718,1,9600.657138,4,0,0,7121.535952,1,High Risk
CUST_04104,38,Female,Self-Employed,70853.78212,97,1667.572665,4,994.1610329,25,829.0053771,9,17,8,822,4,12321.27368,5,0,0,5761.465505,1,High Risk
CUST_04105,31,Female,Employed,42048.55898,15,2650.989922,4,1059.008488,48,80.94247211,65,16,6,486,1,7071.260548,4,0,0,9779.43974,1,High Risk
CUST_04106,56,Male,Unemployed,88379.342,107,2367.66783,7,667.4624575,22,404.3695558,32,15,9,377,0,16638.66927,7,0,0,6918.114132,1,High Risk
CUST_04107,61,Other,Unemployed,62040.92574,20,1259.998947,9,862.634744,16,883.6323632,1,19,8,881,2,6572.592877,6,0,0,12681.06851,1,High Risk
CUST_04108,36,Female,Unemployed,10000.0,39,1289.055243,4,822.1826041,33,554.7985963,3,17,3,786,0,9007.53669,7,0,0,8055.722604,1,High Risk
CUST_04109,56,Other,Self-Employed,65898.66229,173,426.8678617,8,748.1403583,40,250.1632289,22,19,2,304,5,5863.293317,2,0,0,500.0,1,High Risk
CUST_04110,67,Other,Employed,49043.1235,164,1592.7638,0,859.6761474,21,804.5531011,40,15,3,602,1,13301.14416,7,0,0,15076.68034,1,High Risk
CUST_04111,58,Female,Employed,24980.86855,211,2023.712582,4,1239.755041,3,529.0176537,37,0,4,389,4,10445.64945,0,0,0,11703.31123,1,High Risk
CUST_04112,47,Male,Employed,73476.5936,57,1450.502418,2,1176.232724,6,823.8777388,55,4,9,861,3,14415.1591,2,0,0,13373.90923,0,Low Risk
CUST_04113,60,Other,Unemployed,42153.4952,54,2620.484849,2,386.3487629,4,521.3339013,75,14,3,654,1,8020.127669,3,0,0,6751.387919,0,Low Risk
CUST_04114,54,Female,Self-Employed,40623.21751,215,1616.089271,1,1144.890636,30,0.0,43,12,3,501,3,7470.022162,2,0,0,17300.42255,1,High Risk
CUST_04115,66,Male,Employed,56753.4203,38,2497.92873,2,1216.90018,18,951.73214,63,4,6,394,2,14624.903,4,0,0,11419.61955,1,High Risk
CUST_04116,67,Other,Self-Employed,70570.94611,184,1369.486453,6,747.0878143,3,223.1491136,23,17,3,890,0,11194.48887,1,0,0,11427.71003,0,Low Risk
CUST_04117,37,Female,Employed,52041.47357,189,572.3700903,7,977.9564863,49,390.7061867,40,19,3,467,2,29049.12014,3,0,0,500.0,1,High Risk
CUST_04118,33,Other,Self-Employed,50752.74826,116,1000.007852,11,972.9005836,21,800.2557757,27,4,8,729,3,15913.45869,6,0,1,7231.851053,1,High Risk
CUST_04119,54,Female,Employed,37456.41174,54,1474.241195,7,502.5116842,2,1070.182924,61,15,8,657,2,12845.87455,5,0,0,10913.30534,1,High Risk
CUST_04120,63,Female,Self-Employed,70263.62328,234,900.363009,10,666.3152994,22,483.5361083,14,10,4,413,3,19784.4048,5,0,0,9400.125337,1,High Risk
CUST_04121,60,Other,Employed,52214.91416,21,175.9471084,7,1062.783584,3,589.4213822,61,10,8,831,0,18012.14352,6,0,0,5496.846719,1,High Risk
CUST_04122,26,Other,Employed,45942.02371,142,10.0,0,626.4622171,45,203.5962508,9,2,1,899,3,13100.27909,5,0,0,500.0,1,High Risk
CUST_04123,60,Female,Self-Employed,43708.87621,94,2311.126091,10,1141.424846,23,430.7979208,28,18,4,804,0,30275.51372,2,0,0,8850.139596,0,Low Risk
CUST_04124,32,Male,Self-Employed,68482.86072,141,1808.266273,6,1256.740354,13,774.4354053,30,9,6,625,1,18935.28903,2,0,0,9475.129487,0,Low Risk
CUST_04125,37,Other,Unemployed,45278.17527,50,1720.526807,1,1200.285145,48,576.9783368,62,1,7,596,3,5317.795265,0,0,0,14591.16829,0,Low Risk
CUST_04126,56,Female,Self-Employed,68529.15713,103,1634.685547,10,1492.931611,40,933.7306111,17,16,4,667,2,9997.233014,6,0,0,10911.17116,1,High Risk
CUST_04127,32,Female,Employed,41511.65534,222,1062.052025,9,768.2437012,2,150.87811,6,2,8,694,4,1256.270289,3,0,0,8897.660749,0,Low Risk
CUST_04128,55,Male,Employed,63001.49871,101,2135.466954,3,862.0203759,46,140.4745942,26,2,2,329,2,3213.318936,0,0,1,8573.954019,1,High Risk
CUST_04129,50,Male,Self-Employed,53727.73125,238,108.5781766,4,912.2320667,20,328.8305976,8,7,7,686,5,29900.43681,4,0,0,8780.79597,1,High Risk
CUST_04130,21,Male,Unemployed,32886.41021,209,10.0,11,778.8607263,25,340.8972044,19,15,8,353,4,20110.36388,4,0,0,5972.582469,1,High Risk
CUST_04131,35,Other,Self-Employed,48434.43024,146,1338.680396,0,989.7626409,0,739.1867333,49,11,6,309,2,1894.768957,0,0,0,6091.944664,1,High Risk
CUST_04132,28,Female,Employed,10569.1475,239,1603.758534,3,201.0785898,29,397.2891061,60,18,4,564,3,11966.82399,3,0,0,8933.044282,1,High Risk
CUST_04133,28,Female,Employed,36607.28286,201,792.7086599,3,871.716886,3,205.5402365,66,0,8,434,1,9866.046394,7,0,0,13738.64632,1,High Risk
CUST_04134,57,Female,Unemployed,21599.48471,49,225.3364743,8,317.8971725,13,599.3413378,73,18,7,872,5,27909.9226,0,0,0,11600.8776,0,Low Risk
CUST_04135,30,Male,Self-Employed,85955.00168,69,1972.532154,8,463.0818528,17,307.8178448,16,3,7,825,3,0.0,5,0,0,10330.56779,1,High Risk
CUST_04136,41,Female,Employed,21811.44891,33,1170.857038,10,1056.511434,11,226.6056449,20,16,5,557,0,8191.136655,7,0,0,1489.166401,1,High Risk
CUST_04137,52,Other,Employed,96544.23129,78,2055.270772,9,730.3093165,37,765.0350428,72,18,1,705,1,8254.231672,7,0,0,12355.32417,1,High Risk
CUST_04138,55,Male,Employed,59257.03159,10,2544.563928,0,1044.165066,41,823.487845,31,3,3,743,5,7721.392868,0,1,0,9795.786249,1,High Risk
CUST_04139,64,Male,Self-Employed,40660.39098,219,217.1318733,7,722.7281887,35,744.7160806,47,14,0,600,3,13546.43862,3,0,0,19250.91662,0,Low Risk
CUST_04140,42,Male,Self-Employed,64514.48181,191,1670.654499,3,1187.242211,15,291.3967539,37,6,9,325,1,17329.70185,4,0,0,8422.352151,1,High Risk
CUST_04141,64,Male,Unemployed,38398.73506,46,1699.674478,3,716.321753,0,352.6592659,27,19,4,742,0,8873.244793,1,0,0,11316.12707,0,Low Risk
CUST_04142,64,Other,Employed,24628.12015,180,2095.540553,4,115.7785287,2,635.9771256,59,16,9,338,5,11538.32766,0,1,0,10306.16614,1,High Risk
CUST_04143,53,Female,Employed,51423.26483,37,1073.269917,1,878.8874037,38,685.5362242,69,8,0,545,4,6271.583654,5,0,0,7933.933637,1,High Risk
CUST_04144,28,Other,Unemployed,62601.30853,206,1544.664555,0,40.899054,34,442.5595561,57,6,5,507,5,6758.100723,7,0,0,8140.096815,1,High Risk
CUST_04145,43,Female,Employed,73011.39611,191,2086.934223,4,291.5476841,14,801.26894,69,3,9,500,1,14466.67081,5,0,0,5977.929443,1,High Risk
CUST_04146,27,Other,Unemployed,58959.14197,215,1850.200705,6,490.9687149,37,0.0,52,16,7,480,1,15466.92825,0,0,0,10865.46945,1,High Risk
CUST_04147,26,Male,Unemployed,40471.78057,220,2747.158025,9,447.3016828,15,356.8170212,9,14,9,680,0,934.3081034,2,0,0,2425.604698,0,Low Risk
CUST_04148,55,Male,Employed,74952.96948,185,805.2376244,8,609.2322185,16,1053.857818,1,8,0,473,5,7628.694214,3,1,0,20795.25733,1,High Risk
CUST_04149,37,Other,Self-Employed,70933.56487,196,1665.619565,11,435.2762618,33,496.4572455,24,15,5,618,3,10063.7964,2,0,0,7653.693102,0,Low Risk
CUST_04150,22,Other,Self-Employed,54842.3155,16,1430.973478,11,307.9165677,9,380.5763993,37,5,3,414,4,9687.990893,4,0,0,5860.080452,1,High Risk
CUST_04151,47,Female,Self-Employed,71793.99944,112,1334.787301,1,1339.642511,10,618.5625225,0,16,8,602,1,10416.01835,2,0,0,7330.239454,0,Low Risk
CUST_04152,25,Other,Self-Employed,89326.5856,6,1970.511,11,562.6494088,27,260.9210151,79,6,7,441,1,0.0,3,0,0,12513.484,1,High Risk
CUST_04153,63,Other,Employed,40215.48908,147,1592.515658,7,20.0,26,0.0,75,16,3,827,1,18434.93061,0,0,0,11397.24361,0,Low Risk
CUST_04154,63,Female,Unemployed,33805.80172,114,647.2397745,6,673.6785694,37,1250.6448,72,13,1,447,1,11537.34235,0,0,0,8075.075517,1,High Risk
CUST_04155,40,Female,Unemployed,39691.59457,71,2262.16606,1,406.3441297,17,285.2941665,12,14,5,800,5,28848.02717,1,0,0,6338.67343,0,Low Risk
CUST_04156,47,Female,Employed,25706.29946,154,1972.207612,4,490.2613304,46,555.5960736,70,19,2,686,0,15769.50119,4,0,0,3498.916474,1,High Risk
CUST_04157,59,Other,Self-Employed,60641.86612,51,2679.752749,6,1048.619868,47,543.4328477,0,17,0,328,1,14295.58962,0,0,0,8010.3713,1,High Risk
CUST_04158,20,Female,Unemployed,21021.74238,57,2081.695677,2,643.1448334,29,623.8023186,30,18,6,559,4,6857.263149,2,0,0,9875.687059,1,High Risk
CUST_04159,55,Male,Employed,72770.25621,201,1329.182193,1,396.5911896,12,301.595329,66,17,3,413,0,8510.201128,1,0,0,500.0,1,High Risk
CUST_04160,40,Male,Employed,37900.73055,153,1335.306575,5,956.1887285,15,0.0,55,13,8,307,5,16814.94255,1,0,0,12555.3874,1,High Risk
CUST_04161,62,Male,Self-Employed,74456.74038,83,2328.640665,9,1202.479291,1,336.1498569,18,19,9,603,1,10340.30514,6,0,0,10583.5758,1,High Risk
CUST_04162,54,Other,Employed,10000.0,142,886.3104095,5,987.9052569,19,507.6408077,3,4,9,554,5,7840.644128,4,0,0,6825.507644,1,High Risk
CUST_04163,32,Male,Unemployed,43066.6227,141,776.0901807,10,20.0,11,525.6437428,27,6,2,383,4,23335.41158,7,1,0,8353.324116,1,High Risk
CUST_04164,68,Other,Unemployed,26725.81252,117,1676.300645,3,409.7536742,28,890.7506959,43,11,9,315,2,14236.21367,1,1,0,4345.973642,1,High Risk
CUST_04165,29,Other,Employed,74360.38861,77,304.7324222,0,816.6069857,45,428.9831509,29,16,9,602,2,16764.02512,5,0,0,8763.396524,1,High Risk
CUST_04166,63,Male,Unemployed,80222.44637,100,1778.964278,4,714.4952082,7,552.0608414,35,18,9,395,4,10156.28898,3,0,0,500.0,1,High Risk
CUST_04167,66,Female,Employed,10000.0,129,1875.748068,0,685.4536961,37,301.8921473,52,15,0,421,1,19318.5778,7,0,0,12709.25055,1,High Risk
CUST_04168,29,Other,Unemployed,65585.50805,113,1302.884931,10,456.0351575,45,350.4801486,58,1,1,525,1,8818.05749,2,0,0,7293.961635,1,High Risk
CUST_04169,65,Male,Self-Employed,69236.37237,103,2626.433293,10,308.0455709,46,1000.877527,67,11,3,328,0,19142.65826,1,0,0,500.0,1,High Risk
CUST_04170,32,Other,Unemployed,55862.32145,116,2402.377847,7,1502.723601,19,321.4459561,74,16,6,887,1,9309.914912,0,0,0,13040.99708,0,Low Risk
CUST_04171,56,Female,Self-Employed,60586.93957,31,877.4305117,1,809.4888336,34,405.3627999,3,2,7,623,0,21809.02839,2,0,0,6190.973875,0,Low Risk
CUST_04172,57,Female,Self-Employed,59288.99027,64,2024.609519,8,1024.742626,38,771.4346221,10,7,3,418,1,19865.26401,7,0,0,5785.183103,1,High Risk
CUST_04173,43,Male,Employed,65651.15268,55,2287.633213,8,802.1879108,30,976.5020193,52,4,2,470,5,9486.221723,4,0,0,6332.551278,1,High Risk
CUST_04174,21,Other,Self-Employed,30335.59327,119,1566.214945,2,816.2220445,15,702.5841195,53,16,9,333,3,25651.0694,7,0,0,5778.974717,1,High Risk
CUST_04175,41,Other,Unemployed,71608.8982,178,1154.550829,5,778.2638101,22,703.3739196,44,13,8,604,3,12870.85653,7,0,0,10916.85636,1,High Risk
CUST_04176,36,Other,Unemployed,53768.23405,230,612.970213,8,407.8439493,33,186.9741888,16,13,7,487,4,22341.31977,1,0,0,7586.470774,1,High Risk
CUST_04177,55,Other,Self-Employed,52688.00912,93,1053.417817,6,269.9286897,31,628.6888739,63,3,5,350,5,5283.81456,2,0,0,6288.447873,1,High Risk
CUST_04178,33,Male,Employed,60199.24909,108,630.7933747,3,935.1788808,16,423.145934,57,14,8,820,3,16232.74389,0,0,0,6771.856024,0,Low Risk
CUST_04179,29,Female,Self-Employed,27126.1618,88,2229.972912,2,865.7448425,42,618.2030202,12,1,7,432,2,14410.58908,1,1,0,13751.26781,1,High Risk
CUST_04180,54,Male,Unemployed,22038.04067,130,1295.887772,1,1128.398314,23,430.1882743,50,3,6,665,2,9679.811511,4,0,0,5203.437339,1,High Risk
CUST_04181,44,Other,Unemployed,47821.42108,196,1917.321425,9,1057.376289,34,357.2063859,51,16,5,491,0,17782.77371,4,0,0,7815.243961,1,High Risk
CUST_04182,22,Other,Self-Employed,77783.70076,102,2508.241509,9,517.0207325,22,135.4184841,14,2,9,827,2,19835.50471,6,0,0,3702.058213,1,High Risk
CUST_04183,66,Female,Self-Employed,28663.11268,178,1669.743116,0,1196.406958,7,479.1227187,3,15,2,486,1,15235.34984,4,0,0,13803.74679,1,High Risk
CUST_04184,57,Other,Self-Employed,53152.77993,96,2441.659891,10,1067.759518,22,542.9732161,8,11,5,483,0,14375.7794,5,1,0,5244.309063,1,High Risk
CUST_04185,36,Male,Unemployed,37099.68966,189,1219.552706,9,1041.794549,20,0.0,66,19,3,492,5,13609.63572,1,0,0,15076.34419,1,High Risk
CUST_04186,31,Male,Unemployed,34682.38827,201,1809.164704,10,1587.264377,18,346.6531195,73,2,4,383,3,15161.46519,1,0,0,19162.74358,1,High Risk
CUST_04187,43,Female,Unemployed,59013.47059,187,1664.325553,0,1515.385567,30,433.8864537,56,4,6,693,3,16817.07321,1,0,0,11354.70208,0,Low Risk
CUST_04188,48,Male,Employed,63668.75899,78,938.7874284,11,1041.469818,49,643.3138891,28,15,6,802,2,16515.4431,0,0,0,5180.421542,0,Low Risk
CUST_04189,62,Male,Unemployed,35824.07356,5,1252.529675,3,997.819022,6,352.5068189,46,6,8,361,2,15654.95031,5,0,0,3850.969499,1,High Risk
CUST_04190,44,Male,Unemployed,74970.50461,83,2632.151343,3,1178.579314,47,657.1494967,4,19,8,332,1,9351.759211,6,0,0,13524.28232,1,High Risk
CUST_04191,55,Male,Employed,57605.06528,107,1224.103592,8,595.6161806,23,570.1392296,69,15,5,792,3,18073.46933,4,0,0,9463.756575,1,High Risk
CUST_04192,45,Other,Employed,45649.79664,34,169.8901075,9,600.5597598,45,717.3221863,63,16,5,442,2,15469.0252,2,0,0,8132.216526,1,High Risk
CUST_04193,57,Male,Employed,56255.32465,10,1223.010913,0,1035.697492,7,367.5090053,58,1,1,640,3,14340.15975,5,1,0,10524.22389,1,High Risk
CUST_04194,20,Female,Employed,86654.25526,89,897.6564403,10,500.2333688,12,429.405108,34,11,7,661,3,10689.34103,2,0,0,3956.358625,0,Low Risk
CUST_04195,39,Female,Employed,63563.55352,232,1864.738239,3,1007.46932,2,642.5740463,4,12,2,422,2,17943.45829,7,0,0,7194.048571,1,High Risk
CUST_04196,47,Male,Employed,37423.45517,32,1991.835066,2,854.8912583,33,244.8495227,49,4,0,797,3,0.0,1,0,0,3871.737964,0,Low Risk
CUST_04197,35,Female,Self-Employed,49663.26509,145,1786.503136,8,500.3334634,12,483.3406895,59,15,3,414,2,11672.13437,4,0,0,9819.340967,1,High Risk
CUST_04198,66,Male,Self-Employed,52362.83968,76,1172.419144,4,809.0532786,31,747.5298228,14,7,4,656,4,9675.386569,6,0,0,11191.68314,1,High Risk
CUST_04199,36,Female,Self-Employed,61976.42218,185,1547.347067,8,1256.778557,34,333.3201925,23,13,2,693,2,9151.820176,4,1,0,13220.19625,1,High Risk
CUST_04200,59,Female,Self-Employed,54311.85898,125,1247.782761,9,828.8296577,20,582.0102389,20,7,6,803,3,10432.86576,1,0,0,5341.133841,0,Low Risk
CUST_04201,47,Male,Unemployed,84115.83036,123,342.5359458,5,830.2916767,0,499.5612641,1,17,4,891,4,5811.042983,0,0,0,12805.82861,0,Low Risk
CUST_04202,31,Male,Employed,45919.64428,40,1410.31843,10,915.1448476,1,867.106778,44,19,9,435,3,9932.529006,2,0,0,500.0,1,High Risk
CUST_04203,46,Other,Unemployed,18861.69745,145,3609.329689,8,960.715983,41,520.443531,9,11,4,664,3,4944.551498,2,0,0,3280.685452,0,Low Risk
CUST_04204,61,Male,Employed,53861.51425,160,676.5994375,0,684.2058369,42,633.4305317,44,10,5,563,4,14486.84701,3,0,0,11071.07838,1,High Risk
CUST_04205,66,Male,Employed,42059.74641,176,16.12404156,3,922.5913668,25,458.2442858,36,15,5,440,5,17652.20259,7,1,0,10647.94864,1,High Risk
CUST_04206,49,Other,Unemployed,22927.44218,194,2639.154705,3,432.8253741,2,370.5132531,22,14,8,387,1,18308.21417,6,0,0,10023.0133,1,High Risk
CUST_04207,60,Male,Self-Employed,37336.56833,156,1858.922857,9,520.3251301,23,556.649445,44,12,2,759,4,15292.03194,7,0,0,1032.327932,1,High Risk
CUST_04208,53,Male,Unemployed,43549.01657,117,1738.352377,9,565.0978122,25,358.1211426,40,17,7,536,5,8634.452252,1,0,1,12958.27103,1,High Risk
CUST_04209,56,Other,Unemployed,70516.47589,111,1213.138646,5,964.4169414,7,758.4951092,64,0,6,809,5,5367.093275,2,0,0,9604.269002,0,Low Risk
CUST_04210,25,Male,Employed,23301.53028,80,1681.002352,9,856.0814896,46,793.975634,60,0,8,870,3,8093.945104,6,0,0,9037.428929,1,High Risk
CUST_04211,26,Male,Employed,56296.13482,197,1541.414072,0,752.974148,36,517.9977753,5,0,4,474,3,10098.62858,2,0,1,11504.19906,1,High Risk
CUST_04212,51,Other,Employed,89968.65119,38,2548.613334,9,1041.769496,7,389.6777479,64,8,6,871,1,8217.280544,0,1,0,6238.583977,1,High Risk
CUST_04213,51,Other,Self-Employed,46852.49056,92,2233.56166,4,932.601729,17,556.9117503,17,13,7,468,4,26572.70394,5,0,0,13678.00687,1,High Risk
CUST_04214,44,Female,Unemployed,46323.67119,208,1981.791316,2,698.508127,17,181.4019915,39,17,8,351,2,16229.38764,1,0,0,9429.164239,1,High Risk
CUST_04215,52,Male,Unemployed,62955.97735,161,953.8248403,0,437.669205,11,310.7429666,37,0,7,527,3,15475.22227,1,0,0,9952.618386,1,High Risk
CUST_04216,26,Female,Self-Employed,59399.26873,208,1683.167705,5,513.1019196,35,227.1947203,44,19,1,547,4,13864.67161,5,0,0,11745.84366,1,High Risk
CUST_04217,31,Female,Unemployed,75516.12003,42,1007.668602,2,286.6166871,39,314.4832245,16,10,5,631,0,8983.33145,6,0,0,622.4130731,1,High Risk
CUST_04218,35,Other,Unemployed,46991.9997,76,2482.774007,3,849.1993426,1,346.6728694,12,1,3,737,3,12826.05554,7,1,0,6196.402801,1,High Risk
CUST_04219,35,Male,Employed,62639.47241,203,928.0140335,11,498.2514261,19,178.5535897,9,18,3,335,2,16180.71086,5,1,0,6518.112048,1,High Risk
CUST_04220,62,Male,Self-Employed,62925.8142,48,1392.391454,8,626.6369563,2,433.4611794,30,1,8,632,3,17786.78112,5,0,0,5166.968323,1,High Risk
CUST_04221,55,Other,Employed,43959.99392,234,630.5917242,1,755.3432618,39,451.6822515,49,18,6,398,5,13783.44571,7,0,0,9428.125456,1,High Risk
CUST_04222,32,Female,Self-Employed,47948.35658,109,1101.491921,0,1165.398317,43,643.1966252,22,1,5,368,4,16576.55422,6,0,0,6480.016,1,High Risk
CUST_04223,26,Other,Employed,49798.41491,172,1092.456219,9,1125.076709,33,526.3898722,44,5,1,440,1,9121.359577,2,0,0,12002.70881,1,High Risk
CUST_04224,55,Male,Unemployed,27721.40334,148,1377.82461,5,780.8520351,48,853.06637,78,14,0,793,0,2575.314012,2,0,0,9340.728389,0,Low Risk
CUST_04225,66,Other,Self-Employed,43003.78892,102,780.2970173,11,1242.926221,45,647.2112406,37,10,9,566,2,19890.55878,6,0,0,4994.486732,1,High Risk
CUST_04226,28,Male,Self-Employed,76930.96148,166,2472.502954,0,95.67802174,45,1085.478705,10,15,3,307,3,8430.899882,7,0,0,9213.88741,1,High Risk
CUST_04227,51,Female,Employed,68678.89908,206,1350.348027,0,1457.027192,5,212.5086722,7,19,8,714,2,8405.754738,4,0,0,3519.560476,1,High Risk
CUST_04228,30,Male,Self-Employed,39561.15352,180,1073.104542,6,1042.3749,39,749.3525938,77,2,3,873,1,6732.046078,3,1,0,2736.070616,1,High Risk
CUST_04229,27,Female,Unemployed,49716.64133,63,2115.749395,1,835.9811498,9,107.9127328,12,2,1,439,0,13851.85867,5,0,0,6934.960342,1,High Risk
CUST_04230,52,Female,Unemployed,67485.01801,170,3229.919192,3,488.0241117,23,764.9783814,33,18,7,700,2,8770.085683,2,0,0,10579.68263,0,Low Risk
CUST_04231,42,Male,Unemployed,57981.30238,5,1176.611258,3,646.6764219,17,595.8706901,64,10,5,710,4,20928.55015,1,0,0,10814.6674,0,Low Risk
CUST_04232,44,Male,Employed,64398.39714,84,1303.876653,1,1013.272813,32,443.4660336,74,5,0,409,4,20768.9125,4,0,0,10960.26567,1,High Risk
CUST_04233,27,Female,Self-Employed,59614.30614,9,909.3651603,5,1021.227784,38,552.5862018,9,8,3,471,2,14327.07849,6,1,0,5640.241148,1,High Risk
CUST_04234,64,Other,Employed,53877.40525,33,2029.622748,9,1033.93768,6,377.2687097,75,4,9,869,0,7806.540676,0,0,0,5496.094595,0,Low Risk
CUST_04235,41,Male,Unemployed,47013.93171,67,2264.297284,1,545.026143,44,353.62671,35,6,4,713,3,23156.1791,1,0,0,500.0,0,Low Risk
CUST_04236,23,Female,Self-Employed,28488.04592,97,1462.897578,11,474.5533004,47,609.3880173,3,19,0,307,4,18925.77688,7,0,0,1634.127757,1,High Risk
CUST_04237,59,Female,Unemployed,62460.22794,66,1149.306274,7,868.3218355,43,95.01982091,20,0,1,662,3,8005.29659,4,1,0,15755.21092,1,High Risk
CUST_04238,22,Other,Self-Employed,46008.46368,79,1927.168177,3,1069.448885,28,582.3710812,60,2,8,675,3,14541.5133,7,0,1,8435.062889,1,High Risk
CUST_04239,48,Male,Self-Employed,20338.03591,223,2091.736026,0,801.1146973,18,468.6291883,37,10,0,875,2,13725.75935,5,0,0,6056.146421,1,High Risk
CUST_04240,60,Female,Employed,40178.13812,5,2743.233973,6,1318.519486,37,418.2821028,75,9,7,626,4,15535.46509,1,1,0,11911.95282,1,High Risk
CUST_04241,48,Other,Self-Employed,65341.21441,95,1033.973423,5,811.5981118,38,376.9634841,38,12,8,577,2,12887.83446,5,0,0,10185.63291,1,High Risk
CUST_04242,53,Female,Unemployed,15509.04114,37,2181.868546,11,799.7519747,24,559.0619783,53,2,1,490,1,12138.7074,1,1,0,9545.034086,1,High Risk
CUST_04243,53,Male,Self-Employed,31468.55873,17,1584.625589,5,1034.695997,16,757.9541075,61,10,1,803,3,29632.14047,1,0,0,6237.854111,0,Low Risk
CUST_04244,47,Other,Unemployed,52468.40122,23,112.5762127,10,1226.730548,36,1057.066257,18,19,6,378,0,15585.24174,2,1,0,7694.61436,1,High Risk
CUST_04245,32,Female,Employed,75302.93558,64,2717.763706,2,327.7606591,2,780.0436329,1,8,9,848,5,8106.851265,2,0,0,10980.27825,0,Low Risk
CUST_04246,34,Other,Unemployed,67999.56924,85,1737.984275,9,408.6959022,23,707.8658549,21,10,8,394,3,9675.577392,3,0,0,12678.91378,1,High Risk
CUST_04247,42,Male,Self-Employed,77029.42314,158,1985.443247,6,690.3584968,17,303.0358154,56,8,9,752,0,23376.90576,0,0,0,7538.297304,0,Low Risk
CUST_04248,63,Other,Unemployed,53740.07328,6,2257.054013,5,1905.629625,48,350.8297223,2,12,8,613,2,10309.56728,0,0,0,10953.80337,0,Low Risk
CUST_04249,45,Male,Unemployed,46234.75218,239,1976.844967,9,708.4860031,25,498.8690403,22,8,2,503,4,6761.062836,2,0,0,553.9518158,1,High Risk
CUST_04250,23,Female,Self-Employed,65179.52014,143,726.4059441,9,757.3759699,20,610.9881514,3,13,6,521,3,12731.91019,1,0,0,4558.63344,1,High Risk
CUST_04251,45,Male,Unemployed,33811.38896,209,2039.742993,8,1016.423175,10,386.8323624,27,15,5,888,1,11308.29083,1,0,0,6523.426636,0,Low Risk
CUST_04252,59,Female,Self-Employed,32407.1015,181,1897.304447,2,1141.925116,40,796.4029867,77,16,7,886,3,20840.03885,6,0,0,3190.466701,1,High Risk
CUST_04253,28,Female,Employed,29208.38405,178,164.1275799,2,859.4247908,16,332.034446,69,14,7,500,0,21986.79783,5,0,0,5919.759613,1,High Risk
CUST_04254,24,Male,Unemployed,69599.92318,169,2832.829798,3,1207.521623,44,185.1398241,69,10,7,521,0,10693.6513,4,0,0,19908.76723,1,High Risk
CUST_04255,51,Female,Employed,34977.54961,226,1198.140387,2,382.1100859,37,759.0952495,40,11,7,849,0,17450.66866,5,0,0,16385.51077,1,High Risk
CUST_04256,39,Other,Unemployed,68010.86135,69,2296.454091,3,531.8690513,20,559.0407984,36,10,9,729,4,11706.97347,5,0,0,2347.665393,1,High Risk
CUST_04257,69,Female,Unemployed,52672.10511,96,1231.199774,5,1206.870433,3,428.2604418,6,17,5,533,1,7668.409246,4,0,0,6913.626967,1,High Risk
CUST_04258,30,Male,Employed,69831.31369,60,1073.430837,0,803.8300902,31,157.2741733,76,11,8,420,1,23274.4312,4,0,0,6478.766894,1,High Risk
CUST_04259,34,Other,Unemployed,30103.12074,214,1436.862473,1,358.1422882,17,746.1803247,0,7,4,860,0,24245.27098,6,0,0,5123.718773,1,High Risk
CUST_04260,51,Other,Unemployed,38740.71818,132,3197.379644,9,337.1117239,43,1094.685351,33,9,3,333,1,14658.61442,5,0,0,1985.887391,1,High Risk
CUST_04261,47,Female,Employed,58171.80316,27,3110.354704,5,516.1707181,27,623.689926,51,2,6,429,1,8801.216757,7,0,0,7439.818593,1,High Risk
CUST_04262,41,Female,Unemployed,42242.72168,13,1072.373604,11,800.7439398,35,341.1247438,9,19,2,678,2,6695.502933,0,0,0,4371.453851,0,Low Risk
CUST_04263,60,Male,Self-Employed,10000.0,3,2497.873708,5,963.5828494,36,559.4050336,59,3,7,867,5,16554.80715,0,0,0,2146.404471,0,Low Risk
CUST_04264,36,Other,Unemployed,25299.32986,50,1518.69384,11,684.829,43,640.6970695,5,12,7,434,1,20589.13719,4,0,0,4994.166962,1,High Risk
CUST_04265,45,Male,Unemployed,29961.37951,115,3114.651923,0,934.7497162,49,624.5384171,67,19,4,335,5,13515.57892,4,0,0,13227.28233,1,High Risk
CUST_04266,63,Female,Unemployed,31295.36965,178,2422.296764,5,647.0267297,25,296.7476881,71,7,9,467,0,19252.80312,4,0,0,5684.101768,1,High Risk
CUST_04267,26,Other,Employed,62272.09727,140,1723.244358,10,1228.372071,48,373.7372378,47,1,7,505,4,11412.21662,0,0,0,5595.337521,1,High Risk
CUST_04268,61,Male,Self-Employed,56066.87644,83,1565.105644,11,1693.144033,23,313.26403,78,1,2,774,5,9353.072162,2,0,0,8089.360137,0,Low Risk
CUST_04269,45,Male,Self-Employed,52920.04304,32,1986.711682,8,662.5855438,9,592.4540509,44,5,2,895,2,14267.41501,5,1,0,12837.72312,1,High Risk
CUST_04270,44,Male,Unemployed,86156.04215,165,1886.805381,7,967.9764838,37,484.0257754,11,19,3,374,1,682.2029663,7,0,0,1628.405897,1,High Risk
CUST_04271,29,Male,Employed,71154.0402,116,617.8914551,9,939.4437885,48,787.8360229,69,6,8,389,2,9841.561316,7,0,0,10726.14286,1,High Risk
CUST_04272,64,Male,Employed,64432.74722,21,1666.250713,4,848.5433992,7,561.7743919,20,3,4,624,3,17684.59167,7,0,0,8866.667954,1,High Risk
CUST_04273,38,Other,Self-Employed,23085.21092,112,978.655046,3,1028.637831,1,678.0671906,74,7,5,571,2,0.0,5,0,0,11964.19347,1,High Risk
CUST_04274,30,Male,Employed,51071.71885,183,1076.244931,5,967.5874161,43,432.8497853,35,17,3,374,5,5076.459217,7,0,0,10761.44474,1,High Risk
CUST_04275,32,Other,Unemployed,55376.53992,36,2391.641756,10,635.1312504,34,48.49596102,22,9,8,436,2,11987.26198,5,0,0,16547.87496,1,High Risk
CUST_04276,27,Male,Unemployed,42525.90987,34,1662.999023,11,1260.79102,20,836.6320575,54,19,3,560,2,5637.186112,5,0,0,5393.389577,1,High Risk
CUST_04277,59,Female,Employed,80714.83605,78,1136.383876,4,870.5831866,26,531.3467209,26,10,2,511,1,9944.65684,1,0,0,4035.748858,1,High Risk
CUST_04278,23,Female,Unemployed,50921.67039,237,530.5044334,5,665.3198531,22,603.2825672,19,6,1,854,2,591.748652,5,0,0,5045.423394,1,High Risk
CUST_04279,66,Male,Self-Employed,27889.72223,128,879.1630699,9,1655.120883,31,704.2127074,14,4,2,885,5,16647.82335,7,0,0,9231.600296,1,High Risk
CUST_04280,50,Female,Unemployed,32047.20733,211,1452.445874,10,759.325318,25,564.424074,41,10,0,784,4,19368.9908,5,0,0,13198.61654,1,High Risk
CUST_04281,47,Other,Employed,91082.16209,136,2848.687385,2,889.2303445,6,35.90168165,3,17,7,843,1,3696.108436,2,0,0,14431.07087,0,Low Risk
CUST_04282,30,Male,Self-Employed,42437.78641,143,660.7390602,6,861.4041206,32,412.0527668,28,15,0,515,0,14088.16039,0,0,0,5318.251899,1,High Risk
CUST_04283,62,Other,Unemployed,12586.47902,233,1735.811434,7,754.5368862,16,379.6334694,54,18,5,663,3,11605.86761,0,0,0,15967.62704,0,Low Risk
CUST_04284,20,Male,Self-Employed,39211.79935,88,1825.69544,4,957.0326468,7,387.9190155,74,19,1,366,0,15579.50304,4,0,0,9113.362277,1,High Risk
CUST_04285,68,Female,Employed,17120.84912,77,2478.111402,4,504.2500318,41,448.3349438,48,4,2,530,1,21652.65672,2,0,0,7725.62124,1,High Risk
CUST_04286,66,Other,Unemployed,66511.59437,194,1599.902127,11,1008.790185,16,513.8772471,70,6,8,682,0,5948.703655,0,0,0,7721.923868,0,Low Risk
CUST_04287,57,Female,Unemployed,14812.66258,137,1826.382036,3,184.5760901,47,982.4519483,74,2,8,534,3,20362.44743,7,0,0,14058.80998,1,High Risk
CUST_04288,43,Female,Self-Employed,24760.30837,47,2445.678996,9,345.6755871,41,630.8532199,53,9,5,453,5,22950.94119,3,0,0,3920.714334,1,High Risk
CUST_04289,66,Male,Unemployed,50071.79409,175,878.3490376,4,1439.003592,46,680.1097511,32,18,6,311,5,2404.065406,2,0,0,9665.972345,1,High Risk
CUST_04290,50,Other,Unemployed,69968.84301,215,2132.96444,11,360.3369906,47,383.0957255,36,4,4,336,2,18744.94722,6,0,0,8769.431624,1,High Risk
CUST_04291,60,Female,Unemployed,48750.18677,67,384.8247671,9,114.0144018,17,871.8689389,76,4,6,612,0,7654.971576,2,0,0,2026.694106,0,Low Risk
CUST_04292,65,Male,Unemployed,27362.38212,96,1551.355071,10,369.0043408,35,533.5382259,6,10,5,311,5,16645.25217,6,0,0,500.0,1,High Risk
CUST_04293,69,Male,Employed,53286.13383,21,1310.121217,7,1409.020044,38,496.231228,23,18,4,473,1,8104.302177,0,0,0,8476.938636,1,High Risk
CUST_04294,45,Male,Unemployed,41579.64565,121,922.3196263,4,172.8483909,43,52.88897737,54,11,2,524,4,9496.964279,1,0,0,2458.867125,1,High Risk
CUST_04295,68,Female,Self-Employed,70388.63912,49,2277.914568,8,465.4650361,22,677.0152954,10,16,1,454,3,8919.198605,0,0,0,6763.868681,1,High Risk
CUST_04296,69,Male,Employed,65386.18403,48,2322.809527,11,289.6326305,11,732.8797981,77,19,4,818,0,7037.207609,2,1,0,7773.208729,1,High Risk
CUST_04297,24,Other,Self-Employed,40331.12968,31,2355.221916,0,704.054781,22,725.6551039,43,14,7,535,4,17302.96741,3,0,1,500.0,1,High Risk
CUST_04298,39,Other,Self-Employed,64035.91059,229,1803.79252,6,647.3926856,32,149.1506494,64,17,4,337,3,15711.29156,2,0,0,7173.990747,1,High Risk
CUST_04299,60,Female,Self-Employed,54882.06106,214,513.9362045,4,631.7352226,27,734.8809316,5,8,2,597,0,15861.95867,6,1,0,5553.695253,1,High Risk
CUST_04300,30,Other,Employed,74602.5704,102,1236.819802,3,1449.64683,43,422.1971384,30,16,9,543,1,10600.58287,0,0,0,5503.574606,1,High Risk
CUST_04301,52,Male,Employed,63269.26352,191,2304.704402,2,380.3236388,22,185.792139,42,10,2,422,4,11204.44671,5,0,0,5777.69757,1,High Risk
CUST_04302,69,Female,Employed,59845.92305,233,2294.150807,11,764.2342771,6,1039.407043,11,5,4,791,5,15056.25471,4,0,0,6223.358525,1,High Risk
CUST_04303,57,Male,Unemployed,73903.27062,67,2457.355826,9,918.5104362,46,878.208755,64,11,8,597,4,7962.062908,6,0,0,3207.020424,1,High Risk
CUST_04304,46,Female,Self-Employed,50277.28427,153,1751.272825,6,456.9267583,1,662.9371576,51,10,7,340,0,9860.992508,7,0,0,25622.34466,1,High Risk
CUST_04305,53,Female,Employed,36084.19179,225,1354.458189,11,970.3064934,0,631.0281176,69,16,6,564,0,18346.79939,1,0,0,500.0,1,High Risk
CUST_04306,34,Male,Self-Employed,53615.1153,130,10.0,1,660.0663269,3,891.4989893,29,9,4,407,1,15131.54321,2,0,0,9842.510437,1,High Risk
CUST_04307,51,Other,Employed,43602.54253,53,2190.117828,4,931.0081732,7,378.1301005,76,12,8,525,1,19745.95866,3,1,0,6550.162248,1,High Risk
CUST_04308,40,Other,Employed,60875.53788,193,1420.683659,1,762.200262,48,1120.667708,75,4,1,473,2,0.0,3,0,0,4425.295848,1,High Risk
CUST_04309,65,Female,Employed,51114.99263,229,496.9776613,6,82.31407105,28,510.5488359,73,3,5,404,0,21601.92181,3,0,0,10631.28168,1,High Risk
CUST_04310,24,Male,Self-Employed,57252.8637,239,2110.182436,5,1257.134549,17,748.9062606,54,6,6,637,1,18345.67693,1,0,0,12781.07565,0,Low Risk
CUST_04311,25,Male,Unemployed,28325.93481,24,2635.642768,9,1524.66041,36,634.7916686,38,14,6,420,0,18457.20876,5,0,0,8717.665936,1,High Risk
CUST_04312,57,Female,Employed,59149.15764,112,2193.816117,6,738.1360363,30,248.4815264,73,1,3,486,1,3110.90865,2,0,0,8647.34639,1,High Risk
CUST_04313,41,Other,Employed,26865.98984,73,2039.938028,11,485.7167818,5,505.0116337,5,16,1,827,3,9472.327322,4,0,0,8973.010515,1,High Risk
CUST_04314,37,Male,Employed,67311.68327,35,2246.723444,8,1327.104452,43,871.0259721,55,7,0,843,1,10235.60572,0,0,0,6965.807158,0,Low Risk
CUST_04315,33,Other,Unemployed,67338.57878,129,10.0,1,1461.634016,23,306.7409963,7,15,0,723,1,13795.35877,5,0,0,11197.32971,1,High Risk
CUST_04316,29,Other,Self-Employed,56263.17439,111,2876.928996,8,740.9216059,47,839.8917311,54,19,2,645,3,23446.79819,6,0,0,2655.397219,1,High Risk
CUST_04317,65,Female,Self-Employed,55581.56435,102,866.6104751,6,723.4617847,40,665.9944722,15,2,6,394,3,14020.3202,2,0,0,2303.273957,1,High Risk
CUST_04318,32,Female,Self-Employed,45974.19073,46,936.8049501,1,772.0311158,14,172.5274426,1,16,4,405,5,19825.48084,2,0,0,12961.36721,1,High Risk
CUST_04319,50,Other,Self-Employed,39141.88391,9,1123.11795,9,213.9078888,39,499.9534716,63,4,6,807,2,21148.40821,4,0,0,500.0,1,High Risk
CUST_04320,49,Male,Employed,49730.3743,130,1214.588283,1,698.1059425,11,487.5823134,10,13,8,625,1,16927.47258,1,1,0,6791.140314,1,High Risk
CUST_04321,22,Male,Unemployed,85688.32859,93,2700.326184,3,1400.229661,45,244.9985774,3,13,7,590,3,14131.59681,6,0,0,2217.466346,1,High Risk
CUST_04322,49,Female,Employed,54127.7405,132,1935.066533,1,740.9589687,48,575.1859519,2,13,0,630,2,20218.1466,0,0,0,7138.902142,0,Low Risk
CUST_04323,25,Other,Unemployed,25776.51613,19,957.196661,0,435.9879152,13,160.8552255,14,10,3,743,2,3319.413767,0,1,0,5372.42581,1,High Risk
CUST_04324,48,Male,Self-Employed,19249.53861,67,1078.278034,5,973.8399668,26,719.4025133,67,19,4,848,0,16573.99726,0,0,0,12194.79713,0,Low Risk
CUST_04325,27,Male,Unemployed,24114.66167,188,3495.495766,9,566.4804205,36,277.9478521,42,12,6,833,3,21974.08871,6,0,0,15817.33167,1,High Risk
CUST_04326,63,Female,Employed,43203.26156,112,1782.428261,10,776.7417567,12,421.8354525,8,8,7,897,4,13648.82237,5,0,0,2940.201591,1,High Risk
CUST_04327,64,Other,Employed,72784.38352,32,1154.540576,4,355.9029268,37,499.2992925,24,19,7,615,3,16293.094,7,0,0,4176.656768,1,High Risk
CUST_04328,62,Male,Self-Employed,31577.29185,216,202.5070105,11,437.1815436,45,879.0693094,64,1,3,341,3,18895.74976,2,0,0,5713.1431,1,High Risk
CUST_04329,63,Female,Employed,75591.43672,94,159.4446648,2,1058.180739,37,183.6424804,65,11,6,578,2,10492.07865,7,0,0,7081.418798,1,High Risk
CUST_04330,52,Male,Employed,53230.07105,227,606.490181,10,840.5533728,2,374.2771826,54,7,1,459,5,30811.8438,4,0,0,11923.07654,1,High Risk
CUST_04331,36,Male,Unemployed,58701.98603,156,1576.670302,0,528.3799146,15,538.5266728,44,15,8,539,3,5493.902572,4,0,0,3428.803114,1,High Risk
CUST_04332,67,Male,Employed,58208.71259,165,2387.531186,8,841.8372956,11,483.8196568,32,0,5,455,3,1449.522342,1,0,0,6779.352194,1,High Risk
CUST_04333,30,Female,Self-Employed,60631.97534,193,1992.859556,7,587.4986519,13,527.4296975,21,15,3,709,5,16898.49356,4,0,0,6916.064609,1,High Risk
CUST_04334,32,Other,Self-Employed,42595.42122,77,2439.248837,5,525.6839407,33,448.8173062,41,5,5,521,2,8944.074069,4,1,0,5964.340517,1,High Risk
CUST_04335,69,Female,Employed,10000.0,201,1952.619655,5,1207.412039,49,569.9245336,75,19,6,636,2,13692.23578,0,0,0,10673.98461,0,Low Risk
CUST_04336,30,Other,Self-Employed,39409.5736,158,519.3244481,11,1074.007144,30,9.907606291,26,5,9,584,0,14255.13715,1,0,0,6904.509998,0,Low Risk
CUST_04337,50,Male,Unemployed,34018.17466,155,1839.884862,3,792.5545026,38,854.0568289,10,2,7,685,0,15267.90635,4,0,0,623.0117742,1,High Risk
CUST_04338,47,Other,Unemployed,55590.12471,191,1874.098404,1,850.518068,4,482.3067265,41,8,3,657,3,4691.558442,6,0,0,1907.866576,1,High Risk
CUST_04339,63,Male,Employed,53946.30051,107,1403.921238,11,797.0606939,11,1173.472139,77,18,8,721,3,8090.290701,4,1,0,7454.693443,1,High Risk
CUST_04340,25,Male,Employed,45097.16678,33,1255.219509,3,970.4532407,25,415.6269735,77,2,5,567,5,19392.75823,4,0,0,16199.46548,1,High Risk
CUST_04341,60,Female,Unemployed,81599.44964,184,1381.385982,1,520.1744195,16,758.7099075,21,6,0,390,1,9283.276895,4,0,0,10351.64663,1,High Risk
CUST_04342,35,Male,Self-Employed,38466.88497,197,262.8661419,6,1101.876657,43,313.5155104,8,13,2,595,4,11794.42567,0,0,0,12348.91619,0,Low Risk
CUST_04343,23,Female,Employed,10000.0,99,434.2683301,8,923.7480433,10,510.6531395,78,13,0,656,1,8997.824112,6,0,0,7829.452708,1,High Risk
CUST_04344,54,Other,Employed,52150.22012,53,3533.41228,1,707.9302817,32,249.1177974,56,2,5,607,1,15312.24927,6,0,0,8064.612403,1,High Risk
CUST_04345,67,Other,Self-Employed,71405.5095,60,498.8226769,8,629.277689,40,420.2471082,30,4,5,617,3,9827.856445,2,1,0,9110.185257,1,High Risk
CUST_04346,45,Male,Employed,55168.8958,36,86.71016893,8,1094.39583,39,317.0057042,17,4,6,616,2,22084.36344,7,0,0,8270.449242,1,High Risk
CUST_04347,31,Female,Self-Employed,43580.50711,189,923.7331757,7,747.3297893,45,624.1169871,11,18,0,601,2,7609.59968,6,0,0,8872.696136,1,High Risk
CUST_04348,30,Male,Self-Employed,54328.05509,23,1867.302771,0,555.3874165,3,913.1960892,39,9,0,532,4,3693.37021,6,0,0,12898.37165,1,High Risk
CUST_04349,56,Female,Self-Employed,83100.31816,186,1948.948194,4,665.4005816,31,612.7039168,44,8,4,883,2,5068.51337,5,0,0,8381.331543,1,High Risk
CUST_04350,44,Female,Self-Employed,34247.6955,39,680.8376436,9,1069.221627,30,1217.465634,48,15,4,712,3,19163.06651,7,0,0,7587.38925,1,High Risk
CUST_04351,37,Female,Self-Employed,50555.71732,66,1577.265868,10,236.3063796,10,676.6888757,0,8,0,349,5,4999.652554,6,0,0,15274.93972,1,High Risk
CUST_04352,38,Other,Unemployed,62058.96997,149,1064.315343,3,675.606883,16,266.7069382,6,5,6,660,2,4095.792578,1,0,0,10279.26476,0,Low Risk
CUST_04353,42,Female,Self-Employed,54569.96943,126,1652.233823,6,1174.703934,26,1106.497486,1,4,6,813,5,16849.0715,2,0,0,500.0,0,Low Risk
CUST_04354,57,Other,Unemployed,45538.39293,103,1265.393163,10,741.1241298,7,727.7569117,3,3,5,801,0,23066.12646,5,0,0,4298.395349,1,High Risk
CUST_04355,37,Female,Self-Employed,42326.1344,121,944.7660029,7,895.4858563,20,151.9257372,44,19,6,365,4,25128.10117,7,0,0,2084.692173,1,High Risk
CUST_04356,45,Other,Employed,44866.49946,87,980.6947169,9,1180.369138,32,494.7165765,45,17,5,785,2,11505.89001,0,0,0,10401.2402,0,Low Risk
CUST_04357,25,Other,Unemployed,59576.58186,80,10.0,10,1112.315379,49,700.9019603,66,15,9,514,2,0.0,2,0,0,13919.94215,1,High Risk
CUST_04358,23,Other,Employed,58527.90251,204,1322.773358,7,645.9794294,4,640.9375306,8,6,1,437,0,11130.82988,5,0,0,11551.88898,1,High Risk
CUST_04359,63,Male,Self-Employed,87704.93451,183,1438.851504,1,754.3622567,31,700.128823,56,13,4,683,1,19617.34178,4,0,0,7370.61053,1,High Risk
CUST_04360,48,Female,Self-Employed,22337.78875,201,373.2020864,2,1116.667366,24,754.4207185,15,16,6,778,3,5969.771644,6,1,0,15881.01143,1,High Risk
CUST_04361,53,Male,Employed,81642.32042,223,1230.635743,9,1128.814321,7,349.77615,50,7,1,301,2,8891.889569,1,0,0,9342.629317,1,High Risk
CUST_04362,36,Female,Self-Employed,46319.42607,193,1295.794299,9,769.1824561,26,626.4815704,51,10,4,808,5,14186.66498,4,0,0,12099.44676,1,High Risk
CUST_04363,62,Female,Employed,48369.43362,106,17.21889324,6,781.2590217,25,553.4745794,8,16,2,441,0,19478.91753,1,0,0,9777.784255,1,High Risk
CUST_04364,62,Male,Self-Employed,65457.19643,192,882.7732969,3,893.6892931,39,436.7522263,5,13,8,327,0,6493.757887,2,0,0,3070.320215,1,High Risk
CUST_04365,35,Other,Self-Employed,65343.35138,74,857.5876487,5,1278.415242,28,708.9157971,43,8,9,556,1,18795.90436,4,0,0,6222.920916,1,High Risk
CUST_04366,21,Female,Unemployed,70819.12461,105,1643.791044,7,1173.648142,8,549.3408763,78,5,0,384,5,16606.00533,0,0,1,10245.32437,1,High Risk
CUST_04367,53,Other,Employed,74745.9912,79,2496.179434,7,1042.685346,17,779.3958549,5,7,6,542,5,10808.08006,4,1,0,9556.853286,1,High Risk
CUST_04368,27,Male,Self-Employed,49283.04208,112,1537.771267,6,422.4657534,6,577.5338643,4,16,9,505,2,16992.95848,3,1,0,7298.110217,1,High Risk
CUST_04369,32,Other,Employed,74977.35585,21,2427.670059,11,703.8083077,41,419.3288351,45,12,3,737,1,18406.23438,6,0,0,6128.43763,1,High Risk
CUST_04370,61,Female,Unemployed,38675.18865,205,1322.021886,1,722.1996642,20,540.0854083,26,12,4,570,4,22292.723,0,0,0,10669.24531,1,High Risk
CUST_04371,27,Female,Employed,44504.65444,132,1796.993767,1,1296.469761,15,670.4330416,44,16,0,859,0,21440.92851,1,0,0,12470.08481,0,Low Risk
CUST_04372,49,Female,Unemployed,46723.72876,136,1553.437717,2,716.3974631,2,509.7503695,40,18,4,778,3,5526.736759,3,0,0,9218.059265,0,Low Risk
CUST_04373,51,Male,Employed,40520.66697,159,3429.151131,3,1238.704988,31,389.3954738,27,1,7,857,0,15234.05209,6,0,0,15198.48871,1,High Risk
CUST_04374,55,Female,Employed,51077.41384,171,1378.119192,0,600.2554653,9,539.8929202,53,17,5,476,1,12109.41834,4,1,0,13363.55706,1,High Risk
CUST_04375,66,Male,Unemployed,66135.64499,181,2125.982877,4,628.1906148,31,856.7712253,31,3,1,719,3,14572.30035,6,0,0,5964.737553,1,High Risk
CUST_04376,49,Other,Self-Employed,61724.22759,135,1662.179202,6,968.508937,7,667.1581249,52,6,1,774,3,12642.74722,6,1,0,11526.6618,1,High Risk
CUST_04377,20,Female,Self-Employed,38962.682,171,2400.491322,11,1348.851347,31,591.2657302,70,15,8,686,0,13335.45014,4,0,0,20809.09273,1,High Risk
CUST_04378,62,Female,Self-Employed,37480.62713,64,2005.717948,9,725.8780048,49,452.7983904,29,18,0,553,3,12286.70673,4,0,0,4395.04359,1,High Risk
CUST_04379,58,Female,Employed,34603.75408,160,1772.591875,10,20.0,3,554.3497462,52,14,1,545,2,8618.534931,4,0,1,10738.63841,1,High Risk
CUST_04380,36,Other,Employed,51598.2528,105,586.6802696,4,252.5358092,28,262.1723469,30,13,7,689,0,13822.5071,5,0,0,500.0,1,High Risk
CUST_04381,39,Female,Self-Employed,21544.81776,192,657.1598588,6,904.2865447,11,455.429686,11,12,5,681,1,17894.3112,7,0,0,11340.47026,1,High Risk
CUST_04382,43,Male,Employed,33969.19282,102,1007.093003,4,283.8213906,36,632.6912079,8,19,2,774,4,11239.44157,7,0,0,12146.39981,1,High Risk
CUST_04383,69,Other,Employed,41741.22069,157,1265.988541,10,497.0530108,35,527.7499491,66,6,2,833,1,9259.422019,3,0,0,7739.703307,0,Low Risk
CUST_04384,41,Other,Self-Employed,68996.67724,180,1588.916999,9,804.3196827,18,407.393666,36,14,8,833,2,13641.75292,7,0,0,6708.604287,1,High Risk
CUST_04385,48,Other,Unemployed,47620.93512,212,1009.01491,7,20.0,36,194.2710728,27,0,1,646,4,14618.21773,0,0,0,8000.43833,0,Low Risk
CUST_04386,41,Other,Employed,68105.46172,54,10.0,6,667.0959737,46,469.2181396,25,1,9,498,4,8230.487211,5,0,0,2641.992848,1,High Risk
CUST_04387,63,Other,Employed,53376.34628,51,2321.900209,0,392.3170047,30,315.5995572,20,2,4,530,5,9945.613266,7,0,0,6513.549437,1,High Risk
CUST_04388,28,Male,Employed,41462.61502,192,1857.843795,10,275.2870987,43,493.2617303,9,4,6,733,1,5601.707277,3,0,0,7535.300938,0,Low Risk
CUST_04389,56,Other,Employed,42203.44581,102,1548.200788,0,519.2354463,25,570.3098434,79,15,5,631,0,14366.68295,0,1,0,11610.17338,1,High Risk
CUST_04390,29,Female,Unemployed,29010.95387,190,2503.086656,11,425.7768762,44,861.1524739,23,16,0,635,0,10398.59339,2,0,0,500.0,0,Low Risk
CUST_04391,55,Other,Self-Employed,93257.27466,128,857.0711009,4,964.3180763,5,732.5326224,24,17,9,529,4,20626.68632,2,0,0,8816.377697,1,High Risk
CUST_04392,56,Other,Employed,69989.22593,120,1395.280068,1,1218.784375,28,559.7267391,51,15,2,533,1,15518.83447,7,1,0,4191.196084,1,High Risk
CUST_04393,47,Other,Self-Employed,60867.06036,210,1627.634184,8,672.4506019,16,1023.071228,0,10,4,668,1,16525.19633,0,0,0,8202.891164,0,Low Risk
CUST_04394,47,Other,Employed,26540.4257,56,1167.864521,1,591.3559773,19,601.4796524,52,2,2,456,0,13339.5905,0,0,0,17098.84441,1,High Risk
CUST_04395,61,Other,Unemployed,41870.7304,121,863.4689055,11,655.0282496,41,321.2038912,67,9,2,838,5,17681.79959,0,0,0,5702.683326,0,Low Risk
CUST_04396,62,Male,Self-Employed,32443.9938,135,2199.815992,8,412.1345122,45,446.1333843,77,17,4,501,2,2651.821282,6,1,0,1934.741035,1,High Risk
CUST_04397,40,Male,Unemployed,52296.22819,139,1727.207055,9,348.9403365,46,1144.737488,23,15,7,388,0,12279.80833,2,0,0,781.2224085,1,High Risk
CUST_04398,43,Other,Employed,33308.46943,164,1999.212884,1,224.0559415,9,320.6168694,26,8,9,614,0,10520.36447,6,0,0,8604.524881,1,High Risk
CUST_04399,61,Male,Unemployed,37934.76955,100,841.0970562,3,334.6676646,5,424.8681945,26,0,7,469,2,19265.44842,0,0,0,13569.19122,1,High Risk
CUST_04400,59,Female,Unemployed,33779.21088,38,2163.983079,2,1371.196852,47,750.0048107,64,10,7,736,0,4735.168461,0,0,0,538.7975743,0,Low Risk
CUST_04401,21,Other,Employed,45684.44015,225,1001.382987,5,558.3526376,31,279.4720258,38,10,5,593,4,13746.37131,6,1,0,11218.57971,1,High Risk
CUST_04402,27,Female,Employed,51285.64965,150,1697.775618,3,20.0,1,757.3753407,76,12,8,644,4,20132.89763,3,0,0,4970.481197,0,Low Risk
CUST_04403,67,Female,Self-Employed,46161.28501,83,3083.670408,8,594.5300715,9,791.1459092,35,7,4,662,4,11845.45137,1,0,0,7884.397989,0,Low Risk
CUST_04404,46,Other,Employed,77592.31638,214,2181.662453,8,243.3549121,36,572.1923446,75,18,9,479,5,11812.919,4,0,0,14051.2827,1,High Risk
CUST_04405,41,Female,Self-Employed,64599.92428,222,1771.375454,9,820.819729,26,915.6853189,68,8,6,807,4,14098.80455,4,0,0,6606.544302,1,High Risk
CUST_04406,56,Female,Unemployed,35905.40963,87,2580.3966,8,783.0762207,40,458.7319712,4,5,0,788,5,11145.34159,5,0,0,10158.33905,1,High Risk
CUST_04407,46,Female,Unemployed,55860.90227,85,1044.271002,2,819.5599732,18,735.0523743,9,3,3,599,4,14860.51833,3,0,0,5237.234996,0,Low Risk
CUST_04408,48,Other,Self-Employed,37388.10016,65,1892.516432,2,785.7458724,40,0.0,15,8,0,834,1,19087.55593,6,0,0,6725.573568,1,High Risk
CUST_04409,22,Other,Employed,42887.76929,69,834.518749,3,669.5513934,15,668.2245296,52,14,9,625,1,14371.36728,0,0,0,7661.048961,0,Low Risk
CUST_04410,63,Female,Employed,58625.54966,160,1210.602597,8,290.4363575,19,837.8283429,13,17,1,376,2,12298.94759,1,0,0,6906.18981,1,High Risk
CUST_04411,32,Other,Unemployed,61981.69983,199,2772.572957,5,773.8710748,35,701.6653561,73,3,5,522,5,17188.94765,3,0,0,500.0,1,High Risk
CUST_04412,64,Other,Self-Employed,39426.22374,236,1718.931561,8,1156.623606,4,406.6031025,28,18,0,487,3,21596.98707,1,0,0,8481.314654,1,High Risk
CUST_04413,29,Female,Unemployed,30112.34744,200,2625.733044,7,1434.785579,17,126.9364405,27,15,8,777,4,8550.374443,2,0,0,10665.14527,0,Low Risk
CUST_04414,55,Other,Unemployed,51578.66296,5,1417.91385,6,716.7030354,7,789.6301242,16,5,5,322,3,23833.29886,1,0,0,8628.038115,1,High Risk
CUST_04415,28,Male,Employed,57823.20335,179,2476.642078,4,754.6365192,12,292.9729254,68,11,7,336,3,8964.389312,3,0,0,11948.94521,1,High Risk
CUST_04416,46,Other,Self-Employed,38510.80105,44,1541.381609,8,975.1495127,40,326.1372399,65,14,9,317,4,14683.22564,6,0,0,9366.150779,1,High Risk
CUST_04417,53,Male,Unemployed,64697.98132,26,1607.027012,3,1322.634546,9,434.6071377,35,14,9,852,0,14392.91329,5,0,0,1747.658162,1,High Risk
CUST_04418,20,Female,Employed,61507.27406,46,1519.353196,3,629.7961863,35,667.9798377,45,14,7,637,2,14743.09127,4,0,0,6154.644399,1,High Risk
CUST_04419,51,Other,Unemployed,38248.32135,131,1788.459322,7,1042.427961,18,803.931407,44,15,1,371,5,2568.755557,6,0,0,3623.077756,1,High Risk
CUST_04420,44,Female,Unemployed,70342.91935,117,1292.904676,3,512.0132571,30,1009.729613,8,13,1,817,3,4975.794875,2,0,0,500.0,0,Low Risk
CUST_04421,48,Female,Employed,70893.09112,184,388.7258367,6,915.4471466,35,541.7593083,35,7,2,744,0,10032.68397,1,0,0,12634.30983,0,Low Risk
CUST_04422,26,Female,Employed,87218.0259,182,1471.432026,3,1139.711462,28,583.0775013,4,1,7,777,0,8460.924285,4,0,0,20949.87591,1,High Risk
CUST_04423,68,Female,Self-Employed,80811.67492,38,1605.926031,10,348.1987877,44,622.8459978,78,14,7,755,4,15493.03914,7,0,0,4965.59112,1,High Risk
CUST_04424,22,Female,Unemployed,33752.96199,209,2807.893148,0,616.1993473,22,390.6784976,72,7,4,418,2,19560.52751,1,0,0,8891.928228,1,High Risk
CUST_04425,39,Other,Self-Employed,66649.68538,235,10.0,9,1134.174084,31,686.2887967,49,10,1,747,4,63.30489618,5,0,0,3873.043458,1,High Risk
CUST_04426,39,Male,Employed,65833.32734,40,2793.882721,8,1015.656431,48,364.6320607,27,15,3,666,2,5435.077303,1,0,0,8999.080165,0,Low Risk
CUST_04427,49,Other,Employed,43727.30241,174,2338.612831,3,1162.581149,10,790.5610746,26,7,3,667,4,9137.149786,0,0,0,13506.04711,0,Low Risk
CUST_04428,54,Other,Unemployed,58188.64511,84,2048.492994,2,1096.953876,1,268.4160428,46,4,6,776,2,5574.572325,4,0,0,10262.09215,1,High Risk
CUST_04429,54,Other,Self-Employed,16202.7743,217,1623.399651,2,680.6137652,31,733.8824962,32,19,3,880,1,10303.92699,5,1,0,12533.33382,1,High Risk
CUST_04430,68,Other,Self-Employed,15703.05798,177,683.7593169,8,1569.716552,4,737.9631645,37,3,9,376,0,7150.569527,6,0,0,14670.15853,1,High Risk
CUST_04431,58,Male,Unemployed,19136.44507,31,3060.653207,7,847.9184968,30,126.4595384,7,11,5,575,5,15235.29753,2,0,0,15789.60186,1,High Risk
CUST_04432,46,Other,Unemployed,57006.62459,181,2487.71353,9,20.0,12,599.0103228,3,9,1,391,0,28586.37384,7,0,0,9428.309044,1,High Risk
CUST_04433,45,Female,Self-Employed,57857.16437,43,1700.622293,6,701.1787697,21,906.0832791,35,3,1,667,0,7160.346318,2,0,0,4165.609372,0,Low Risk
CUST_04434,33,Other,Employed,45070.08596,216,1728.532114,6,635.7900601,34,573.657986,30,18,4,829,2,19820.80888,2,0,0,5103.999263,0,Low Risk
CUST_04435,36,Other,Employed,80981.04432,194,1412.947846,3,1078.337209,18,534.4651761,73,9,0,792,0,28106.43704,1,0,0,7328.821641,0,Low Risk
CUST_04436,37,Male,Unemployed,67767.35725,90,1975.518914,2,642.0851397,28,393.3693949,48,18,1,779,1,8262.270588,5,0,0,6771.09331,1,High Risk
CUST_04437,64,Male,Self-Employed,21230.36267,239,1464.516365,11,1184.639499,22,645.6976128,40,18,2,622,1,25240.04679,4,0,0,1692.094415,1,High Risk
CUST_04438,48,Female,Self-Employed,46904.46429,50,1746.321257,3,995.3347803,18,431.1202128,7,10,8,846,3,7019.425354,2,0,0,7917.332525,0,Low Risk
CUST_04439,39,Other,Self-Employed,33085.66431,207,1850.398873,5,449.9683385,15,638.2081002,29,12,8,401,0,19697.43888,5,0,0,8587.782301,1,High Risk
CUST_04440,46,Other,Employed,57451.92564,227,3444.242731,11,750.8693325,30,707.6400956,13,1,6,570,4,7452.875191,7,0,0,3951.68397,1,High Risk
CUST_04441,37,Other,Employed,49449.57935,116,771.8532789,3,528.5632945,15,588.986146,44,13,4,606,4,1102.845893,2,0,0,7738.790265,0,Low Risk
CUST_04442,23,Female,Self-Employed,34106.38927,24,1627.979592,3,864.6655264,25,798.7665366,45,19,1,686,4,18480.77725,6,0,0,2731.267082,1,High Risk
CUST_04443,20,Male,Self-Employed,80500.50555,101,2481.956167,1,526.4781965,2,620.4508077,66,17,1,576,5,15363.90132,5,0,0,9102.073519,1,High Risk
CUST_04444,69,Female,Unemployed,51033.14434,19,2161.341281,6,826.0523307,22,428.2968454,15,15,7,558,1,11746.34699,7,0,0,4293.96274,1,High Risk
CUST_04445,20,Other,Unemployed,42511.28829,88,2041.95663,5,704.6929872,8,67.05371719,9,3,2,846,3,2300.173264,1,0,0,9462.283682,0,Low Risk
CUST_04446,45,Male,Self-Employed,45443.48091,135,3909.056483,1,746.7218609,23,403.687243,67,0,6,819,5,20113.7664,7,0,0,10723.41624,1,High Risk
CUST_04447,64,Male,Self-Employed,79136.02483,63,2370.326795,4,1517.829133,32,478.8442963,51,2,5,731,3,18729.30727,3,0,0,11611.7819,0,Low Risk
CUST_04448,39,Female,Employed,66402.94352,91,1000.186233,5,673.8301707,13,660.5585266,49,11,5,609,1,1248.429402,5,0,0,15969.60466,1,High Risk
CUST_04449,42,Male,Self-Employed,47077.68005,136,908.3448959,4,122.9484193,27,52.38922068,67,2,2,758,3,13538.74635,2,0,0,10110.06674,0,Low Risk
CUST_04450,29,Male,Unemployed,32142.38576,183,1469.333222,3,1155.539151,23,72.94300251,1,17,5,685,4,15478.7785,4,0,0,7813.974132,1,High Risk
CUST_04451,30,Other,Employed,34948.48751,83,1151.014936,10,1152.784566,42,44.24733487,74,3,3,499,4,5347.156511,2,0,0,12173.95317,1,High Risk
CUST_04452,60,Other,Unemployed,41321.433,97,1563.47261,10,107.3709392,49,498.4978052,78,16,0,830,1,18197.31111,1,0,0,885.5789314,0,Low Risk
CUST_04453,60,Male,Unemployed,59128.98367,147,1770.398497,8,554.6851326,6,189.0931063,74,11,7,701,4,27166.11541,3,0,0,6075.439349,0,Low Risk
CUST_04454,24,Male,Employed,63617.57422,61,1718.706747,2,952.5336949,37,630.7734173,59,19,8,384,2,18626.0934,3,0,0,5829.311024,1,High Risk
CUST_04455,20,Female,Unemployed,36940.25914,227,10.0,10,983.4711414,43,421.9583513,49,7,2,321,4,22691.50534,6,0,0,4491.64061,1,High Risk
CUST_04456,36,Female,Self-Employed,64413.6833,169,895.5081519,1,798.3466828,24,128.2008708,0,16,0,534,0,17578.5785,4,0,0,7040.112214,1,High Risk
CUST_04457,41,Male,Unemployed,33644.91402,56,2072.809856,8,806.2388826,1,777.33805,36,13,0,689,1,5379.27329,5,0,0,17412.74684,1,High Risk
CUST_04458,53,Other,Employed,38988.07423,128,2814.905084,7,471.4942444,44,514.4506294,22,19,0,428,1,17195.61902,3,0,0,6989.974534,1,High Risk
CUST_04459,64,Male,Employed,23908.57663,178,1177.035379,8,20.0,0,787.6624192,48,10,8,692,3,4279.596127,5,1,0,10301.39054,1,High Risk
CUST_04460,60,Male,Employed,23372.46057,167,1180.924701,9,1517.327561,22,529.0730037,73,7,9,863,3,9000.626257,2,1,0,4277.71633,1,High Risk
CUST_04461,48,Other,Unemployed,33450.30751,50,1428.680709,10,460.9664528,46,906.1560207,63,0,4,763,3,10562.96137,7,0,0,4590.416367,1,High Risk
CUST_04462,23,Other,Self-Employed,49536.82839,70,2879.723741,2,861.7769915,39,678.9950761,16,16,2,840,0,9881.632495,7,0,0,3843.762395,1,High Risk
CUST_04463,24,Female,Employed,32108.33515,109,1542.972939,0,744.4032015,17,177.5552593,70,19,9,328,4,7267.426084,7,0,1,4662.020833,1,High Risk
CUST_04464,30,Female,Self-Employed,76965.51851,80,10.0,10,1114.019143,46,388.211775,14,17,8,432,1,10501.31747,5,0,0,14743.09893,1,High Risk
CUST_04465,40,Female,Employed,33215.05425,79,2930.111124,0,840.2140247,7,357.141568,50,9,9,833,4,11280.18866,0,0,0,6239.270791,0,Low Risk
CUST_04466,54,Female,Self-Employed,53311.03525,29,2053.310964,2,853.7043336,33,0.0,26,8,8,381,3,19740.82132,7,0,0,4570.896603,1,High Risk
CUST_04467,31,Other,Self-Employed,73764.37341,90,465.569868,3,20.0,42,743.9613852,8,1,5,879,1,14578.31455,1,0,0,10070.2966,0,Low Risk
CUST_04468,45,Male,Self-Employed,51665.22688,157,1091.045892,1,508.3313246,7,630.8028131,63,19,4,851,3,17967.88119,2,0,0,8469.889523,0,Low Risk
CUST_04469,38,Female,Employed,43449.51516,74,863.5329066,7,1060.621566,28,883.7764493,62,2,0,390,5,10601.47278,5,0,0,15657.08991,1,High Risk
CUST_04470,64,Female,Unemployed,52646.15456,193,1332.843382,11,1029.133879,12,115.780755,52,0,5,375,0,17805.83727,2,0,0,9617.443452,1,High Risk
CUST_04471,26,Other,Unemployed,39888.77605,182,2689.68635,2,466.9215117,0,236.8655247,41,0,4,534,1,446.9075638,1,0,0,14369.26898,1,High Risk
CUST_04472,66,Other,Unemployed,31985.43451,49,10.0,3,247.689996,28,276.5682001,69,17,8,787,3,4328.44561,1,0,0,2767.079196,0,Low Risk
CUST_04473,26,Male,Self-Employed,61028.71315,105,1225.273245,5,844.3027574,49,894.836705,34,7,6,733,3,18059.78373,2,0,1,7540.319443,1,High Risk
CUST_04474,45,Male,Employed,39503.99341,23,1588.920223,9,20.0,36,877.2589842,16,17,2,728,5,8439.674593,3,0,0,11276.00799,0,Low Risk
CUST_04475,59,Other,Self-Employed,66861.55874,117,1444.471079,5,397.9640117,0,195.3588221,43,0,4,389,3,12649.57824,4,0,0,4954.126696,1,High Risk
CUST_04476,24,Female,Employed,64332.73039,59,862.6422028,1,1416.056376,43,615.5134071,42,16,5,746,0,0.0,2,1,0,8414.080175,1,High Risk
CUST_04477,40,Female,Self-Employed,52993.69717,107,2451.944836,5,1305.773565,4,680.3973649,75,9,1,876,4,9712.235128,0,0,0,2685.393552,0,Low Risk
CUST_04478,33,Female,Employed,67475.946,205,1372.969376,3,970.5372756,47,488.4142882,43,8,6,454,4,4510.776941,2,0,0,7758.403563,1,High Risk
CUST_04479,23,Male,Employed,40206.93408,97,1270.233696,4,907.5677101,49,1018.982014,37,9,8,746,4,7925.095961,5,1,0,1415.876874,1,High Risk
CUST_04480,42,Female,Employed,64107.9843,221,1776.919449,6,117.4402254,1,0.0,40,0,9,438,0,12738.02001,7,0,0,4519.332232,1,High Risk
CUST_04481,61,Female,Self-Employed,64014.31215,172,1275.772314,6,540.7664672,46,31.53628816,24,15,8,530,5,12613.98298,7,0,0,2266.394907,1,High Risk
CUST_04482,39,Other,Unemployed,44574.41319,112,1057.047416,5,696.6909907,21,547.5295645,48,6,4,341,4,10549.01968,0,0,0,6997.347529,1,High Risk
CUST_04483,34,Female,Self-Employed,42265.051,178,759.5846813,9,548.2051877,29,216.7919106,59,2,7,535,4,17420.64138,6,0,0,10355.37563,1,High Risk
CUST_04484,69,Other,Self-Employed,55922.51382,29,3252.049007,5,677.4148328,10,744.9646464,1,16,8,768,0,9364.870665,2,0,0,1807.51129,0,Low Risk
CUST_04485,64,Female,Employed,85428.40019,130,2134.597905,5,1254.728549,28,117.6475323,64,8,5,897,1,10419.66993,6,0,0,10137.45894,1,High Risk
CUST_04486,48,Male,Employed,45819.7617,202,1194.144524,3,610.3619286,41,676.2189792,2,14,3,647,3,4826.444617,2,1,0,5265.369441,1,High Risk
CUST_04487,27,Female,Unemployed,41886.09728,163,2517.080206,2,680.6712868,2,513.7535565,13,7,3,497,3,19282.33933,0,0,0,500.0,1,High Risk
CUST_04488,60,Female,Unemployed,71211.10643,78,1918.783243,0,1058.83595,44,974.0121265,44,3,2,644,0,7125.922438,4,0,0,11396.25476,1,High Risk
CUST_04489,67,Other,Employed,51226.386,37,1530.810493,2,303.1834985,12,312.3818108,33,18,8,361,4,3532.902711,0,0,0,9718.168247,1,High Risk
CUST_04490,38,Other,Unemployed,65588.37917,100,676.757849,2,505.9283974,2,920.0756764,35,1,9,687,5,4713.051313,4,0,0,6278.438756,1,High Risk
CUST_04491,67,Other,Unemployed,76543.3603,146,837.7668668,8,541.7970943,9,711.4165178,14,1,5,333,2,13179.52806,6,0,0,11867.1721,1,High Risk
CUST_04492,58,Female,Employed,15673.57005,38,2274.779539,2,819.4572513,3,273.0061357,36,12,7,581,4,11428.51924,4,0,0,17411.98187,1,High Risk
CUST_04493,65,Female,Self-Employed,49323.56735,68,2101.793126,7,679.2632764,13,282.1007321,9,18,1,530,2,10659.48809,0,0,0,8491.639511,1,High Risk
CUST_04494,47,Male,Unemployed,45863.53334,206,401.6227348,7,690.3306817,22,789.4641081,8,0,3,672,3,18027.44699,5,1,0,13292.59135,1,High Risk
CUST_04495,65,Female,Employed,32678.04619,221,1173.874425,2,567.3011045,16,549.4887644,49,14,1,710,5,6098.937038,1,0,0,642.1881801,0,Low Risk
CUST_04496,46,Male,Unemployed,15464.58636,58,2043.96764,9,425.2094089,0,477.2612596,34,1,2,512,0,14968.94937,0,0,0,9796.564052,1,High Risk
CUST_04497,23,Other,Unemployed,21353.03323,147,2389.919187,9,1013.200023,14,952.1088619,45,15,1,576,5,12567.673,1,0,0,10102.12225,1,High Risk
CUST_04498,34,Other,Employed,51878.63807,150,1911.541964,11,681.7685584,1,711.2525435,46,13,8,865,4,14446.23133,5,0,0,10022.47828,1,High Risk
CUST_04499,54,Other,Unemployed,40387.35147,215,1134.937558,5,1016.656643,17,300.5109803,17,5,8,520,0,12681.82047,5,0,0,1650.716318,1,High Risk
CUST_04500,56,Male,Unemployed,35566.99544,96,1688.802425,11,410.9304343,38,372.2196052,24,10,5,874,4,7504.274241,5,0,0,5512.256571,1,High Risk
CUST_04501,20,Female,Unemployed,51699.69283,108,1331.379359,7,567.1652448,21,616.6777349,34,13,6,853,4,0.0,7,0,0,9417.166242,1,High Risk
CUST_04502,22,Other,Self-Employed,37541.35309,86,1805.596138,7,722.5859403,27,567.2342254,79,19,4,409,5,16873.30128,6,0,0,7673.181173,1,High Risk
CUST_04503,66,Female,Self-Employed,73223.2515,138,2682.475855,9,755.2465371,29,689.6962564,50,3,9,496,4,11948.11714,5,0,0,6422.05594,1,High Risk
CUST_04504,43,Female,Unemployed,38824.08369,148,874.2131859,9,1064.029054,12,715.8613782,54,16,0,683,2,12733.34161,6,0,0,10949.53018,1,High Risk
CUST_04505,46,Other,Employed,77095.78736,20,1724.793609,8,649.3217486,2,895.941745,15,15,3,752,0,11818.38738,2,0,0,4891.104662,0,Low Risk
CUST_04506,59,Male,Unemployed,49459.71682,148,1422.613415,8,1061.359785,2,403.96846,11,5,3,751,3,3110.952813,1,0,0,6210.763638,0,Low Risk
CUST_04507,55,Female,Unemployed,38265.80731,127,1289.748867,7,931.230403,44,1102.659404,58,7,7,406,1,13359.9771,6,0,0,10571.20831,1,High Risk
CUST_04508,53,Other,Self-Employed,36957.83436,4,1388.131971,6,762.6015865,25,737.8176406,72,12,4,304,2,12179.92201,3,0,0,13099.73602,1,High Risk
CUST_04509,48,Female,Self-Employed,77248.29659,78,2550.873507,9,467.0454212,3,572.923136,36,3,2,443,3,11568.96123,2,0,0,9335.568802,1,High Risk
CUST_04510,43,Female,Self-Employed,62525.00084,226,1963.616433,2,1064.906343,15,465.4973088,31,15,0,436,0,22297.80578,6,1,0,15241.26158,1,High Risk
CUST_04511,43,Female,Unemployed,36330.47271,236,1116.680631,6,475.7818864,27,600.296264,56,16,0,740,1,12731.64558,2,0,0,15083.23436,0,Low Risk
CUST_04512,61,Female,Unemployed,52143.37823,202,2019.707486,3,792.5518669,7,56.68554283,21,3,4,465,1,11252.78819,1,0,0,15989.56903,1,High Risk
CUST_04513,23,Female,Employed,10000.0,181,1052.972263,1,781.120845,39,476.3119286,44,15,7,364,0,11088.28822,1,0,0,3450.484892,1,High Risk
CUST_04514,22,Male,Unemployed,26031.12226,140,68.61221592,7,727.5167001,15,832.5527573,11,1,8,714,2,5576.502914,3,0,0,7582.596037,0,Low Risk
CUST_04515,53,Male,Unemployed,36494.80395,205,10.0,1,663.738097,30,400.629695,4,19,9,738,5,12837.0049,2,0,0,8609.650619,0,Low Risk
CUST_04516,68,Other,Self-Employed,36053.28926,144,1900.625805,0,512.2731568,22,25.27965251,25,12,9,679,5,13623.12017,1,0,0,3468.248929,0,Low Risk
CUST_04517,42,Male,Self-Employed,71834.26496,28,1272.463017,11,234.0722469,1,171.3794957,19,2,1,427,4,8025.783798,0,0,0,7106.916232,1,High Risk
CUST_04518,42,Male,Self-Employed,15544.63989,49,2297.955328,11,1291.331656,8,423.8890512,60,9,4,496,4,16462.44337,4,0,0,4895.649366,1,High Risk
CUST_04519,64,Male,Self-Employed,24299.48248,32,1809.697935,4,627.8967875,26,584.1369707,7,17,3,893,4,14920.09603,5,1,0,500.0,1,High Risk
CUST_04520,24,Female,Self-Employed,58143.1007,58,1708.425292,9,755.1607667,44,291.34003,61,2,2,795,3,11312.13873,4,0,0,3234.00145,1,High Risk
CUST_04521,50,Female,Employed,54144.90164,121,1139.283937,8,753.0204156,21,160.0187307,53,0,7,895,0,16973.44829,7,0,0,8120.78871,1,High Risk
CUST_04522,60,Other,Employed,43704.12496,172,1917.315347,4,1183.461518,43,318.4284552,79,10,1,801,2,9690.941173,1,0,0,15654.14004,0,Low Risk
CUST_04523,25,Other,Employed,86944.80072,134,2741.417998,10,1476.617978,33,983.2698811,57,4,1,451,5,16787.28783,6,0,0,2105.148453,1,High Risk
CUST_04524,56,Other,Self-Employed,61113.32765,233,10.0,1,855.9465969,8,1159.151299,65,2,4,327,0,9066.954557,3,0,0,13558.88251,1,High Risk
CUST_04525,29,Female,Self-Employed,72010.8447,141,1380.16646,9,745.049066,32,632.2195815,44,10,9,359,5,21482.35537,1,0,0,8002.323084,1,High Risk
CUST_04526,59,Male,Self-Employed,49085.59787,154,2576.145913,3,406.7900475,37,567.9290212,64,0,9,393,1,8493.378754,3,0,0,7395.213351,1,High Risk
CUST_04527,26,Male,Employed,40215.52142,216,583.6117473,7,294.7440427,33,781.7908788,4,14,9,413,3,11056.56772,2,0,0,4230.649007,1,High Risk
CUST_04528,58,Female,Self-Employed,40421.67121,197,1606.808137,6,179.1087746,34,159.0667974,30,6,0,423,2,6804.969279,0,0,0,5997.823475,1,High Risk
CUST_04529,57,Other,Employed,66697.9684,167,953.3365329,4,521.4542642,46,361.8855327,22,1,6,850,1,15295.01568,2,0,0,6851.495802,0,Low Risk
CUST_04530,40,Other,Self-Employed,63909.47008,132,1285.907407,3,68.20082094,25,0.0,20,14,8,556,4,5175.725558,6,0,0,11293.40771,1,High Risk
CUST_04531,39,Other,Unemployed,46065.05362,142,81.43158285,4,1177.590484,6,616.854079,11,17,1,312,5,11295.92838,0,0,0,7303.953097,1,High Risk
CUST_04532,22,Female,Employed,58488.51298,23,2287.785731,6,948.0836854,44,489.0371246,3,3,9,493,4,3705.715417,3,0,0,16055.71577,1,High Risk
CUST_04533,41,Other,Unemployed,67327.12497,199,1620.477573,4,711.9258199,47,303.0236246,36,0,0,853,4,15222.17868,1,0,0,2788.383745,0,Low Risk
CUST_04534,66,Other,Employed,39849.26936,201,344.4689706,7,1188.284393,44,986.2089342,74,8,8,484,0,15542.81933,1,0,0,14587.44074,1,High Risk
CUST_04535,23,Female,Self-Employed,43818.88145,194,1834.897169,6,425.0953729,26,810.4944771,8,8,1,334,1,12748.80886,7,0,0,4784.640787,1,High Risk
CUST_04536,47,Male,Self-Employed,58039.52903,70,1666.400715,6,513.0066306,11,492.1062847,25,5,8,848,2,8821.788577,1,0,0,5234.054405,0,Low Risk
CUST_04537,31,Female,Unemployed,17804.11536,128,948.9398424,8,123.1723519,16,300.8153826,26,13,7,374,1,16164.69371,1,0,0,9857.153491,1,High Risk
CUST_04538,57,Female,Self-Employed,58380.65916,45,3074.559306,7,1071.023793,20,577.7347241,61,8,6,549,2,6346.203053,2,0,0,2736.466696,1,High Risk
CUST_04539,55,Female,Employed,29749.11693,184,1912.876834,11,516.3805498,42,526.286711,49,1,0,319,3,7537.705204,2,0,0,15095.6568,1,High Risk
CUST_04540,66,Female,Self-Employed,66949.76104,235,2532.176252,7,805.4934646,21,372.0050037,71,8,3,546,3,16143.20942,3,0,0,7479.758112,1,High Risk
CUST_04541,60,Male,Self-Employed,88660.12689,102,1371.096417,5,1150.90174,25,255.6504388,1,12,6,738,2,15267.50333,0,0,0,8546.944874,0,Low Risk
CUST_04542,24,Other,Employed,37450.97033,125,199.9865603,6,1279.797764,38,560.61711,25,19,5,733,1,15292.2028,0,0,0,8124.854125,0,Low Risk
CUST_04543,32,Female,Unemployed,25706.41277,192,10.0,7,789.798777,12,556.3736379,68,19,0,465,2,25786.73213,6,0,1,12306.56715,1,High Risk
CUST_04544,42,Male,Unemployed,46761.64465,216,688.8977845,4,934.4831027,41,230.4036964,45,11,6,602,2,13024.67597,0,0,0,4339.337881,0,Low Risk
CUST_04545,69,Other,Self-Employed,45225.3239,95,2578.297652,9,483.6524139,41,9.259249421,77,9,1,648,4,9600.18171,1,0,0,2587.088186,0,Low Risk
CUST_04546,49,Other,Employed,61893.02884,203,1092.124809,1,1389.18067,44,414.6356949,62,4,7,427,2,11147.27902,2,0,0,8856.095021,1,High Risk
CUST_04547,56,Other,Unemployed,54213.1036,220,2332.958349,6,741.8473039,22,142.0679571,69,11,1,648,4,0.0,4,0,0,7425.368295,1,High Risk
CUST_04548,44,Female,Unemployed,44666.05491,142,566.8443652,9,828.0997332,29,300.9418233,22,0,3,535,5,14319.97892,4,0,0,6180.956669,1,High Risk
CUST_04549,67,Female,Self-Employed,51631.04483,131,969.9333654,2,657.6014247,16,362.1388656,16,3,5,673,4,20478.93389,1,0,0,12254.2237,0,Low Risk
CUST_04550,46,Other,Employed,29801.25653,202,1085.207357,9,1219.737149,26,613.3792226,63,12,7,532,2,9917.409057,6,0,0,6408.192938,1,High Risk
CUST_04551,33,Other,Unemployed,64925.87078,163,1680.125666,10,869.8578731,19,359.5210414,28,17,2,893,5,19863.6591,4,0,0,1729.86782,1,High Risk
CUST_04552,67,Other,Self-Employed,79123.30057,194,418.2505056,7,1066.327102,6,568.3809902,51,1,5,363,0,6182.327777,0,0,0,21429.37263,1,High Risk
CUST_04553,66,Other,Self-Employed,28443.25152,118,864.5036001,5,923.885349,3,274.2603146,23,10,5,305,1,7336.073171,0,0,0,4644.239129,1,High Risk
CUST_04554,55,Other,Self-Employed,21573.44641,117,1313.47931,10,722.8567159,48,582.29972,34,3,0,503,2,7312.997203,3,0,0,10737.4945,1,High Risk
CUST_04555,58,Other,Self-Employed,42762.40832,198,425.6939557,3,1125.313996,30,418.996613,46,17,5,807,3,3214.510406,1,0,0,7437.713714,0,Low Risk
CUST_04556,35,Male,Unemployed,28013.53141,144,92.32563891,1,920.8606681,29,572.8942916,50,6,0,898,2,20748.13278,3,0,1,500.0,1,High Risk
CUST_04557,41,Other,Employed,27028.0817,121,1522.849707,6,463.6573287,30,824.8661755,1,8,8,456,2,15090.94626,0,0,0,4479.410251,1,High Risk
CUST_04558,40,Female,Self-Employed,24763.66708,95,438.0109836,0,453.7760157,3,452.9166749,20,1,3,686,3,15726.55639,2,0,0,7084.945503,0,Low Risk
CUST_04559,40,Female,Self-Employed,46515.15687,144,2471.683813,6,852.0893552,17,461.7713827,39,3,4,519,4,7654.66825,1,0,0,500.0,1,High Risk
CUST_04560,27,Female,Unemployed,42594.39555,11,2493.680092,9,1117.610266,19,611.2871009,68,13,0,509,4,16780.25601,6,0,0,3049.998475,1,High Risk
CUST_04561,68,Other,Self-Employed,56718.62463,75,1033.249081,9,1373.797192,39,630.9535568,34,16,0,407,0,8953.789244,5,1,0,5180.782363,1,High Risk
CUST_04562,35,Female,Self-Employed,39865.74449,28,1981.614778,6,177.9752898,39,0.0,43,0,8,808,2,9230.079616,3,1,0,6547.517784,1,High Risk
CUST_04563,50,Male,Employed,28100.42428,179,1555.228001,9,808.9809472,47,213.539688,34,2,5,447,2,18434.2894,3,0,0,13746.15654,1,High Risk
CUST_04564,61,Other,Self-Employed,49696.10636,108,2354.24268,2,971.3766818,46,559.4844953,79,0,9,357,1,6922.7611,0,0,0,6887.421777,1,High Risk
CUST_04565,29,Female,Unemployed,30945.99124,147,1133.38599,3,903.4841972,49,910.4644921,24,19,9,543,5,6010.362359,3,0,0,5354.158503,1,High Risk
CUST_04566,51,Male,Employed,59219.08015,235,1908.347466,11,1153.264487,22,129.5782391,79,12,5,356,4,5296.956599,7,0,0,12041.91651,1,High Risk
CUST_04567,53,Male,Unemployed,20007.98958,70,1749.429243,3,1029.436892,37,357.0246619,30,13,4,370,2,11122.33166,6,0,0,4142.680203,1,High Risk
CUST_04568,28,Female,Employed,11032.05544,190,1708.647882,3,455.0749357,8,560.9722122,51,11,5,796,1,24372.76204,0,0,0,16084.41809,0,Low Risk
CUST_04569,36,Male,Employed,21024.09139,112,1007.27668,8,444.822909,15,257.2286606,34,10,7,559,0,10440.58525,2,0,0,4648.561844,1,High Risk
CUST_04570,30,Female,Self-Employed,42470.25044,133,2448.56582,5,909.3591997,20,635.4091806,22,17,6,853,1,4197.550538,7,0,0,6220.693231,1,High Risk
CUST_04571,51,Male,Self-Employed,44831.66259,223,1173.630625,9,1146.676899,8,679.3380824,48,1,6,657,4,8249.829551,3,1,0,6926.234795,1,High Risk
CUST_04572,29,Other,Self-Employed,52464.9521,27,1168.702664,8,850.1961435,24,609.8356721,15,2,8,333,4,9208.938781,0,0,0,10748.09862,1,High Risk
CUST_04573,41,Other,Unemployed,39835.35763,23,923.8722124,11,247.7234257,48,550.2801985,57,3,8,783,0,12282.76166,0,0,0,11912.58802,0,Low Risk
CUST_04574,36,Other,Self-Employed,34762.85676,142,972.1795524,3,433.4900046,35,245.843781,49,8,8,652,5,14178.62713,2,0,0,9426.875822,0,Low Risk
CUST_04575,23,Other,Self-Employed,75798.94227,56,1308.219085,6,1042.03055,46,426.1010914,77,10,0,728,2,0.0,3,0,0,5586.769187,0,Low Risk
CUST_04576,67,Other,Employed,71039.93753,3,1859.799497,11,677.9742182,42,817.4412178,63,8,5,441,1,4658.766999,5,0,0,2698.009059,1,High Risk
CUST_04577,66,Female,Self-Employed,67751.64376,130,2126.682678,9,841.2850561,13,590.8671916,51,16,4,735,2,4203.356059,6,0,0,9575.865522,1,High Risk
CUST_04578,44,Other,Self-Employed,55560.13328,3,1602.911479,11,1172.896314,16,0.0,39,14,7,553,2,18117.52884,5,0,0,10439.50343,1,High Risk
CUST_04579,40,Other,Self-Employed,56993.11383,175,2633.017524,11,379.2268333,27,704.9204294,53,8,9,615,2,5912.489578,2,0,0,11993.55516,0,Low Risk
CUST_04580,56,Other,Self-Employed,35506.43806,176,1594.137118,8,655.0150704,44,602.0316327,16,6,7,597,3,13677.5319,7,0,1,2019.189593,1,High Risk
CUST_04581,57,Other,Employed,52598.44919,178,63.56095072,9,616.9945153,40,414.1939931,3,7,7,466,0,14794.84893,7,0,0,8126.909371,1,High Risk
CUST_04582,68,Male,Self-Employed,33082.39004,137,576.4313429,2,924.3908878,47,447.925215,79,2,4,650,2,8971.386298,2,0,0,2443.136894,0,Low Risk
CUST_04583,20,Other,Employed,31041.08059,12,2060.016901,2,1070.510862,7,346.6482656,55,0,9,341,0,0.0,2,0,0,8661.71113,1,High Risk
CUST_04584,44,Other,Unemployed,20885.18397,145,1239.713995,5,281.9063901,13,518.3354219,29,3,9,701,5,19033.14376,5,1,0,5435.818557,1,High Risk
CUST_04585,55,Female,Self-Employed,57309.28848,42,1185.007582,7,798.0622743,14,501.1577763,33,16,0,690,2,19860.40032,3,0,0,4866.87632,0,Low Risk
CUST_04586,36,Male,Self-Employed,52946.09172,141,728.4278453,0,1104.265186,38,438.2927633,43,0,3,687,1,11875.84625,4,0,0,13896.38982,1,High Risk
CUST_04587,60,Female,Self-Employed,44548.0722,186,1179.795495,3,150.824742,24,565.7886763,68,3,6,395,1,7898.762555,5,0,0,13071.16631,1,High Risk
CUST_04588,43,Other,Employed,42191.48143,176,1191.67119,7,777.4626455,10,468.5547936,64,7,1,757,0,22771.50981,0,0,0,8940.625572,0,Low Risk
CUST_04589,21,Female,Self-Employed,17058.0832,47,1892.478285,5,374.4754457,28,750.6900826,52,16,6,477,2,7709.436185,0,0,1,5336.772413,1,High Risk
CUST_04590,59,Female,Self-Employed,54615.19207,89,1304.293175,1,575.4515838,2,708.603913,69,11,4,586,0,16769.99391,2,0,0,11265.55984,0,Low Risk
CUST_04591,34,Other,Unemployed,44320.27887,143,2521.200803,7,20.0,38,162.8735331,32,15,5,778,0,3029.576405,2,0,0,12055.39992,0,Low Risk
CUST_04592,51,Male,Employed,66127.94979,29,976.040237,0,1287.456942,21,593.1385448,77,4,5,857,3,14752.41386,4,0,0,7913.515284,1,High Risk
CUST_04593,58,Male,Employed,52631.80441,235,1663.545688,11,675.4598054,36,430.497805,35,12,4,737,2,4206.416214,1,0,0,11641.9824,0,Low Risk
CUST_04594,25,Female,Unemployed,62704.10993,211,175.3839516,0,517.4828476,40,257.5696286,17,12,9,857,3,14271.99361,6,1,0,8058.935678,1,High Risk
CUST_04595,20,Other,Employed,49869.67283,52,2027.188793,6,914.8934659,19,582.7138179,50,11,6,524,2,12021.60225,7,0,0,5592.471494,1,High Risk
CUST_04596,66,Female,Self-Employed,53270.2017,63,363.3715532,9,435.1914186,18,601.3104168,56,2,3,304,4,9803.295336,0,0,0,9344.842392,1,High Risk
CUST_04597,42,Female,Self-Employed,66760.273,15,1956.02036,2,401.9644149,12,1190.139572,43,11,0,409,4,9635.727249,6,0,0,2979.955923,1,High Risk
CUST_04598,58,Female,Unemployed,46536.99324,142,27.49023625,11,1328.615209,26,0.0,9,19,8,542,3,18501.36606,1,0,0,3674.193429,1,High Risk
CUST_04599,36,Other,Employed,58493.38799,159,673.1712117,11,1433.03206,18,382.6655007,38,19,6,450,4,11488.70847,2,0,0,735.5487937,1,High Risk
CUST_04600,53,Other,Employed,42016.56053,87,2170.298583,7,592.7777147,15,1127.570978,55,19,8,818,3,14370.55569,0,0,0,14876.90273,0,Low Risk
CUST_04601,60,Male,Employed,47640.07563,86,2751.459472,8,1173.574148,1,311.7941349,48,10,8,613,4,29083.61711,0,0,0,5608.769615,0,Low Risk
CUST_04602,48,Other,Unemployed,78683.43197,22,10.0,7,924.6141554,0,591.0164838,57,9,6,576,3,4495.007489,2,0,0,13915.10151,1,High Risk
CUST_04603,28,Female,Self-Employed,61529.12028,33,628.1362952,0,305.1590479,2,550.8731757,75,15,1,458,4,7377.007036,7,0,0,500.0,1,High Risk
CUST_04604,32,Female,Unemployed,40253.73965,10,2963.631917,0,475.1538372,23,521.4786637,22,5,1,454,0,2096.009988,7,0,0,19198.25599,1,High Risk
CUST_04605,25,Male,Self-Employed,57612.54488,26,1613.615729,5,1342.88493,43,358.8772184,6,16,3,693,0,1814.622378,1,1,0,7013.315344,1,High Risk
CUST_04606,25,Other,Unemployed,26960.33707,205,674.290011,11,300.6217385,37,378.7155636,44,12,8,371,0,23433.27171,7,0,0,9299.393787,1,High Risk
CUST_04607,39,Female,Self-Employed,46018.54014,169,2681.623491,0,1598.349768,1,579.4923929,54,17,6,861,2,9485.378399,1,0,0,2524.613122,0,Low Risk
CUST_04608,22,Male,Employed,32838.36259,35,1968.336353,7,600.0232384,15,452.6646482,54,11,8,400,1,0.0,3,0,1,7265.052844,1,High Risk
CUST_04609,36,Male,Employed,58134.31156,44,1588.014972,5,1353.285217,28,576.3827874,76,4,3,467,3,10304.08266,3,0,0,5058.765064,1,High Risk
CUST_04610,68,Female,Employed,46599.23171,145,10.0,4,693.0526719,36,619.6008705,37,19,8,877,1,9036.089985,4,0,0,3852.849075,1,High Risk
CUST_04611,31,Female,Unemployed,55102.61256,198,3176.789832,5,1079.966257,43,746.0811577,18,15,6,541,0,5703.666322,6,0,0,6607.826057,1,High Risk
CUST_04612,67,Other,Unemployed,63935.23133,195,1709.90477,3,1288.261599,3,765.9692742,21,2,7,415,3,9353.21748,4,0,0,500.0,1,High Risk
CUST_04613,66,Male,Unemployed,41716.14334,162,1252.272257,0,1286.483836,13,542.8920554,10,15,0,571,3,12945.81251,1,1,0,16739.78057,1,High Risk
CUST_04614,64,Female,Employed,42359.2823,141,2669.393697,6,595.4720642,16,220.5210265,2,10,8,604,2,9539.225114,7,0,0,6780.57803,1,High Risk
CUST_04615,20,Male,Self-Employed,49333.33075,96,766.6511311,9,499.914165,43,818.4157222,18,13,7,337,1,17112.15814,2,0,0,13332.19233,1,High Risk
CUST_04616,36,Other,Employed,34511.06706,39,625.1556193,8,771.5757966,44,587.2944571,6,12,0,825,5,11630.62241,1,0,0,21071.93226,0,Low Risk
CUST_04617,22,Female,Employed,49798.16621,149,721.4249853,3,344.8321326,16,711.9178865,33,10,7,384,1,12080.6942,0,0,0,4857.054917,1,High Risk
CUST_04618,45,Other,Self-Employed,50748.13027,181,1196.072081,3,883.7424615,19,620.8164157,10,13,4,543,4,10845.98244,3,0,0,9598.246251,1,High Risk
CUST_04619,34,Male,Self-Employed,54120.92387,230,1521.416586,8,512.7211717,46,450.6325649,4,9,2,448,3,4596.927811,3,0,0,10138.06,1,High Risk
CUST_04620,55,Other,Self-Employed,57551.90795,36,2012.112939,3,1178.948421,28,422.5804779,70,17,7,618,0,4836.579798,6,0,0,2350.258621,1,High Risk
CUST_04621,51,Other,Self-Employed,21143.90739,201,499.166542,9,600.4606543,40,906.4465315,35,6,2,597,4,12724.19089,5,0,0,11821.62686,1,High Risk
CUST_04622,51,Male,Employed,26867.81303,190,1742.62827,3,190.2093607,25,531.4247312,4,17,7,370,5,7450.611816,6,0,0,14123.14412,1,High Risk
CUST_04623,23,Other,Unemployed,28990.68343,239,1017.951858,7,1290.320172,41,497.1162765,55,1,4,896,4,15587.12921,6,0,0,6088.483935,1,High Risk
CUST_04624,37,Male,Employed,51666.94402,214,1413.576851,10,864.1788012,37,307.6874659,4,7,7,576,3,9989.187705,1,0,0,10004.69418,1,High Risk
CUST_04625,68,Female,Self-Employed,44881.23454,55,2467.315155,3,810.1972116,16,440.1671199,26,14,2,412,4,7362.682562,0,0,0,8559.757453,1,High Risk
CUST_04626,38,Male,Unemployed,10000.0,142,1894.2861,8,1183.038175,11,752.0898268,26,5,9,874,3,13553.46284,1,0,0,7095.049585,0,Low Risk
CUST_04627,62,Male,Unemployed,85046.80655,192,1960.885536,10,1105.051776,27,525.2588402,31,12,5,388,3,12163.41219,5,0,0,12628.41439,1,High Risk
CUST_04628,54,Female,Employed,14198.55678,98,1007.110288,7,533.3512596,8,837.7322654,14,4,5,376,4,2057.105992,6,0,1,4906.241512,1,High Risk
CUST_04629,59,Male,Employed,50547.62624,196,3040.376092,4,642.5764379,31,597.3943327,53,2,3,418,0,1078.895175,6,0,0,6303.203298,1,High Risk
CUST_04630,33,Female,Employed,60140.71475,216,2037.664672,8,410.4656625,33,538.7520739,19,14,4,582,5,15427.54122,1,0,0,1677.380897,0,Low Risk
CUST_04631,52,Female,Unemployed,37043.83446,107,1160.151331,7,287.4417807,15,400.5164981,33,8,6,528,4,7544.583348,1,0,0,5863.170934,1,High Risk
CUST_04632,33,Male,Unemployed,61519.27443,50,2412.873063,9,1002.507387,47,526.8408238,33,16,0,435,1,12910.97447,0,0,0,12333.49682,1,High Risk
CUST_04633,53,Other,Unemployed,31852.80537,42,1955.156015,3,937.2645085,30,299.5840702,45,16,7,713,3,13394.60305,3,0,0,7481.101258,0,Low Risk
CUST_04634,23,Other,Self-Employed,53079.82523,154,489.591621,3,1066.290224,26,669.6769261,20,12,2,422,0,19219.9138,2,0,0,5222.812528,1,High Risk
CUST_04635,43,Female,Self-Employed,10750.1572,180,1660.019653,0,1248.561905,28,499.1498858,38,17,6,329,5,21897.40263,5,0,1,500.0,1,High Risk
CUST_04636,48,Other,Employed,71118.12364,225,725.4643356,3,1071.066178,0,451.8471232,39,19,8,317,2,5135.839476,4,0,0,1092.695627,1,High Risk
CUST_04637,38,Other,Unemployed,50015.76055,198,10.0,11,1102.210817,26,446.9701258,43,4,1,322,2,11104.61463,6,0,0,1888.622404,1,High Risk
CUST_04638,25,Male,Employed,21295.17672,90,1153.846469,7,72.71355964,31,683.5648079,35,12,9,337,4,11258.75078,7,1,0,8219.170988,1,High Risk
CUST_04639,52,Female,Unemployed,61317.57766,45,2407.230622,11,692.5551653,10,354.8856866,54,6,9,547,2,21114.17961,0,0,0,16090.48085,1,High Risk
CUST_04640,68,Female,Employed,79378.74039,19,2679.486583,11,1137.601773,34,766.8778765,70,3,6,660,1,3363.324956,3,0,0,10779.22821,0,Low Risk
CUST_04641,59,Male,Self-Employed,33324.61164,234,1091.420307,4,391.1269423,1,403.5743221,49,12,0,841,4,20613.43903,1,0,0,7426.019956,0,Low Risk
CUST_04642,38,Other,Unemployed,46216.18505,213,1271.670473,5,832.084984,45,668.342805,57,16,4,418,4,15375.75652,2,0,0,11507.83749,1,High Risk
CUST_04643,20,Female,Self-Employed,40733.16987,234,2616.908245,3,981.8125542,0,393.5120245,73,7,6,759,5,8703.884722,4,0,0,5642.33866,1,High Risk
CUST_04644,24,Other,Unemployed,36136.09553,104,2036.519883,4,954.9987228,5,365.265241,73,2,4,373,0,17233.72113,5,0,0,500.0,1,High Risk
CUST_04645,46,Female,Employed,34239.88219,185,1891.577997,9,929.0787078,6,879.8735507,37,15,4,882,3,9750.5307,4,1,0,11263.33629,1,High Risk
CUST_04646,35,Female,Unemployed,38363.75223,164,1611.581116,7,1009.619452,1,676.1900987,23,1,5,572,4,2303.603386,0,0,0,12077.25337,1,High Risk
CUST_04647,25,Female,Self-Employed,39337.15171,113,2079.827206,11,863.2603632,1,531.4668287,73,0,9,779,4,12725.86842,1,0,0,2786.530358,0,Low Risk
CUST_04648,59,Female,Unemployed,43583.65855,227,1476.118522,8,287.9751274,46,139.9061589,58,7,9,624,4,10414.16639,6,0,0,8461.053334,1,High Risk
CUST_04649,32,Other,Employed,42276.62028,72,2723.610989,2,977.4344374,4,609.5284256,44,2,5,661,0,9087.063226,1,0,0,12777.7667,0,Low Risk
CUST_04650,67,Other,Unemployed,63701.07824,62,1404.362587,9,899.6612962,12,758.8444261,25,16,9,440,4,7256.025846,2,0,0,1757.684372,1,High Risk
CUST_04651,54,Other,Self-Employed,62093.7737,181,1391.676055,3,292.5880422,18,550.7824497,64,18,1,306,5,15692.57322,4,0,0,13494.32923,1,High Risk
CUST_04652,38,Other,Employed,22396.98901,230,10.0,0,1282.907324,18,508.8163466,10,15,9,800,3,11910.61508,0,0,0,11952.26258,0,Low Risk
CUST_04653,31,Male,Self-Employed,39315.37353,79,2346.477473,10,986.8431949,46,551.1103815,49,19,9,367,3,9147.005553,1,0,0,13717.25358,1,High Risk
CUST_04654,35,Female,Unemployed,72510.03044,203,729.8110155,4,316.8780877,0,612.0519805,57,9,8,766,4,8359.892801,4,0,0,17251.70555,1,High Risk
CUST_04655,62,Female,Self-Employed,55292.44927,37,10.0,3,513.9711926,34,358.0117993,33,14,2,729,0,9240.013282,4,0,0,4204.942473,1,High Risk
CUST_04656,29,Female,Unemployed,56020.47269,164,1356.896023,5,602.5817854,17,498.1663967,15,6,0,846,2,8504.317511,3,0,0,11736.03228,0,Low Risk
CUST_04657,44,Male,Employed,54301.61153,18,1229.384795,5,602.3327964,48,534.5598676,58,15,0,328,4,9560.529122,7,0,0,2381.517661,1,High Risk
CUST_04658,39,Other,Self-Employed,45290.10045,212,1859.879317,9,902.5675661,31,740.4901068,0,16,8,655,5,16360.0846,7,0,0,5244.899384,1,High Risk
CUST_04659,50,Female,Self-Employed,49261.13977,148,2019.31039,5,458.2768871,31,0.0,40,19,5,333,4,9771.433502,2,1,0,16635.46637,1,High Risk
CUST_04660,23,Other,Unemployed,42729.8196,40,837.8059034,2,1194.847861,7,747.3171848,27,12,6,559,1,12920.15997,7,0,0,11398.51898,1,High Risk
CUST_04661,63,Other,Self-Employed,65403.23454,173,3675.929714,6,1166.031208,10,118.7859677,14,9,1,612,5,9691.436595,1,0,0,5189.525965,0,Low Risk
CUST_04662,42,Male,Self-Employed,42893.99138,34,1338.931293,2,1016.761058,19,338.2627383,79,8,0,640,0,1355.600608,3,1,0,3940.271566,1,High Risk
CUST_04663,21,Male,Employed,47966.78363,9,149.4403775,5,815.4846214,7,500.6445331,45,6,1,749,3,13310.8171,2,0,0,7942.951453,0,Low Risk
CUST_04664,41,Other,Unemployed,63236.07416,217,2766.253533,9,1128.10663,27,682.1126364,31,11,2,703,0,7702.583151,3,0,0,4557.531288,0,Low Risk
CUST_04665,56,Female,Unemployed,44099.74393,217,2082.725653,0,703.418297,20,777.572675,38,0,2,305,0,16002.64291,1,0,0,500.0,1,High Risk
CUST_04666,27,Female,Employed,48727.03912,48,1827.089611,7,546.4288985,37,334.3023983,64,15,7,840,4,21930.24815,7,0,0,7433.303532,1,High Risk
CUST_04667,26,Male,Employed,43552.43616,191,1151.75677,6,1216.538376,37,652.3678278,72,3,3,635,1,8032.311866,7,0,0,2111.848477,1,High Risk
CUST_04668,33,Male,Unemployed,48391.97138,20,1536.658493,11,911.139965,5,288.62731,74,13,0,692,4,17431.32618,0,0,0,5587.376422,0,Low Risk
CUST_04669,22,Male,Employed,44162.20326,73,10.0,8,560.5798258,1,217.8802014,10,16,1,848,0,9527.491244,3,0,0,15893.04331,0,Low Risk
CUST_04670,69,Male,Employed,40354.57892,236,1283.158799,2,653.7901715,9,892.7271025,69,11,8,781,4,10154.64652,3,0,0,5903.636935,0,Low Risk
CUST_04671,35,Male,Employed,37256.84725,42,3465.427018,11,542.2502057,41,881.2807871,33,14,1,722,5,14266.92762,4,0,0,1457.053756,1,High Risk
CUST_04672,38,Male,Unemployed,46895.88628,90,736.5197873,7,1507.761201,8,423.7203207,49,11,8,874,0,200.4363204,7,1,0,10974.59329,1,High Risk
CUST_04673,37,Male,Employed,68328.2878,80,1641.418252,1,801.4344531,2,148.7068744,43,2,4,538,3,1654.368713,5,0,0,8629.875071,1,High Risk
CUST_04674,35,Female,Self-Employed,61226.54722,180,152.0848383,8,855.2199589,1,221.3576607,13,9,3,549,4,12344.4524,1,0,0,12535.44978,1,High Risk
CUST_04675,27,Male,Self-Employed,21574.72983,7,1083.438996,0,1052.426667,35,778.1142402,71,19,3,546,4,0.0,3,0,0,7993.507714,1,High Risk
CUST_04676,52,Male,Unemployed,42275.30911,184,487.8465774,11,374.6236561,7,604.8169515,24,16,2,851,3,18511.5926,5,0,0,8168.617983,1,High Risk
CUST_04677,68,Female,Employed,38509.90576,88,1841.85615,9,1183.791543,8,233.6619111,67,13,1,363,4,20010.26588,0,0,0,9384.395521,1,High Risk
CUST_04678,31,Female,Self-Employed,21878.18309,188,1672.666222,6,587.2538542,25,545.5509575,49,12,7,421,0,14121.74559,7,1,0,13588.36819,1,High Risk
CUST_04679,30,Other,Unemployed,54955.01352,24,457.6183654,9,1440.5057,33,306.6426882,31,12,5,424,2,11215.77262,3,0,0,3024.765615,1,High Risk
CUST_04680,24,Male,Self-Employed,48270.35805,76,1570.628519,0,690.5694445,47,112.6848249,54,7,8,836,4,18653.82988,2,0,0,12781.06659,0,Low Risk
CUST_04681,46,Male,Employed,86412.95737,92,1599.010206,5,1163.174005,29,236.8547055,77,13,1,661,3,9210.954192,0,0,0,8829.402244,0,Low Risk
CUST_04682,31,Male,Unemployed,43987.63398,81,1639.938196,0,20.0,37,769.6906295,24,1,0,335,3,9738.023983,0,0,0,11576.82681,1,High Risk
CUST_04683,36,Male,Self-Employed,36028.83983,168,2183.144143,3,388.7034234,7,81.1502337,78,18,7,407,2,11176.36126,3,0,0,2456.842168,1,High Risk
CUST_04684,25,Other,Unemployed,34287.1107,235,2752.035372,6,697.2374944,2,466.1750021,51,1,7,485,0,7034.878313,3,0,0,4417.536122,1,High Risk
CUST_04685,52,Female,Self-Employed,41871.36824,236,1008.923943,1,89.22595066,10,224.7782685,55,11,4,760,1,19749.36575,4,0,0,527.2186254,1,High Risk
CUST_04686,24,Female,Self-Employed,60625.87924,121,1254.915744,2,1010.309557,24,796.3127278,21,19,1,318,0,19563.53913,1,0,0,4944.320066,1,High Risk
CUST_04687,47,Male,Employed,62687.62547,179,1361.39005,3,909.5353439,4,452.6135928,46,11,9,393,5,6354.55173,4,0,0,7153.480909,1,High Risk
CUST_04688,33,Male,Employed,102670.8321,131,458.3152888,5,453.2103225,11,756.1314265,69,18,4,654,4,7501.856645,2,0,0,2154.849193,0,Low Risk
CUST_04689,24,Male,Self-Employed,28281.53248,80,693.7650321,11,794.4144795,29,318.7918847,50,15,7,427,3,9904.382629,1,0,0,4862.079651,1,High Risk
CUST_04690,52,Other,Unemployed,51552.22776,38,1950.593552,8,1082.26703,26,552.9527487,65,1,3,614,3,19212.50895,4,0,0,9342.982497,1,High Risk
CUST_04691,69,Other,Unemployed,37682.93234,97,3039.964636,3,63.9326691,42,334.5804895,69,7,1,681,0,9873.295231,7,0,0,12512.07844,1,High Risk
CUST_04692,67,Female,Employed,56308.99589,30,668.2890111,5,354.2788443,4,160.2681996,74,1,2,774,0,12943.3828,4,0,0,7587.002264,1,High Risk
CUST_04693,60,Male,Self-Employed,74896.82904,100,3334.564611,11,682.7190953,19,287.8940889,64,9,2,697,4,5596.663775,3,0,0,8553.915404,0,Low Risk
CUST_04694,38,Male,Employed,65518.00482,37,1046.917188,6,808.3032693,20,393.3849929,21,15,8,541,0,21131.64356,4,0,0,6969.254902,1,High Risk
CUST_04695,41,Male,Self-Employed,28263.11886,190,2469.520619,3,779.4860024,2,174.962431,40,6,2,451,2,4984.824919,3,0,0,5045.589831,1,High Risk
CUST_04696,24,Male,Self-Employed,62323.83574,233,1843.496307,5,1111.253175,40,698.1710898,76,18,0,718,2,9530.869198,0,0,0,6476.432758,0,Low Risk
CUST_04697,21,Other,Employed,11959.68572,64,1655.820051,2,967.023936,49,287.3408247,46,19,6,810,1,1762.346481,1,0,0,6676.274869,0,Low Risk
CUST_04698,49,Female,Unemployed,10000.0,89,1158.393503,4,1043.822194,43,760.6554869,59,2,0,771,3,19409.99951,3,0,0,11093.27441,0,Low Risk
CUST_04699,66,Female,Employed,45517.0899,176,1512.675734,11,313.5434935,3,309.9703216,21,16,5,561,4,11811.77945,5,0,0,12190.95329,1,High Risk
CUST_04700,58,Other,Self-Employed,60992.24404,110,931.2655313,11,850.6883492,23,410.2049613,3,7,9,778,4,22671.72412,5,0,0,8067.492435,1,High Risk
CUST_04701,23,Male,Employed,56267.54335,213,2256.539878,10,692.5001218,6,294.6186731,43,3,3,803,0,6114.762812,5,0,0,4873.878399,1,High Risk
CUST_04702,52,Female,Unemployed,84304.18822,127,2394.291051,9,1311.725159,23,496.1597494,40,0,6,555,3,18295.80522,5,0,0,500.0,1,High Risk
CUST_04703,32,Female,Unemployed,51967.88569,212,979.6003736,3,861.0384731,10,298.5817535,37,17,6,591,1,14360.76141,4,0,0,3624.238992,1,High Risk
CUST_04704,39,Other,Self-Employed,48076.54339,81,187.6253298,6,565.8311228,1,275.9655284,16,0,6,584,1,7240.072403,5,0,0,9339.809962,1,High Risk
CUST_04705,26,Male,Employed,70793.47113,127,1237.720842,5,1098.375447,43,871.9032386,16,8,5,440,1,8044.629511,7,0,0,6259.449,1,High Risk
CUST_04706,34,Female,Unemployed,43265.61173,63,3090.765183,6,997.1542286,40,796.0734642,44,13,6,588,5,15286.72078,3,0,0,6857.355316,0,Low Risk
CUST_04707,42,Male,Employed,56997.46946,195,1685.564617,5,512.4394146,5,991.622943,45,6,7,443,3,11771.56345,0,0,0,885.4225474,1,High Risk
CUST_04708,33,Female,Unemployed,58081.5706,219,2422.764965,11,678.028604,6,469.7409544,7,7,2,384,5,7893.372981,2,0,0,6406.472357,1,High Risk
CUST_04709,42,Other,Self-Employed,32508.17496,28,757.7547497,1,683.9937391,37,29.91970324,14,7,4,400,1,22489.47847,2,0,0,11340.91496,1,High Risk
CUST_04710,38,Male,Self-Employed,56974.40227,165,1111.035669,6,1229.611382,17,482.4134595,32,0,9,536,5,12266.42784,7,0,0,500.0,1,High Risk
CUST_04711,48,Other,Employed,89330.48472,59,1251.420247,7,871.1346559,44,310.9233183,48,2,8,717,5,9749.606928,0,1,0,500.0,1,High Risk
CUST_04712,39,Female,Self-Employed,70459.69471,209,563.1217449,6,1054.373867,8,382.9529437,9,8,7,504,2,5510.148748,4,0,0,2150.412569,1,High Risk
CUST_04713,48,Other,Unemployed,34892.78834,193,1633.485365,3,627.3548976,27,489.6159928,61,7,5,426,0,8877.550198,1,0,0,8939.684084,1,High Risk
CUST_04714,43,Other,Self-Employed,92095.71693,134,845.2629108,3,917.1801019,18,929.9436318,54,4,8,606,1,0.0,1,1,0,3702.126937,1,High Risk
CUST_04715,37,Other,Unemployed,62406.85404,209,2259.153641,11,1256.176316,3,525.0941255,57,0,9,559,2,12012.00561,3,0,0,11438.15751,1,High Risk
CUST_04716,29,Female,Unemployed,57636.49195,44,1571.367386,4,673.6231322,3,1016.250106,62,1,4,476,2,16399.71093,6,0,0,12267.4393,1,High Risk
CUST_04717,60,Male,Self-Employed,48250.01194,232,2684.706873,8,840.3041813,12,331.1951256,10,9,1,504,4,20611.33663,2,0,0,1531.559625,1,High Risk
CUST_04718,27,Other,Unemployed,62288.70166,175,158.0859159,4,322.8428103,27,870.1311913,34,13,8,499,5,9494.964003,0,0,0,11792.45988,1,High Risk
CUST_04719,45,Male,Unemployed,52012.12336,169,1075.134558,1,532.0546685,10,542.0789092,3,14,4,812,0,14876.39797,6,0,0,12107.20314,1,High Risk
CUST_04720,48,Female,Employed,50353.60021,195,1174.067116,4,682.9449878,1,0.0,65,9,7,468,4,9922.807919,4,0,0,8717.418536,1,High Risk
CUST_04721,29,Male,Employed,47604.04046,24,1870.57144,2,428.7062419,5,544.537663,32,8,7,733,3,1258.462855,0,0,0,6825.281688,0,Low Risk
CUST_04722,36,Other,Employed,67527.80485,141,1162.380485,9,1262.690787,11,675.8055907,72,11,3,808,2,0.0,2,0,0,12754.73949,0,Low Risk
CUST_04723,21,Other,Self-Employed,65532.9148,232,2877.931139,7,506.6975429,39,95.39816315,34,9,3,764,5,11344.82543,0,0,0,15362.00452,0,Low Risk
CUST_04724,25,Other,Employed,47310.90416,167,1352.72365,9,1075.379507,36,430.4906532,37,8,0,563,4,0.0,0,0,0,7629.567359,1,High Risk
CUST_04725,24,Other,Unemployed,22658.2775,92,775.6663562,9,865.3926831,23,370.9735104,77,17,4,878,0,10467.97877,0,0,0,9129.076033,0,Low Risk
CUST_04726,47,Other,Self-Employed,50649.18909,181,1371.252046,1,810.798182,8,741.9952817,56,18,8,417,2,9430.316328,3,0,0,11224.14985,1,High Risk
CUST_04727,60,Other,Self-Employed,37078.22553,221,1239.493414,10,1320.157276,25,390.5133439,32,18,4,385,1,1434.034093,4,0,0,16060.43797,1,High Risk
CUST_04728,24,Female,Self-Employed,41475.57224,60,2242.598248,3,20.0,3,403.7686713,43,16,4,534,0,0.0,7,1,0,13814.55642,1,High Risk
CUST_04729,37,Female,Self-Employed,47752.65647,207,1170.553851,4,731.3282861,40,281.7488797,52,1,5,621,1,7576.594791,1,0,0,5739.855083,0,Low Risk
CUST_04730,45,Female,Unemployed,30914.31218,9,283.6769216,11,421.8668822,43,261.8736642,79,9,5,557,3,20804.42542,6,0,0,13675.58044,1,High Risk
CUST_04731,39,Male,Unemployed,21014.6332,138,1642.016052,3,113.5028568,3,254.6089886,19,4,7,316,1,13489.18762,6,0,0,500.0,1,High Risk
CUST_04732,60,Male,Employed,55255.5176,53,979.3197589,4,381.8438932,48,201.5478514,62,6,0,884,1,7512.493362,4,0,0,10391.20814,1,High Risk
CUST_04733,68,Female,Self-Employed,50482.93156,153,576.1881201,9,806.0331373,33,187.9784958,50,5,4,776,3,7086.047162,2,0,0,20798.10124,0,Low Risk
CUST_04734,46,Male,Employed,49794.63658,92,1518.06546,10,546.1285048,21,873.4316185,13,1,8,663,3,13982.33588,6,0,0,2349.504756,1,High Risk
CUST_04735,68,Male,Unemployed,59193.79859,110,1394.306355,3,1113.814756,12,848.4124707,34,7,2,548,1,12414.52152,1,0,0,7275.486379,1,High Risk
CUST_04736,31,Other,Self-Employed,38128.3183,221,1323.731179,2,725.1539532,14,786.8742876,44,3,6,753,2,15913.43533,5,0,0,5778.713529,1,High Risk
CUST_04737,26,Other,Unemployed,55984.52176,11,1708.337969,0,686.3415758,39,518.3162168,32,17,6,400,2,22461.99174,3,0,0,6471.021817,1,High Risk
CUST_04738,22,Male,Employed,74073.59675,176,1036.890468,3,687.9016673,37,393.6061455,60,3,9,694,5,18524.05055,1,0,0,12263.24726,0,Low Risk
CUST_04739,29,Male,Unemployed,45415.29306,40,1592.750643,8,765.5269579,40,630.0552446,71,7,2,632,4,18388.08665,1,0,1,11900.2006,1,High Risk
CUST_04740,53,Female,Self-Employed,84188.9077,113,1028.330417,0,653.5325128,42,868.0082653,52,16,6,348,4,11156.6486,1,0,0,11053.71693,1,High Risk
CUST_04741,44,Male,Self-Employed,50899.89969,15,2157.798739,6,502.0612059,43,556.5807583,77,13,2,665,3,0.0,0,0,0,9012.894087,0,Low Risk
CUST_04742,54,Other,Employed,34657.17365,9,1480.99185,2,1146.214709,1,401.7070703,77,7,5,805,0,0.0,7,0,0,11471.16785,1,High Risk
CUST_04743,35,Male,Self-Employed,65294.31245,141,2899.808777,7,581.5667324,1,647.3000726,49,13,7,568,1,14682.50885,2,0,0,5458.603744,1,High Risk
CUST_04744,21,Female,Unemployed,47973.91048,204,1104.092612,5,665.7656843,42,1338.356639,14,7,7,529,3,8399.400324,5,0,0,10714.16084,1,High Risk
CUST_04745,43,Other,Unemployed,68945.9089,227,1785.725999,0,950.291778,7,302.3685263,41,13,5,527,3,21611.03359,3,0,0,10342.34652,1,High Risk
CUST_04746,29,Other,Unemployed,57440.2332,233,2403.767152,9,911.5594362,37,239.6674237,19,10,1,441,3,20546.62448,7,0,0,4854.078109,1,High Risk
CUST_04747,57,Other,Unemployed,44099.07856,180,1928.976633,4,487.2966782,17,806.1866625,67,8,0,514,2,12487.77132,5,0,0,7790.793397,1,High Risk
CUST_04748,41,Other,Employed,77378.26894,69,1612.353222,11,1064.24368,28,759.1601279,6,16,2,880,0,8851.243121,2,0,0,8418.383753,0,Low Risk
CUST_04749,45,Male,Unemployed,41011.31832,43,1768.845513,7,988.1846189,10,239.6414751,65,16,2,345,2,6274.069755,0,0,0,7401.727384,1,High Risk
CUST_04750,62,Female,Employed,11018.85811,159,1906.024206,10,862.291192,5,577.3568469,72,11,6,314,4,21432.70947,3,0,0,5710.231815,1,High Risk
CUST_04751,58,Male,Unemployed,65850.43408,167,1738.293803,2,649.0391023,8,414.6247594,22,19,3,642,3,12755.32672,6,0,0,4536.643633,1,High Risk
CUST_04752,46,Male,Employed,56298.77591,186,1488.239585,11,657.6442583,21,188.7061594,35,1,1,435,2,7541.713237,5,0,0,3581.289852,1,High Risk
CUST_04753,48,Other,Unemployed,73106.94538,239,2089.717447,11,729.3710139,45,201.9813945,11,16,1,566,3,11221.06501,7,1,0,6888.828202,1,High Risk
CUST_04754,66,Female,Unemployed,34129.87055,210,1432.200228,3,368.8588206,24,356.6402727,22,19,6,710,0,10342.38165,0,0,0,8677.959097,0,Low Risk
CUST_04755,57,Other,Employed,45551.27017,18,712.2034917,6,786.256043,30,539.7916333,10,10,7,474,1,22580.56778,3,0,0,14959.58904,1,High Risk
CUST_04756,39,Male,Self-Employed,43519.24807,46,3146.755038,10,1112.235714,20,676.0608474,0,8,4,800,2,13031.93742,3,0,0,500.0,0,Low Risk
CUST_04757,46,Male,Self-Employed,66807.71735,52,2201.96569,5,1106.729916,37,400.7732006,76,17,1,621,0,12098.25432,7,0,0,11716.6573,1,High Risk
CUST_04758,60,Other,Self-Employed,61715.30324,237,770.7831479,6,666.7018801,18,432.605357,38,5,2,667,1,3789.186816,4,0,0,16867.08246,1,High Risk
CUST_04759,39,Male,Employed,53866.40676,201,1304.491811,8,1172.429145,9,644.7646002,69,3,0,872,3,14778.5811,0,0,0,500.0,0,Low Risk
CUST_04760,63,Male,Self-Employed,53982.40467,209,1044.230679,8,1467.066594,45,423.738031,30,13,9,708,5,12258.44774,2,0,0,16269.57286,0,Low Risk
CUST_04761,38,Other,Self-Employed,29282.51908,232,1101.504938,1,689.3273627,36,434.6759388,8,19,3,707,0,15178.21426,6,1,0,15342.36591,1,High Risk
CUST_04762,39,Male,Employed,63836.27846,136,2193.688322,2,1042.030147,11,791.9883076,55,9,6,607,4,12317.80371,7,0,0,8535.294845,1,High Risk
CUST_04763,54,Female,Self-Employed,64204.17842,20,1234.700843,3,20.0,18,405.5521181,17,3,9,362,5,9923.262187,6,0,0,7042.951268,1,High Risk
CUST_04764,66,Other,Self-Employed,91239.92914,149,3032.877141,5,359.6486451,1,346.337704,58,14,8,360,1,12297.77169,5,0,0,5097.928837,1,High Risk
CUST_04765,21,Female,Self-Employed,58474.12954,53,86.64723415,4,831.8923603,14,349.4741098,66,8,2,806,1,7363.97105,0,0,0,6445.763447,0,Low Risk
CUST_04766,49,Male,Employed,61384.25635,196,1476.255661,5,447.6434281,37,457.6882716,2,11,3,555,3,12925.45641,5,0,0,6919.814248,1,High Risk
CUST_04767,53,Male,Employed,58596.8203,5,434.8056588,10,1513.720716,7,817.940629,29,7,5,376,4,19746.55015,0,1,0,6366.074285,1,High Risk
CUST_04768,41,Other,Self-Employed,37459.31419,91,1761.978282,7,1009.257891,45,608.3780517,63,4,0,389,2,17291.14412,0,0,0,5784.020502,1,High Risk
CUST_04769,22,Male,Self-Employed,72489.22574,230,1857.936007,1,1138.041076,34,468.7628464,69,15,4,664,0,10249.97495,4,0,0,18156.05638,1,High Risk
CUST_04770,25,Other,Employed,48996.56879,56,2219.220182,5,789.8407578,37,472.8320911,1,14,9,571,5,10747.25247,4,0,0,7716.504065,1,High Risk
CUST_04771,34,Other,Self-Employed,46526.74065,51,518.3980288,8,448.877193,42,692.9442151,19,16,4,574,3,15512.33274,4,0,0,6292.251326,1,High Risk
CUST_04772,46,Other,Employed,47573.35654,30,1845.110695,4,618.4164012,29,471.6822654,28,0,9,339,4,14236.95615,4,0,0,9606.07497,1,High Risk
CUST_04773,29,Other,Self-Employed,48813.01505,40,801.2254483,0,889.0331679,8,468.0093852,8,11,8,473,1,11995.1399,7,0,1,14285.14939,1,High Risk
CUST_04774,28,Other,Employed,41244.6364,30,1576.638085,7,576.7296316,29,583.2671262,3,19,8,798,1,8659.54693,0,0,0,5384.732798,0,Low Risk
CUST_04775,52,Female,Unemployed,53874.29504,34,1146.449809,3,1034.917197,48,321.0528397,39,18,0,656,5,6672.745817,6,0,0,12484.1667,1,High Risk
CUST_04776,51,Other,Unemployed,48261.04727,43,488.3654191,7,1048.995239,18,989.0672226,54,4,2,883,1,6593.221816,7,0,0,9435.418442,1,High Risk
CUST_04777,67,Female,Employed,46729.23094,38,2077.832582,3,801.7434564,28,972.1671672,12,14,3,625,4,11030.33686,2,0,0,6296.177119,0,Low Risk
CUST_04778,25,Male,Unemployed,58816.84919,105,1293.143226,10,161.0277195,1,521.6842244,5,8,0,816,4,14021.24385,1,0,1,10771.44742,1,High Risk
CUST_04779,60,Other,Self-Employed,51364.19638,38,2186.079628,7,1400.174727,27,470.3047788,72,2,8,582,2,1689.615245,0,1,0,15086.41987,1,High Risk
CUST_04780,55,Male,Employed,40025.55297,109,2243.21178,8,725.5645002,7,278.8830242,25,11,1,471,0,16388.02856,5,0,0,9286.805632,1,High Risk
CUST_04781,21,Other,Employed,36256.26943,128,2549.063713,4,1748.246827,24,519.2302641,40,18,4,593,1,5604.64687,2,0,0,11818.2683,0,Low Risk
CUST_04782,48,Female,Self-Employed,51771.23,89,1094.557879,4,1028.387494,9,252.1412057,41,14,2,755,2,7891.900508,7,0,0,9379.975889,1,High Risk
CUST_04783,23,Female,Self-Employed,36560.6269,68,756.8706109,1,726.5157231,21,462.0681594,77,2,3,513,4,10474.4686,1,1,0,23421.63819,1,High Risk
CUST_04784,20,Female,Employed,35264.98846,140,2460.532353,8,956.7376568,34,685.9696346,60,19,3,388,2,14305.38666,1,0,0,9514.256871,1,High Risk
CUST_04785,38,Male,Self-Employed,35519.41871,72,1582.255393,10,93.25006902,41,759.2040517,61,17,1,882,1,21046.0448,4,0,0,18690.67213,1,High Risk
CUST_04786,45,Other,Employed,54589.72518,202,2579.090025,3,1159.149841,23,864.4071674,67,15,1,683,0,9208.309941,1,0,0,14580.09208,0,Low Risk
CUST_04787,44,Male,Self-Employed,71483.76448,81,553.7694646,2,1698.429433,25,615.5648051,20,14,7,468,2,18485.12574,5,1,0,8695.116338,1,High Risk
CUST_04788,29,Female,Employed,56259.69167,239,2050.941284,1,68.76828415,30,280.2637517,30,4,1,734,4,9587.285309,5,0,0,5921.101551,1,High Risk
CUST_04789,34,Male,Self-Employed,65962.79082,95,1534.484259,2,699.4068466,22,868.1582362,42,9,9,618,3,19977.23584,2,0,0,8197.871048,0,Low Risk
CUST_04790,41,Female,Self-Employed,48745.36546,193,1466.835719,3,763.131657,1,740.3996254,20,9,6,318,5,11573.42351,4,0,0,11434.5984,1,High Risk
CUST_04791,67,Female,Unemployed,52560.05361,94,1242.704682,8,1106.33002,38,398.6514903,28,12,0,393,3,3082.350804,0,0,0,10517.77576,1,High Risk
CUST_04792,40,Female,Unemployed,79753.92204,24,611.5524932,5,1537.091486,32,251.3057614,54,17,0,669,2,7722.227487,0,0,0,4105.950841,0,Low Risk
CUST_04793,41,Other,Unemployed,64916.68978,228,2031.036506,9,934.0087429,23,549.0084687,57,9,9,352,4,12059.47535,7,0,0,9867.064454,1,High Risk
CUST_04794,55,Other,Self-Employed,66866.48117,22,1186.352943,4,1549.627138,11,826.6812758,23,15,2,728,2,10747.31557,4,0,0,4516.372864,1,High Risk
CUST_04795,53,Female,Employed,45244.31665,35,1669.170818,8,859.6513669,36,393.7141872,44,1,2,822,2,5906.342008,6,0,0,15107.36263,1,High Risk
CUST_04796,49,Male,Self-Employed,49905.18002,145,3045.93425,7,957.9983366,8,538.8119856,79,17,8,404,3,4072.232979,4,0,0,2929.576297,1,High Risk
CUST_04797,44,Male,Unemployed,57301.96023,137,1070.509643,5,914.8824482,43,649.2395345,8,3,1,821,5,16799.43363,1,0,0,2199.744403,0,Low Risk
CUST_04798,64,Other,Self-Employed,39084.76828,218,1261.832683,2,1227.104924,42,138.585113,65,18,3,641,2,0.0,6,0,0,9298.77118,1,High Risk
CUST_04799,47,Female,Unemployed,10000.0,92,1369.645989,6,652.1876297,43,345.8466699,1,4,2,319,5,15026.36692,1,0,0,5876.772543,1,High Risk
CUST_04800,20,Male,Unemployed,57136.40549,52,1184.563288,9,1086.400366,2,906.111153,36,16,6,554,3,5409.392676,2,0,0,9908.549406,1,High Risk
CUST_04801,68,Female,Employed,67304.59678,12,1209.378044,5,369.2211878,43,17.67119455,36,1,5,723,5,23370.35456,4,1,0,14368.53096,1,High Risk
CUST_04802,64,Male,Employed,50993.63157,81,2058.166492,11,700.4235634,22,801.1445408,68,14,8,546,4,0.0,7,0,0,16171.79469,1,High Risk
CUST_04803,23,Other,Unemployed,39273.66607,39,2558.691247,10,577.139732,23,798.1654551,45,5,7,445,4,0.0,0,0,0,1729.712521,1,High Risk
CUST_04804,26,Female,Unemployed,44047.46938,61,1603.903633,7,830.7865455,32,606.6672864,5,17,1,381,4,9443.890705,2,0,0,6762.500943,1,High Risk
CUST_04805,68,Female,Self-Employed,13491.08527,90,2091.890127,11,689.3720877,29,536.273117,47,13,2,813,5,18093.86729,0,1,0,11465.7638,1,High Risk
CUST_04806,28,Male,Unemployed,44001.93223,205,1361.774568,5,1196.246792,37,89.74353307,7,11,0,732,3,25053.31099,6,1,0,13039.82216,1,High Risk
CUST_04807,55,Male,Self-Employed,29928.47347,106,1341.612504,10,492.4661667,42,622.1221278,31,5,7,674,1,17924.91336,0,0,0,1193.394704,0,Low Risk
CUST_04808,38,Male,Unemployed,37406.4508,65,1180.101382,9,194.0394225,1,392.4370658,76,19,1,346,5,12869.96602,2,1,0,6006.532168,1,High Risk
CUST_04809,20,Female,Employed,29017.70107,23,888.2570624,3,324.9506631,39,802.9937675,66,19,3,799,1,6169.131757,7,0,0,16664.28774,1,High Risk
CUST_04810,29,Other,Employed,26942.40618,106,2489.10995,9,1147.958816,21,584.278763,72,17,1,806,1,7413.361089,0,0,0,6284.086157,0,Low Risk
CUST_04811,55,Other,Unemployed,31925.97635,232,1098.466322,11,460.6549298,10,112.8167489,67,2,1,890,1,8042.217147,4,0,0,12176.93099,1,High Risk
CUST_04812,28,Male,Self-Employed,61390.73545,81,1988.837498,6,939.2455454,11,308.2094764,27,5,2,423,4,9558.847589,6,0,0,14259.92241,1,High Risk
CUST_04813,64,Other,Self-Employed,40823.78488,209,830.3016743,6,696.8243739,18,110.3504258,39,3,9,644,1,10478.67025,5,0,0,13257.16857,1,High Risk
CUST_04814,65,Male,Self-Employed,30057.34593,39,1536.701184,10,1088.485419,19,166.865163,15,18,4,728,2,13195.37248,4,0,0,7684.842524,1,High Risk
CUST_04815,61,Other,Unemployed,63572.25329,47,1499.355713,7,719.2320032,8,715.7082816,56,16,7,893,3,8497.955111,7,0,0,13854.57696,1,High Risk
CUST_04816,51,Female,Unemployed,52321.49794,144,836.7356297,1,1767.521981,42,439.0243782,74,10,9,730,1,12965.74299,2,0,0,6942.901555,0,Low Risk
CUST_04817,51,Male,Employed,10000.0,45,1222.608607,10,1464.340956,17,319.0886774,54,13,1,331,4,14265.28248,0,0,0,500.0,1,High Risk
CUST_04818,25,Other,Employed,67921.23816,118,645.1406456,5,689.6764369,40,492.9949544,38,10,4,445,1,5417.814599,0,0,0,500.0,1,High Risk
CUST_04819,67,Female,Unemployed,51297.32106,87,1513.413022,2,641.7528938,46,404.4623274,75,18,3,392,3,4492.417686,1,0,0,6722.162254,1,High Risk
CUST_04820,57,Other,Employed,63866.73072,238,91.54529442,7,1896.314153,17,539.2010277,54,16,2,545,0,18583.22924,3,0,0,10103.2088,1,High Risk
CUST_04821,36,Female,Self-Employed,45945.99791,86,1453.788233,3,422.4021635,39,1031.666718,29,3,9,640,0,12743.85263,2,0,0,4412.996484,0,Low Risk
CUST_04822,29,Female,Self-Employed,78884.43134,163,2020.748003,3,780.7417582,35,495.4383254,41,11,5,603,5,11094.99612,5,0,1,10706.53524,1,High Risk
CUST_04823,69,Other,Unemployed,43126.00442,5,1489.631293,1,807.8571219,26,780.0543418,4,3,8,749,4,3448.638251,0,0,0,3479.641483,0,Low Risk
CUST_04824,46,Other,Self-Employed,10000.0,106,939.8358511,5,799.1817358,12,22.73582709,44,11,7,428,4,16616.14019,2,0,0,11617.26818,1,High Risk
CUST_04825,69,Female,Unemployed,33991.33521,89,980.5608777,5,191.4508978,46,405.6621312,63,16,1,833,4,11988.72493,1,0,0,14074.09959,0,Low Risk
CUST_04826,54,Female,Self-Employed,59038.50433,174,2466.522861,0,973.8108434,7,187.5840617,31,14,0,867,1,20974.14478,7,0,0,10154.13855,1,High Risk
CUST_04827,40,Female,Unemployed,52863.55747,113,1626.559778,11,460.377468,47,559.7388508,11,6,7,723,3,13155.17587,7,0,0,2547.553923,1,High Risk
CUST_04828,44,Male,Self-Employed,47794.74368,89,2175.665866,7,1302.596193,42,692.7239255,65,0,4,337,3,10445.84605,7,0,0,4382.005261,1,High Risk
CUST_04829,47,Female,Self-Employed,32245.05072,93,2254.152825,2,290.4122351,22,719.1307565,51,4,1,830,3,8298.626081,2,0,0,7309.960897,0,Low Risk
CUST_04830,66,Male,Employed,50331.54535,37,1143.415192,0,820.8130746,12,466.7276996,70,11,9,514,0,21476.31537,4,1,0,10082.18013,1,High Risk
CUST_04831,34,Female,Employed,49741.23896,155,698.7107809,9,24.35777357,6,803.4043615,31,6,0,555,3,17944.02204,0,1,0,8104.214347,1,High Risk
CUST_04832,23,Male,Employed,49556.31675,98,2016.862381,0,45.96570278,49,579.6353412,34,14,7,805,4,13326.53941,1,0,1,1965.777085,1,High Risk
CUST_04833,48,Female,Employed,59678.06213,88,814.2281177,0,506.2268146,39,642.9093876,5,4,7,731,1,17651.16054,4,0,0,13299.06111,1,High Risk
CUST_04834,28,Female,Employed,53271.84012,138,1027.654323,4,555.6264712,1,381.6176406,21,8,5,774,0,14019.20607,3,0,0,15320.25748,0,Low Risk
CUST_04835,46,Female,Employed,45458.67783,118,1582.91161,4,1313.004245,2,367.1667498,46,0,4,856,5,1132.105346,7,0,0,9954.77673,1,High Risk
CUST_04836,45,Other,Unemployed,31953.8327,192,1299.053532,0,785.7928573,41,423.9300492,12,5,4,514,1,17648.5484,3,0,0,8458.222432,1,High Risk
CUST_04837,38,Other,Unemployed,74479.91487,232,10.0,4,1252.342415,38,821.7233123,22,15,5,519,2,16202.06661,2,0,0,2536.075491,1,High Risk
CUST_04838,47,Female,Employed,85668.82525,148,512.319374,6,667.0746919,22,381.7463933,43,14,4,803,4,5438.995764,0,0,0,500.0,0,Low Risk
CUST_04839,36,Male,Unemployed,81395.77681,94,2306.990949,4,1012.129814,6,116.6522494,8,1,1,327,0,15523.49927,3,0,0,8590.728881,1,High Risk
CUST_04840,62,Male,Employed,62583.45596,158,1434.97993,8,546.0836391,3,449.0362008,58,12,6,615,4,6977.743729,1,0,0,9876.700805,0,Low Risk
CUST_04841,60,Female,Unemployed,19848.54559,205,2086.167177,3,522.2844258,7,351.21147,29,4,3,507,1,9439.527048,0,0,0,15132.17749,1,High Risk
CUST_04842,61,Other,Self-Employed,17647.9704,142,850.7115837,8,162.7024514,31,761.4754745,43,15,6,721,3,12908.54944,5,0,0,11535.34672,1,High Risk
CUST_04843,69,Male,Unemployed,40128.388,194,610.5567314,11,917.5138978,18,539.8384815,48,0,0,808,2,12599.1029,1,0,0,15327.60686,0,Low Risk
CUST_04844,39,Other,Unemployed,49014.47199,4,2077.645911,7,891.7291951,11,615.1459715,15,9,5,467,4,11508.91948,7,0,0,10666.63657,1,High Risk
CUST_04845,64,Male,Unemployed,48275.11255,189,2537.175798,0,1072.059511,9,771.1482444,73,15,1,466,2,2267.750902,7,0,0,13593.65336,1,High Risk
CUST_04846,59,Female,Self-Employed,53487.53299,167,801.8431742,3,875.2214005,13,577.9915775,52,12,2,887,1,12277.11976,7,0,0,3077.43566,1,High Risk
CUST_04847,58,Other,Employed,24935.96252,126,2314.21422,6,1509.168592,26,256.5855388,1,1,2,546,4,22035.48407,1,0,0,11187.3869,1,High Risk
CUST_04848,68,Male,Unemployed,78933.54825,6,718.8731669,0,861.6096728,43,597.1671771,66,3,9,706,3,13622.48213,1,0,1,7020.576471,1,High Risk
CUST_04849,42,Female,Unemployed,77094.29641,171,190.4334494,11,1147.13935,20,802.5004197,41,0,0,680,2,10926.4425,7,0,0,8982.953844,1,High Risk
CUST_04850,66,Female,Self-Employed,26395.62995,175,1968.677304,7,686.561821,19,500.2814238,63,10,4,603,0,16144.4877,6,0,0,11450.11646,1,High Risk
CUST_04851,51,Female,Employed,16492.21649,111,736.0452162,10,482.035488,3,520.0575913,7,8,7,519,5,12899.35557,5,0,0,6580.780623,1,High Risk
CUST_04852,66,Other,Unemployed,48384.58395,113,531.8356781,1,1051.19331,18,371.7710307,72,5,7,780,1,9470.971231,7,0,0,1950.563795,1,High Risk
CUST_04853,52,Other,Self-Employed,72717.62893,36,549.1820797,7,768.7982043,28,551.6737692,20,0,9,593,4,17488.0179,3,1,0,7529.014356,1,High Risk
CUST_04854,65,Female,Employed,49420.74983,89,1221.734032,10,1091.215066,6,615.7396469,59,7,6,553,0,13573.79617,2,0,0,3963.168297,1,High Risk
CUST_04855,24,Other,Employed,54679.19552,15,139.4977056,3,923.5277896,32,792.091561,33,7,6,432,3,14443.77005,3,0,0,12430.49456,1,High Risk
CUST_04856,62,Male,Unemployed,42085.19191,9,1975.356063,7,522.4453356,7,937.616365,3,3,7,743,3,10806.49781,3,0,0,12750.15886,0,Low Risk
CUST_04857,67,Female,Unemployed,52633.02279,34,1885.226832,0,1176.018257,10,628.3512223,61,3,7,464,2,11401.69275,6,0,0,10905.15573,1,High Risk
CUST_04858,53,Female,Unemployed,67000.58838,25,1884.528211,11,495.0835162,32,879.0243265,75,0,4,570,1,16788.66927,2,0,0,14368.10399,1,High Risk
CUST_04859,59,Other,Unemployed,57417.96569,179,2466.15573,4,1018.864192,24,586.0744977,1,7,6,855,5,8966.614861,4,0,0,9543.689475,1,High Risk
CUST_04860,30,Female,Self-Employed,60359.1571,202,2276.655686,8,1248.563889,32,654.9438035,49,17,1,431,4,25923.54952,1,0,0,8377.005726,1,High Risk
CUST_04861,69,Male,Self-Employed,20061.77937,49,773.8836562,6,665.3918066,35,1145.274339,75,19,3,458,0,8459.67536,5,0,0,11254.15132,1,High Risk
CUST_04862,22,Other,Unemployed,88489.0817,167,2039.304984,2,1204.598059,25,478.5157592,25,18,5,596,4,8347.725212,4,0,0,10121.57099,1,High Risk
CUST_04863,52,Other,Employed,20277.43082,228,2388.983132,3,939.1658919,35,221.6350014,36,10,9,806,0,18213.87157,1,0,1,4481.303039,1,High Risk
CUST_04864,30,Female,Unemployed,52815.59637,178,2151.336212,9,1098.180322,10,1054.285394,54,19,2,887,1,11860.5528,4,0,0,11810.23209,1,High Risk
CUST_04865,35,Female,Employed,47291.94057,31,2211.259513,6,507.1355081,29,670.1233712,17,9,1,685,3,15594.83336,1,0,0,500.0,0,Low Risk
CUST_04866,37,Female,Employed,48075.68318,167,1379.528884,5,875.0050812,32,210.9529929,23,5,0,819,3,21108.81986,7,0,0,14440.08742,1,High Risk
CUST_04867,49,Other,Employed,65656.86227,25,981.4697062,3,307.1715415,9,463.9196221,29,6,3,377,4,14441.60216,2,0,0,11755.07851,1,High Risk
CUST_04868,67,Female,Self-Employed,37259.40558,40,1312.34957,2,1398.95518,28,616.3384528,16,1,1,339,4,14010.47354,6,0,0,2328.570199,1,High Risk
CUST_04869,29,Male,Employed,42211.2627,223,941.183493,10,95.10058745,24,315.9342687,79,17,2,617,2,8690.691621,2,1,0,10967.93644,1,High Risk
CUST_04870,37,Female,Employed,29361.10647,129,2302.691968,1,675.8368631,31,193.2813486,41,17,9,869,0,6898.62863,5,0,0,11399.21666,1,High Risk
CUST_04871,57,Female,Self-Employed,70198.85931,46,1649.333179,9,473.901992,3,705.8991382,11,16,5,626,2,2774.825879,7,0,0,10744.72559,1,High Risk
CUST_04872,38,Other,Employed,54789.53758,7,2158.982705,11,1036.145145,38,39.78408744,26,12,9,715,0,7719.048632,2,0,0,9604.795876,0,Low Risk
CUST_04873,55,Female,Employed,61469.92564,182,340.9781424,8,1473.381081,33,370.9236563,54,14,2,898,1,9151.710217,0,0,0,2426.371891,0,Low Risk
CUST_04874,32,Other,Unemployed,64615.70935,42,1142.825109,2,1029.220285,21,364.7650735,3,10,2,473,4,7535.326739,5,0,0,13593.30173,1,High Risk
CUST_04875,65,Female,Employed,85845.42969,141,679.8063779,6,1836.449294,12,251.8537824,34,6,3,658,5,10474.12647,5,0,1,2238.77709,1,High Risk
CUST_04876,22,Male,Employed,82705.02485,80,199.4259179,0,317.7209382,35,412.833573,64,16,2,306,0,9152.153096,7,0,0,5760.940407,1,High Risk
CUST_04877,29,Male,Employed,55814.74923,108,1739.923567,7,344.5855536,5,450.46237,75,18,5,867,3,17059.81279,1,0,0,818.1462535,0,Low Risk
CUST_04878,57,Other,Employed,52843.32856,132,648.3901069,0,487.4100189,16,0.0,28,7,8,733,1,4139.430381,6,0,0,8928.065435,1,High Risk
CUST_04879,20,Other,Employed,40421.44634,165,1201.595592,11,842.4356434,25,569.223306,71,16,7,728,3,17939.46497,2,0,0,6415.80897,0,Low Risk
CUST_04880,46,Female,Self-Employed,63394.84002,175,722.8001252,1,440.5771687,23,705.8931953,71,15,1,879,1,16092.21894,4,0,0,2026.980977,1,High Risk
CUST_04881,65,Female,Employed,62728.03326,51,1174.024099,0,536.918036,8,867.2843958,75,13,2,599,0,6459.054205,0,0,0,17546.38057,0,Low Risk
CUST_04882,27,Male,Employed,36870.95598,125,1971.071597,3,1017.169233,1,487.2934709,35,17,7,607,3,4353.336214,5,0,0,1746.957887,1,High Risk
CUST_04883,65,Female,Self-Employed,62956.09313,37,734.6353528,1,366.2898409,19,0.0,33,8,2,690,5,15363.71802,0,0,0,7791.700402,0,Low Risk
CUST_04884,61,Male,Self-Employed,68150.38089,108,1137.029448,0,403.3813955,26,709.2718884,35,17,4,577,5,15351.5564,5,0,0,7486.460845,1,High Risk
CUST_04885,36,Other,Employed,29810.36079,222,1922.719213,0,660.5114365,5,518.0845561,54,19,8,456,0,7245.576272,2,0,0,4289.581326,1,High Risk
CUST_04886,28,Female,Employed,53418.45148,74,2045.304661,1,693.4449252,49,688.306417,3,15,1,673,2,4051.773297,3,0,0,8134.827317,0,Low Risk
CUST_04887,25,Other,Employed,48816.879,162,1184.822945,5,1153.505501,26,527.3172127,10,16,8,467,1,9590.376254,2,0,0,8271.605423,1,High Risk
CUST_04888,62,Female,Unemployed,49903.04288,198,1736.240281,1,484.7760882,23,638.354123,58,16,9,735,4,0.0,5,0,0,7009.489793,1,High Risk
CUST_04889,44,Male,Unemployed,32852.24187,111,2153.921498,11,547.9020056,14,273.3571448,2,15,4,669,3,15276.4196,6,0,1,964.3976345,1,High Risk
CUST_04890,58,Other,Employed,17121.99634,127,654.5820258,11,1003.584541,47,212.1092276,73,18,8,468,5,8203.523262,6,1,0,5418.07354,1,High Risk
CUST_04891,68,Other,Self-Employed,36402.5066,73,929.0452303,10,1080.488013,32,467.9635604,11,10,3,884,0,13189.54761,3,0,0,10521.44709,0,Low Risk
CUST_04892,47,Female,Employed,33881.75035,41,1200.921764,1,1300.053563,41,490.886102,72,5,7,811,3,22754.37204,2,0,0,5546.583945,0,Low Risk
CUST_04893,52,Other,Self-Employed,56358.01522,178,1857.461832,7,964.1921242,9,298.9687355,20,18,7,678,0,9642.179806,1,0,0,5720.925051,0,Low Risk
CUST_04894,56,Male,Self-Employed,56651.23609,93,1649.489032,4,845.627421,20,302.9009792,21,6,2,376,2,16066.0771,4,0,0,6375.229753,1,High Risk
CUST_04895,28,Other,Self-Employed,55626.66014,39,1551.688862,7,1001.263442,5,293.7867538,17,8,4,868,4,10461.3953,7,0,0,8370.599009,1,High Risk
CUST_04896,37,Other,Employed,24858.84788,190,677.5819771,11,706.4055179,29,791.3474087,5,11,9,398,3,9344.820834,5,0,0,13459.33802,1,High Risk
CUST_04897,40,Female,Employed,29847.94926,83,2196.717531,11,703.831342,22,260.12854,78,1,0,462,3,21163.87524,5,0,0,9470.187095,1,High Risk
CUST_04898,21,Other,Self-Employed,38899.89167,204,1100.85796,7,179.0613907,35,628.2452034,64,3,5,574,0,8669.912295,6,0,0,10968.0555,1,High Risk
CUST_04899,62,Female,Unemployed,50416.57423,134,1286.760196,11,1112.695585,45,301.9869826,54,2,8,696,0,15285.84901,3,0,0,13028.59666,0,Low Risk
CUST_04900,57,Female,Unemployed,43968.06418,25,1656.245392,1,874.0106308,48,613.979714,39,11,0,643,3,13892.62538,3,0,1,10756.9577,1,High Risk
CUST_04901,59,Other,Unemployed,55591.50379,144,3078.392947,6,1071.963743,2,841.0580415,51,2,1,325,5,14512.97165,6,0,0,5555.924045,1,High Risk
CUST_04902,55,Male,Self-Employed,67558.4657,7,987.1066009,8,20.0,25,777.6817587,43,8,6,355,2,15757.94988,0,0,0,6953.249902,1,High Risk
CUST_04903,69,Female,Employed,32012.71146,196,947.1861775,11,783.5144022,33,426.4287958,61,11,5,842,3,15101.10642,3,0,0,7845.014689,0,Low Risk
CUST_04904,62,Other,Self-Employed,32697.13102,112,1200.349252,7,500.4414728,29,568.023991,73,7,9,329,1,8615.442565,1,0,0,14747.65898,1,High Risk
CUST_04905,56,Female,Unemployed,52436.47975,154,2428.761682,8,1325.476877,17,389.3832943,28,18,2,835,5,9410.777755,4,0,0,1641.904059,1,High Risk
CUST_04906,34,Male,Employed,48523.44855,20,1619.398047,7,1014.97592,16,735.2655602,18,4,1,457,1,13650.35931,3,1,0,7576.864448,1,High Risk
CUST_04907,47,Male,Self-Employed,63380.54411,29,1800.712937,3,881.9823938,44,481.0586865,27,4,6,420,3,871.1708476,0,0,0,7806.617694,1,High Risk
CUST_04908,37,Female,Self-Employed,50136.37988,26,2145.486798,9,648.8234607,41,840.4552511,18,7,9,453,2,14197.58303,5,0,0,3603.03926,1,High Risk
CUST_04909,53,Male,Unemployed,81329.38214,31,2401.977139,6,939.0229085,20,260.8869762,30,2,9,381,5,8541.189519,4,0,1,6475.158197,1,High Risk
CUST_04910,41,Other,Self-Employed,21418.25416,141,964.1801795,8,475.1350297,23,300.3516847,53,18,4,660,0,18265.89231,7,0,0,5247.975151,1,High Risk
CUST_04911,30,Other,Employed,65123.90348,148,1918.234507,8,765.0961283,3,659.1306564,61,8,5,609,5,233.8396128,3,0,1,12895.50946,1,High Risk
CUST_04912,32,Female,Unemployed,53587.87153,125,2422.138546,3,597.5728146,48,609.012132,13,13,8,631,0,14785.79575,1,0,0,7449.443399,0,Low Risk
CUST_04913,23,Male,Unemployed,24745.98079,130,1664.692347,6,1593.271379,47,956.3803428,49,19,6,576,3,13623.64735,1,0,0,3449.845781,1,High Risk
CUST_04914,41,Other,Employed,12776.73283,114,844.8670194,5,1314.481715,24,435.8223437,58,1,3,706,4,12929.13797,4,0,0,500.0,1,High Risk
CUST_04915,26,Other,Unemployed,29749.6568,119,688.2054462,11,1172.066619,23,361.6163459,69,14,8,425,0,19919.07895,0,0,0,6337.788965,1,High Risk
CUST_04916,62,Other,Self-Employed,71763.57881,134,1861.423272,11,278.3911422,45,356.4044551,57,3,2,583,1,12091.68548,1,1,0,13061.40183,1,High Risk
CUST_04917,43,Female,Self-Employed,69714.16801,35,577.6333382,2,1102.454989,26,428.423882,8,1,3,892,1,13514.27882,7,0,0,4742.879536,1,High Risk
CUST_04918,23,Female,Unemployed,47684.25527,208,849.5381296,9,865.6833363,30,590.5305784,56,8,9,742,4,4685.054743,2,1,0,2541.218963,1,High Risk
CUST_04919,47,Other,Employed,43479.0863,238,1108.123197,5,1228.211049,46,88.18582611,40,3,2,480,4,12770.4986,2,1,0,10653.88723,1,High Risk
CUST_04920,34,Other,Self-Employed,34590.25406,44,1724.345688,7,912.8382833,34,191.723469,26,4,9,461,1,10462.40513,7,0,0,7460.822866,1,High Risk
CUST_04921,20,Male,Employed,46626.99225,162,1966.816585,1,797.6488169,19,556.5526135,57,10,2,775,3,10369.673,3,0,0,9237.484333,0,Low Risk
CUST_04922,22,Male,Self-Employed,41465.08966,181,931.9863735,11,881.8245037,15,592.8170514,67,3,0,660,3,2412.586775,1,0,0,19079.02914,0,Low Risk
CUST_04923,33,Male,Self-Employed,80778.95692,127,462.6331439,2,168.0283479,30,419.2070108,57,3,4,823,3,22377.80488,2,0,0,13209.1211,0,Low Risk
CUST_04924,57,Female,Unemployed,27741.9992,6,2153.010241,7,531.4088547,6,613.8356301,23,14,3,429,1,6267.121537,3,0,0,4888.795324,1,High Risk
CUST_04925,69,Other,Unemployed,57063.87867,22,2040.494994,3,930.6674385,17,119.9156494,79,4,8,580,4,10243.4559,3,0,0,3732.991975,0,Low Risk
CUST_04926,20,Female,Employed,81627.28415,215,1875.511866,3,1198.785925,7,313.8921892,61,2,3,751,2,3083.024498,3,0,0,500.0,0,Low Risk
CUST_04927,57,Other,Unemployed,63942.49068,197,1800.220471,1,607.3274093,26,308.4003139,66,15,2,433,1,3309.609376,0,0,0,7398.67563,1,High Risk
CUST_04928,57,Male,Self-Employed,29763.01934,219,1182.175439,10,785.717592,13,280.5728315,2,0,5,850,1,3414.378636,3,0,0,12047.11156,0,Low Risk
CUST_04929,40,Male,Self-Employed,22238.05644,70,1357.911903,9,239.6526444,17,707.9222161,50,0,9,772,0,21295.31047,0,0,0,1047.772316,0,Low Risk
CUST_04930,67,Male,Employed,54939.22169,192,1560.67632,11,1310.758785,0,737.6811718,66,0,4,304,3,2360.314501,2,0,0,11704.18476,1,High Risk
CUST_04931,48,Male,Employed,52709.4177,60,825.6651877,0,1189.809606,30,0.0,79,2,3,865,0,8557.114119,7,0,0,10876.82949,1,High Risk
CUST_04932,24,Other,Self-Employed,72183.36375,177,1806.762544,6,1028.235916,19,5.798021843,56,8,0,381,5,9597.98421,3,0,0,9609.196507,1,High Risk
CUST_04933,68,Male,Unemployed,59872.06128,205,1595.370113,3,942.3821657,5,531.8339003,19,12,2,520,5,7574.091997,2,0,0,5431.503711,1,High Risk
CUST_04934,29,Other,Unemployed,41272.88136,82,1391.691688,5,1343.392173,44,350.8088447,44,12,3,368,1,6782.943671,1,0,0,8565.530625,1,High Risk
CUST_04935,47,Other,Employed,40051.13489,189,2230.006366,7,518.246153,0,466.3399799,5,12,9,817,5,9422.821062,7,1,0,11056.69428,1,High Risk
CUST_04936,40,Female,Employed,26489.16139,230,1419.162623,10,480.3934553,18,580.4456627,32,7,7,827,1,4571.912942,7,0,0,10284.66869,1,High Risk
CUST_04937,69,Male,Self-Employed,52328.55809,136,2027.701255,6,1171.531925,38,943.890675,42,7,8,871,1,17589.47759,0,1,0,8525.252094,1,High Risk
CUST_04938,26,Male,Self-Employed,24719.93149,97,549.0528386,6,1148.009684,26,481.4634348,49,18,7,441,2,21342.22682,6,1,0,8748.29612,1,High Risk
CUST_04939,22,Female,Employed,66379.82626,170,2172.167825,5,382.2765449,15,714.2781959,26,4,8,803,0,19500.99179,7,0,0,12793.62927,1,High Risk
CUST_04940,64,Other,Self-Employed,60604.7938,207,1983.341986,10,614.0240414,13,391.5606278,29,9,9,656,4,449.2386535,6,0,0,5021.629429,1,High Risk
CUST_04941,66,Male,Employed,60034.20801,153,3229.454353,3,1391.182596,33,614.2602419,17,18,0,505,3,36.58938822,2,0,0,10481.3412,1,High Risk
CUST_04942,39,Other,Employed,26207.11199,182,2780.722954,3,944.0835649,6,676.9876561,29,2,0,339,3,2580.250245,3,0,0,15308.39501,1,High Risk
CUST_04943,38,Female,Unemployed,47300.65878,6,2249.083322,8,1075.506531,19,371.0506081,14,6,2,820,2,15230.41072,2,0,0,5052.131255,0,Low Risk
CUST_04944,54,Other,Employed,42992.49883,167,1068.981389,10,394.3337101,30,330.666044,75,5,3,799,0,8869.92198,3,0,0,6245.14223,0,Low Risk
CUST_04945,23,Male,Self-Employed,51850.51492,172,791.79417,4,1029.825584,21,380.6025001,61,6,1,501,3,26382.22811,4,0,0,500.0,1,High Risk
CUST_04946,24,Other,Unemployed,59513.23185,231,919.9964194,8,303.160459,19,717.3960998,20,6,9,347,1,12147.09966,5,0,0,7762.981627,1,High Risk
CUST_04947,20,Other,Unemployed,40755.25309,46,1907.586635,10,107.062522,14,681.5739817,11,19,6,748,0,18408.81923,0,0,0,12333.52246,0,Low Risk
CUST_04948,23,Male,Self-Employed,41432.29656,227,2535.389918,11,1054.388386,24,0.0,48,7,8,809,5,18513.13201,1,0,0,10634.31763,0,Low Risk
CUST_04949,31,Male,Self-Employed,62238.70106,127,531.2742793,8,1302.055809,45,394.6580124,0,1,5,565,3,6006.226341,2,0,0,3472.625199,1,High Risk
CUST_04950,46,Other,Self-Employed,29669.00067,44,825.2677603,3,711.1748735,0,607.622489,74,14,3,544,0,6961.615311,6,0,0,4988.554153,1,High Risk
CUST_04951,61,Other,Employed,36560.09414,31,1526.726256,1,608.7072614,16,889.2684898,54,9,5,561,2,21266.76464,5,0,0,4821.456131,1,High Risk
CUST_04952,42,Female,Unemployed,50105.06298,231,591.5678614,1,1398.79703,15,475.0139597,24,14,0,617,4,1738.563457,2,0,0,12289.07469,0,Low Risk
CUST_04953,44,Male,Employed,66194.96671,149,1161.750292,8,731.8258208,36,593.631081,46,1,5,842,4,11039.33155,4,0,0,500.0,1,High Risk
CUST_04954,40,Other,Employed,32562.05471,214,2495.810017,8,776.9809468,20,525.5313521,72,2,3,650,0,16182.99817,3,0,0,3489.273795,0,Low Risk
CUST_04955,43,Male,Employed,82214.58181,162,2077.16637,2,1392.885029,26,369.3123385,38,18,2,333,2,14859.81157,1,0,0,8495.471832,1,High Risk
CUST_04956,44,Female,Employed,25688.0703,46,2163.625517,4,676.2453154,34,163.8652288,26,4,5,787,3,9619.254215,3,0,0,7917.614313,0,Low Risk
CUST_04957,64,Other,Unemployed,77905.01883,57,712.4019888,4,571.0903367,23,186.9312089,49,18,8,648,1,9367.284052,3,0,0,500.0,0,Low Risk
CUST_04958,65,Other,Unemployed,71592.62268,82,103.2667544,1,1085.427878,1,696.8064281,54,6,7,745,0,4445.162608,2,0,0,13894.5931,0,Low Risk
CUST_04959,51,Other,Employed,24258.17134,135,1156.779558,1,550.850346,45,530.1051033,27,13,7,769,0,6480.815624,2,0,0,3730.642264,0,Low Risk
CUST_04960,51,Male,Self-Employed,20620.33993,115,10.0,9,749.3894617,24,315.6621201,56,11,8,593,3,21784.12053,2,0,1,3500.328424,1,High Risk
CUST_04961,24,Female,Unemployed,62957.55504,176,1862.076901,11,338.2944894,18,143.222154,78,9,5,510,1,13221.62792,7,0,0,4950.879437,1,High Risk
CUST_04962,55,Male,Employed,43206.77867,206,2097.896858,0,864.8889809,44,693.3496239,15,9,7,434,1,8313.563805,5,0,0,6833.077223,1,High Risk
CUST_04963,65,Other,Self-Employed,31874.95311,175,871.4710455,1,823.8341205,12,251.2869797,55,3,6,875,3,15708.22708,0,0,0,12080.55109,0,Low Risk
CUST_04964,61,Female,Self-Employed,82610.62176,23,1965.678724,10,1138.807096,28,669.0180063,34,17,0,678,0,9244.998858,0,0,0,12454.08918,0,Low Risk
CUST_04965,68,Other,Employed,28509.75608,80,1961.355374,6,1100.039788,31,467.2667364,27,5,5,632,3,5442.884624,2,0,0,13375.73089,0,Low Risk
CUST_04966,61,Other,Unemployed,36915.10524,231,603.0641474,0,993.031303,5,489.3597305,45,19,3,687,4,8502.154068,3,0,0,1087.04331,0,Low Risk
CUST_04967,58,Male,Self-Employed,39048.83036,152,1180.122685,0,937.9894925,8,937.6258557,66,3,2,576,3,3510.068586,1,0,1,7663.296683,1,High Risk
CUST_04968,35,Other,Unemployed,10000.0,32,1125.712181,8,774.3610602,0,0.0,15,4,2,889,2,21568.61854,1,0,0,5780.884791,0,Low Risk
CUST_04969,52,Female,Unemployed,51644.61966,25,2246.24979,1,1013.344589,23,280.3711172,78,13,9,797,0,15764.45678,3,0,0,9502.934578,0,Low Risk
CUST_04970,68,Other,Self-Employed,33591.946,7,2085.892245,10,410.6837392,9,899.7477888,73,8,7,690,5,15719.55714,7,1,0,12070.62816,1,High Risk
CUST_04971,40,Other,Employed,64589.65007,65,1957.83638,3,20.0,34,733.7058474,48,14,0,376,5,8764.557414,5,0,0,5428.753258,1,High Risk
CUST_04972,28,Male,Self-Employed,66942.72901,223,1051.022539,10,1206.671185,5,439.6891097,67,0,6,718,2,11642.40195,6,0,0,8621.081786,1,High Risk
CUST_04973,25,Female,Self-Employed,54170.978,61,2592.568209,2,1035.956162,47,966.7610124,21,12,9,680,0,9019.723057,7,0,0,6181.089338,1,High Risk
CUST_04974,64,Male,Unemployed,54374.83933,224,1644.965738,10,755.554748,19,750.9369842,17,1,3,676,0,3516.061196,4,0,0,2037.528044,1,High Risk
CUST_04975,54,Other,Employed,52944.60406,84,1896.456418,3,1176.095513,37,369.2739719,21,14,0,438,4,17408.81027,3,1,0,1938.756326,1,High Risk
CUST_04976,58,Male,Unemployed,37392.72468,54,2884.501632,10,543.9759041,11,231.7228778,15,14,1,542,3,16767.21953,1,0,0,13866.2085,1,High Risk
CUST_04977,41,Male,Self-Employed,38933.09689,67,2029.894043,10,553.0776138,2,849.8141443,55,15,6,793,5,14385.75547,4,0,0,17012.20118,1,High Risk
CUST_04978,60,Male,Employed,73818.08506,41,1404.181745,6,504.5517967,17,296.6600987,2,2,9,658,3,12162.60791,5,0,0,3841.724116,1,High Risk
CUST_04979,24,Male,Employed,63234.346,211,1101.557824,9,998.6676913,20,562.4453682,52,12,0,550,5,6683.913852,5,0,0,10398.1527,1,High Risk
CUST_04980,61,Other,Employed,53709.56572,5,112.8929859,1,245.964673,34,874.2045179,34,19,5,577,5,13999.20341,4,0,0,7374.150552,1,High Risk
CUST_04981,42,Other,Employed,60801.17587,172,246.8818509,1,531.5634376,36,545.126641,79,0,3,470,5,6159.483355,7,0,0,1280.431195,1,High Risk
CUST_04982,36,Female,Employed,48900.49648,73,2184.63529,8,901.4002581,18,502.5733561,20,13,2,478,4,6981.597244,1,0,0,11720.25382,1,High Risk
CUST_04983,31,Male,Self-Employed,53329.04185,157,10.0,5,378.5471234,24,82.46338879,64,2,6,795,4,6204.062639,4,0,0,7894.154358,1,High Risk
CUST_04984,42,Male,Self-Employed,60701.3044,158,2309.033684,10,568.891358,17,749.3141114,56,16,8,677,1,8078.062109,5,0,0,500.0,1,High Risk
CUST_04985,35,Female,Self-Employed,12662.94523,238,2142.714848,6,25.95134801,39,45.79429042,46,16,4,793,2,7493.711944,0,0,0,10223.28039,0,Low Risk
CUST_04986,22,Male,Unemployed,66310.50053,184,808.0150481,4,1012.032327,29,838.1686956,33,8,5,675,0,16375.22047,2,0,0,15120.43819,0,Low Risk
CUST_04987,49,Female,Employed,65018.12398,225,1645.262471,4,559.2576823,41,79.1438475,47,19,6,577,1,5921.79014,5,0,0,1844.979292,1,High Risk
CUST_04988,41,Other,Employed,35947.61101,17,1960.955999,3,415.2515625,41,292.8501019,38,19,9,634,3,11921.88525,5,0,0,2640.633268,1,High Risk
CUST_04989,28,Female,Self-Employed,72393.84529,183,1573.569154,7,346.7420459,33,792.0891907,29,3,5,317,1,15644.90385,4,0,0,9350.92796,1,High Risk
CUST_04990,48,Male,Employed,10088.33388,74,2484.978818,6,653.6252707,9,861.8337992,49,10,5,599,3,19280.50303,4,0,0,12966.1187,1,High Risk
CUST_04991,66,Female,Unemployed,56353.15553,72,386.3232947,9,246.9455446,21,523.635192,15,14,2,408,4,14297.57792,0,0,0,5419.18878,1,High Risk
CUST_04992,56,Other,Employed,50718.79484,222,1903.332729,1,1479.832887,49,409.6803421,2,12,2,331,0,577.689479,0,0,0,9681.30522,1,High Risk
CUST_04993,42,Male,Employed,44429.52066,6,1012.867954,1,20.0,3,538.305799,60,19,4,741,0,10621.43136,7,0,0,9984.697282,1,High Risk
CUST_04994,32,Other,Unemployed,50348.61189,96,109.5019231,5,642.2832976,2,9.019082288,1,11,6,355,0,16285.23701,7,0,0,14656.95974,1,High Risk
CUST_04995,51,Other,Self-Employed,60489.15005,237,571.8187802,11,837.4174253,48,772.9867825,25,14,5,373,5,6099.144884,3,0,0,3105.12991,1,High Risk
CUST_04996,65,Female,Self-Employed,17499.77143,147,1080.411652,10,528.6173486,48,344.9101934,17,5,1,820,5,19972.40764,6,1,0,9965.287279,1,High Risk
CUST_04997,66,Other,Employed,68017.36263,36,1518.60368,0,874.2461081,27,436.4636792,65,17,2,746,4,19839.56442,1,0,0,14663.24566,0,Low Risk
CUST_04998,67,Male,Unemployed,42615.07678,126,779.1309372,6,520.1394488,21,521.261706,39,16,4,791,3,15017.89614,7,0,0,10562.04226,1,High Risk
CUST_04999,42,Other,Self-Employed,68278.15127,136,1095.123218,7,1335.533062,11,569.3697788,2,16,6,431,4,17730.57645,3,0,0,16552.935,1,High Risk
